crop_name,location,price,quantity_kg,month,week,year,date,season,demand,is_peak_season
Lady Finger,Thanjavur,41.58,550.3,1,52,2022,2022-01-01,Rabi,Medium,0
Banana,Chennai,39.05,905.8,1,52,2022,2022-01-01,Rabi,Medium,0
Banana,Madurai,42.57,541.9,1,52,2022,2022-01-02,Rabi,Medium,0
Cotton,Thanjavur,52.72,670.4,1,52,2022,2022-01-02,Rabi,Medium,0
Chilli,Erode,135.75,586.7,1,52,2022,2022-01-02,Rabi,Medium,1
Banana,Coimbatore,42.1,253.9,1,1,2022,2022-01-03,Rabi,Medium,0
Brinjal,Chennai,23.1,608.2,1,1,2022,2022-01-03,Rabi,High,0
Groundnut,Dindigul,70.21,371.5,1,1,2022,2022-01-04,Rabi,Medium,0
Sugarcane,Tirunelveli,3.84,328.2,1,1,2022,2022-01-04,Rabi,Medium,0
Potato,Erode,31.89,439.3,1,1,2022,2022-01-04,Rabi,Medium,1
Banana,Salem,39.57,825.6,1,1,2022,2022-01-05,Rabi,Medium,0
Potato,Tirunelveli,35.31,479.5,1,1,2022,2022-01-05,Rabi,Low,1
Cotton,Coimbatore,55.04,493.4,1,1,2022,2022-01-05,Rabi,Medium,0
Sugarcane,Thanjavur,3.33,379.7,1,1,2022,2022-01-06,Rabi,High,0
Groundnut,Salem,66.35,490.8,1,1,2022,2022-01-07,Rabi,Medium,0
Carrot,Trichy,62.88,531.9,1,1,2022,2022-01-07,Rabi,Medium,1
Groundnut,Trichy,64.23,728.2,1,1,2022,2022-01-07,Rabi,Medium,0
Brinjal,Madurai,27.78,387.0,1,1,2022,2022-01-07,Rabi,Medium,0
Lady Finger,Salem,35.88,762.2,1,1,2022,2022-01-07,Rabi,High,0
Tomato,Vellore,29.62,428.9,1,1,2022,2022-01-08,Rabi,High,0
Potato,Salem,32.55,220.4,1,1,2022,2022-01-09,Rabi,Low,1
Potato,Thanjavur,32.82,376.5,1,1,2022,2022-01-09,Rabi,Low,1
Coconut,Salem,27.88,770.5,1,1,2022,2022-01-09,Rabi,Medium,0
Potato,Erode,36.06,307.2,1,1,2022,2022-01-09,Rabi,Low,1
Cotton,Dindigul,55.99,634.4,1,2,2022,2022-01-10,Rabi,Medium,0
Groundnut,Madurai,67.07,603.8,1,2,2022,2022-01-10,Rabi,Medium,0
Tomato,Dindigul,36.33,10.0,1,2,2022,2022-01-10,Rabi,Medium,0
Brinjal,Tirunelveli,26.36,571.0,1,2,2022,2022-01-10,Rabi,Medium,0
Onion,Chennai,42.32,430.5,1,2,2022,2022-01-11,Rabi,Low,1
Tomato,Madurai,36.73,439.7,1,2,2022,2022-01-11,Rabi,Medium,0
Potato,Dindigul,35.79,511.1,1,2,2022,2022-01-11,Rabi,Low,1
Sugarcane,Chennai,3.07,950.5,1,2,2022,2022-01-11,Rabi,High,0
Coconut,Madurai,27.94,443.6,1,2,2022,2022-01-11,Rabi,Medium,0
Cabbage,Trichy,22.85,362.7,1,2,2022,2022-01-12,Rabi,Medium,1
Lady Finger,Chennai,39.05,372.7,1,2,2022,2022-01-12,Rabi,Medium,0
Tomato,Vellore,30.64,539.9,1,2,2022,2022-01-13,Rabi,High,0
Onion,Thanjavur,43.79,457.0,1,2,2022,2022-01-13,Rabi,Low,1
Sugarcane,Trichy,3.58,663.6,1,2,2022,2022-01-14,Rabi,Medium,0
Coconut,Trichy,26.99,898.3,1,2,2022,2022-01-14,Rabi,Medium,0
Cauliflower,Salem,48.55,482.4,1,2,2022,2022-01-14,Rabi,Low,1
Potato,Trichy,29.83,487.6,1,2,2022,2022-01-14,Rabi,Medium,1
Carrot,Salem,65.17,541.6,1,2,2022,2022-01-15,Rabi,Low,1
Carrot,Salem,68.65,342.7,1,2,2022,2022-01-15,Rabi,Low,1
Tomato,Trichy,30.18,706.0,1,2,2022,2022-01-15,Rabi,High,0
Onion,Erode,40.67,516.8,1,2,2022,2022-01-15,Rabi,Low,1
Chilli,Coimbatore,151.51,407.9,1,2,2022,2022-01-16,Rabi,Low,1
Carrot,Coimbatore,54.99,430.4,1,2,2022,2022-01-16,Rabi,Medium,1
Groundnut,Dindigul,68.1,440.3,1,2,2022,2022-01-16,Rabi,Medium,0
Cauliflower,Tirunelveli,45.24,344.8,1,2,2022,2022-01-16,Rabi,Low,1
Sugarcane,Thanjavur,3.53,292.7,1,3,2022,2022-01-17,Rabi,Medium,0
Lady Finger,Dindigul,40.25,572.0,1,3,2022,2022-01-18,Rabi,Medium,0
Potato,Dindigul,31.91,544.4,1,3,2022,2022-01-18,Rabi,Medium,1
Cotton,Salem,52.01,638.3,1,3,2022,2022-01-19,Rabi,Medium,0
Sugarcane,Madurai,4.03,498.5,1,3,2022,2022-01-19,Rabi,Medium,0
Groundnut,Vellore,72.79,653.5,1,3,2022,2022-01-19,Rabi,Medium,0
Tomato,Vellore,38.05,590.1,1,3,2022,2022-01-20,Rabi,Medium,0
Cabbage,Chennai,26.71,478.9,1,3,2022,2022-01-20,Rabi,Low,1
Chilli,Coimbatore,165.94,673.2,1,3,2022,2022-01-20,Rabi,Low,1
Coconut,Coimbatore,25.49,649.8,1,3,2022,2022-01-20,Rabi,High,0
Brinjal,Chennai,26.88,608.0,1,3,2022,2022-01-20,Rabi,Medium,0
Coconut,Erode,25.4,722.5,1,3,2022,2022-01-20,Rabi,High,0
Potato,Trichy,32.52,372.6,1,3,2022,2022-01-21,Rabi,Low,1
Carrot,Tirunelveli,70.91,503.9,1,3,2022,2022-01-21,Rabi,Low,1
Brinjal,Erode,24.75,858.5,1,3,2022,2022-01-22,Rabi,High,0
Groundnut,Chennai,66.25,548.8,1,3,2022,2022-01-22,Rabi,Medium,0
Rice,Chennai,30.5,410.2,1,3,2022,2022-01-22,Rabi,Medium,0
Cauliflower,Erode,37.18,666.4,1,3,2022,2022-01-22,Rabi,Medium,1
Rice,Dindigul,28.18,630.3,1,3,2022,2022-01-23,Rabi,High,0
Coconut,Vellore,24.91,865.1,1,3,2022,2022-01-23,Rabi,High,0
Sugarcane,Dindigul,3.25,412.9,1,4,2022,2022-01-24,Rabi,High,0
Potato,Madurai,32.64,733.1,1,4,2022,2022-01-24,Rabi,Low,1
Groundnut,Vellore,68.45,588.3,1,4,2022,2022-01-25,Rabi,Medium,0
Groundnut,Vellore,68.88,779.4,1,4,2022,2022-01-25,Rabi,Medium,0
Chilli,Chennai,140.22,449.9,1,4,2022,2022-01-25,Rabi,Low,1
Tomato,Coimbatore,32.29,470.1,1,4,2022,2022-01-25,Rabi,High,0
Cabbage,Tirunelveli,25.34,413.2,1,4,2022,2022-01-25,Rabi,Low,1
Coconut,Vellore,26.55,774.7,1,4,2022,2022-01-26,Rabi,Medium,0
Coconut,Vellore,25.83,247.3,1,4,2022,2022-01-26,Rabi,Medium,0
Banana,Dindigul,39.9,465.8,1,4,2022,2022-01-26,Rabi,Medium,0
Cabbage,Madurai,25.63,476.1,1,4,2022,2022-01-26,Rabi,Low,1
Rice,Chennai,33.15,1049.3,1,4,2022,2022-01-27,Rabi,Medium,0
Cauliflower,Tirunelveli,44.78,395.6,1,4,2022,2022-01-27,Rabi,Low,1
Cabbage,Madurai,26.09,201.2,1,4,2022,2022-01-27,Rabi,Low,1
Carrot,Coimbatore,71.78,444.1,1,4,2022,2022-01-27,Rabi,Low,1
Tomato,Salem,35.84,818.0,1,4,2022,2022-01-27,Rabi,Medium,0
Potato,Dindigul,34.05,342.0,1,4,2022,2022-01-28,Rabi,Low,1
Groundnut,Coimbatore,71.66,337.9,1,4,2022,2022-01-28,Rabi,Medium,0
Tomato,Coimbatore,35.93,768.5,1,4,2022,2022-01-28,Rabi,Medium,0
Sugarcane,Vellore,3.84,427.0,1,4,2022,2022-01-29,Rabi,Medium,0
Onion,Tirunelveli,39.0,287.4,1,4,2022,2022-01-29,Rabi,Medium,1
Banana,Madurai,35.99,835.9,1,4,2022,2022-01-29,Rabi,High,0
Carrot,Coimbatore,69.82,487.9,1,4,2022,2022-01-29,Rabi,Low,1
Banana,Trichy,39.78,590.0,1,4,2022,2022-01-30,Rabi,Medium,0
Cabbage,Vellore,22.74,487.9,1,4,2022,2022-01-30,Rabi,Medium,1
Coconut,Dindigul,24.75,493.2,1,4,2022,2022-01-30,Rabi,High,0
Rice,Madurai,31.03,446.1,1,4,2022,2022-01-30,Rabi,Medium,0
Tomato,Thanjavur,32.78,698.3,1,5,2022,2022-01-31,Rabi,High,0
Onion,Madurai,42.71,362.3,1,5,2022,2022-01-31,Rabi,Low,1
Chilli,Madurai,135.76,394.1,1,5,2022,2022-01-31,Rabi,Medium,1
Lady Finger,Erode,42.48,899.6,2,5,2022,2022-02-01,Rabi,Medium,0
Cotton,Trichy,54.2,212.2,2,5,2022,2022-02-01,Rabi,Medium,0
Rice,Coimbatore,29.83,443.5,2,5,2022,2022-02-02,Rabi,Medium,0
Cauliflower,Vellore,34.42,663.2,2,5,2022,2022-02-02,Rabi,Medium,0
Carrot,Vellore,50.16,570.9,2,5,2022,2022-02-02,Rabi,Medium,0
Coconut,Erode,26.74,448.7,2,5,2022,2022-02-02,Rabi,Medium,0
Carrot,Thanjavur,46.49,729.9,2,5,2022,2022-02-03,Rabi,High,0
Chilli,Vellore,133.62,491.3,2,5,2022,2022-02-03,Rabi,Medium,1
Potato,Coimbatore,25.58,578.7,2,5,2022,2022-02-03,Rabi,Medium,0
Onion,Thanjavur,42.86,392.1,2,5,2022,2022-02-03,Rabi,Low,1
Banana,Dindigul,40.16,375.6,2,5,2022,2022-02-03,Rabi,Medium,0
Onion,Erode,48.3,272.4,2,5,2022,2022-02-03,Rabi,Low,1
Cabbage,Erode,25.27,387.9,2,5,2022,2022-02-03,Rabi,Low,1
Coconut,Vellore,26.99,669.3,2,5,2022,2022-02-04,Rabi,Medium,0
Groundnut,Chennai,59.71,359.3,2,5,2022,2022-02-04,Rabi,High,0
Lady Finger,Dindigul,41.9,505.4,2,5,2022,2022-02-05,Rabi,Medium,0
Tomato,Salem,36.27,562.8,2,5,2022,2022-02-05,Rabi,Medium,0
Cabbage,Madurai,20.85,621.0,2,5,2022,2022-02-05,Rabi,Medium,1
Sugarcane,Madurai,3.29,573.1,2,6,2022,2022-02-07,Rabi,High,0
Groundnut,Erode,69.25,759.6,2,6,2022,2022-02-08,Rabi,Medium,0
Tomato,Coimbatore,37.42,565.8,2,6,2022,2022-02-08,Rabi,Medium,0
Sugarcane,Madurai,3.77,404.5,2,6,2022,2022-02-08,Rabi,Medium,0
Cauliflower,Tirunelveli,33.35,688.2,2,6,2022,2022-02-09,Rabi,Medium,0
Coconut,Thanjavur,27.92,439.6,2,6,2022,2022-02-09,Rabi,Medium,0
Cabbage,Erode,23.68,519.8,2,6,2022,2022-02-10,Rabi,Low,1
Tomato,Salem,33.51,297.7,2,6,2022,2022-02-10,Rabi,High,0
Rice,Salem,30.03,576.5,2,6,2022,2022-02-11,Rabi,Medium,0
Sugarcane,Tirunelveli,3.9,675.1,2,6,2022,2022-02-12,Rabi,Medium,0
Onion,Tirunelveli,46.98,443.5,2,6,2022,2022-02-12,Rabi,Low,1
Sugarcane,Salem,3.37,819.4,2,6,2022,2022-02-13,Rabi,High,0
Onion,Coimbatore,40.49,529.7,2,6,2022,2022-02-13,Rabi,Low,1
Banana,Salem,38.0,735.7,2,6,2022,2022-02-13,Rabi,High,0
Coconut,Dindigul,25.84,649.5,2,6,2022,2022-02-13,Rabi,Medium,0
Lady Finger,Coimbatore,39.86,221.4,2,6,2022,2022-02-13,Rabi,Medium,0
Rice,Dindigul,31.66,458.2,2,6,2022,2022-02-13,Rabi,Medium,0
Onion,Vellore,45.62,346.5,2,6,2022,2022-02-13,Rabi,Low,1
Banana,Trichy,41.83,336.0,2,7,2022,2022-02-14,Rabi,Medium,0
Cotton,Trichy,57.34,785.3,2,7,2022,2022-02-14,Rabi,Medium,0
Potato,Salem,20.71,338.6,2,7,2022,2022-02-14,Rabi,High,0
Banana,Madurai,37.79,622.1,2,7,2022,2022-02-14,Rabi,High,0
Lady Finger,Thanjavur,37.89,314.2,2,7,2022,2022-02-14,Rabi,High,0
Rice,Vellore,28.05,156.5,2,7,2022,2022-02-14,Rabi,High,0
Tomato,Thanjavur,31.57,429.6,2,7,2022,2022-02-15,Rabi,High,0
Coconut,Tirunelveli,28.08,523.7,2,7,2022,2022-02-15,Rabi,Medium,0
Rice,Coimbatore,29.79,685.2,2,7,2022,2022-02-15,Rabi,Medium,0
Sugarcane,Trichy,3.42,415.8,2,7,2022,2022-02-16,Rabi,Medium,0
Cabbage,Chennai,26.23,343.7,2,7,2022,2022-02-16,Rabi,Low,1
Lady Finger,Vellore,40.75,829.2,2,7,2022,2022-02-16,Rabi,Medium,0
Brinjal,Erode,28.16,417.9,2,7,2022,2022-02-16,Rabi,Medium,0
Rice,Chennai,27.74,464.8,2,7,2022,2022-02-17,Rabi,High,0
Tomato,Erode,39.1,332.3,2,7,2022,2022-02-17,Rabi,Medium,0
Chilli,Madurai,156.65,226.9,2,7,2022,2022-02-17,Rabi,Low,1
Cabbage,Trichy,24.43,402.5,2,7,2022,2022-02-18,Rabi,Low,1
Rice,Chennai,30.04,433.1,2,7,2022,2022-02-18,Rabi,Medium,0
Lady Finger,Madurai,34.1,477.2,2,7,2022,2022-02-18,Rabi,High,0
Tomato,Coimbatore,33.85,352.7,2,7,2022,2022-02-19,Rabi,High,0
Brinjal,Tirunelveli,26.51,523.6,2,7,2022,2022-02-19,Rabi,Medium,0
Tomato,Salem,31.5,695.0,2,7,2022,2022-02-19,Rabi,High,0
Onion,Dindigul,51.37,531.0,2,7,2022,2022-02-19,Rabi,Low,1
Sugarcane,Dindigul,3.63,542.3,2,7,2022,2022-02-19,Rabi,Medium,0
Cauliflower,Tirunelveli,28.19,673.6,2,7,2022,2022-02-20,Rabi,High,0
Banana,Tirunelveli,42.97,324.1,2,7,2022,2022-02-20,Rabi,Medium,0
Onion,Erode,45.17,536.0,2,7,2022,2022-02-20,Rabi,Low,1
Lady Finger,Coimbatore,42.61,627.3,2,8,2022,2022-02-21,Rabi,Medium,0
Coconut,Coimbatore,26.27,659.8,2,8,2022,2022-02-21,Rabi,Medium,0
Groundnut,Madurai,70.81,174.4,2,8,2022,2022-02-22,Rabi,Medium,0
Rice,Coimbatore,31.04,779.4,2,8,2022,2022-02-22,Rabi,Medium,0
Carrot,Trichy,41.79,503.2,2,8,2022,2022-02-22,Rabi,High,0
Onion,Coimbatore,35.9,564.5,2,8,2022,2022-02-22,Rabi,Medium,1
Potato,Madurai,20.3,781.0,2,8,2022,2022-02-23,Rabi,High,0
Lady Finger,Vellore,38.46,508.1,2,8,2022,2022-02-23,Rabi,Medium,0
Cauliflower,Chennai,31.38,296.7,2,8,2022,2022-02-23,Rabi,Medium,0
Onion,Vellore,45.12,372.3,2,8,2022,2022-02-23,Rabi,Low,1
Coconut,Thanjavur,26.07,604.6,2,8,2022,2022-02-23,Rabi,Medium,0
Cotton,Erode,46.73,619.7,2,8,2022,2022-02-23,Rabi,High,0
Lady Finger,Chennai,38.04,768.6,2,8,2022,2022-02-23,Rabi,High,0
Groundnut,Coimbatore,65.33,682.4,2,8,2022,2022-02-23,Rabi,Medium,0
Cauliflower,Vellore,31.86,676.0,2,8,2022,2022-02-24,Rabi,Medium,0
Tomato,Thanjavur,32.53,717.9,2,8,2022,2022-02-24,Rabi,High,0
Potato,Thanjavur,24.0,241.9,2,8,2022,2022-02-25,Rabi,Medium,0
Cotton,Dindigul,51.13,776.5,2,8,2022,2022-02-25,Rabi,Medium,0
Carrot,Thanjavur,43.77,326.9,2,8,2022,2022-02-25,Rabi,High,0
Chilli,Madurai,133.85,316.9,2,8,2022,2022-02-25,Rabi,Medium,1
Onion,Trichy,49.96,446.1,2,8,2022,2022-02-26,Rabi,Low,1
Banana,Erode,35.25,492.6,2,8,2022,2022-02-27,Rabi,High,0
Chilli,Chennai,139.28,305.3,2,8,2022,2022-02-27,Rabi,Low,1
Onion,Coimbatore,35.58,397.9,2,8,2022,2022-02-27,Rabi,Medium,1
Cotton,Vellore,55.65,652.6,2,8,2022,2022-02-27,Rabi,Medium,0
Sugarcane,Trichy,3.41,635.5,2,9,2022,2022-02-28,Rabi,Medium,0
Potato,Trichy,21.19,774.4,2,9,2022,2022-02-28,Rabi,High,0
Coconut,Salem,28.77,621.7,2,9,2022,2022-02-28,Rabi,Medium,0
Lady Finger,Madurai,38.11,524.2,2,9,2022,2022-02-28,Rabi,High,0
Carrot,Trichy,41.6,586.9,3,9,2022,2022-03-01,Rabi,High,0
Carrot,Coimbatore,50.06,563.5,3,9,2022,2022-03-01,Rabi,Medium,0
Coconut,Vellore,41.25,391.7,3,9,2022,2022-03-01,Rabi,Low,1
Potato,Trichy,26.34,303.9,3,9,2022,2022-03-01,Rabi,Medium,0
Carrot,Salem,49.0,552.4,3,9,2022,2022-03-02,Rabi,Medium,0
Cauliflower,Salem,31.9,530.2,3,9,2022,2022-03-02,Rabi,Medium,0
Sugarcane,Coimbatore,3.8,725.8,3,9,2022,2022-03-02,Rabi,Medium,0
Rice,Dindigul,30.27,423.2,3,9,2022,2022-03-02,Rabi,Medium,0
Chilli,Madurai,151.17,206.7,3,9,2022,2022-03-02,Rabi,Low,1
Groundnut,Vellore,66.95,617.3,3,9,2022,2022-03-02,Rabi,Medium,0
Brinjal,Erode,26.32,429.3,3,9,2022,2022-03-03,Rabi,Medium,0
Onion,Trichy,29.49,804.8,3,9,2022,2022-03-05,Rabi,High,0
Onion,Chennai,29.28,410.1,3,9,2022,2022-03-05,Rabi,High,0
Cabbage,Madurai,18.9,750.9,3,9,2022,2022-03-05,Rabi,Medium,0
Lady Finger,Madurai,40.39,758.5,3,9,2022,2022-03-05,Rabi,Medium,0
Carrot,Dindigul,49.07,622.2,3,9,2022,2022-03-06,Rabi,Medium,0
Tomato,Trichy,33.46,452.1,3,9,2022,2022-03-06,Rabi,High,0
Potato,Salem,26.19,473.7,3,9,2022,2022-03-06,Rabi,Medium,0
Lady Finger,Madurai,40.78,447.6,3,10,2022,2022-03-07,Rabi,Medium,0
Cabbage,Thanjavur,17.6,613.1,3,10,2022,2022-03-07,Rabi,Medium,0
Cauliflower,Coimbatore,34.34,472.6,3,10,2022,2022-03-07,Rabi,Medium,0
Carrot,Tirunelveli,43.39,264.3,3,10,2022,2022-03-07,Rabi,High,0
Rice,Salem,32.26,492.9,3,10,2022,2022-03-08,Rabi,Medium,0
Brinjal,Thanjavur,25.67,564.7,3,10,2022,2022-03-08,Rabi,Medium,0
Cauliflower,Tirunelveli,29.1,558.2,3,10,2022,2022-03-08,Rabi,High,0
Chilli,Thanjavur,141.92,594.6,3,10,2022,2022-03-08,Rabi,Low,1
Cotton,Thanjavur,52.97,596.9,3,10,2022,2022-03-08,Rabi,Medium,0
Groundnut,Dindigul,66.99,445.1,3,10,2022,2022-03-08,Rabi,Medium,0
Potato,Thanjavur,23.51,439.4,3,10,2022,2022-03-09,Rabi,High,0
Onion,Chennai,32.79,782.2,3,10,2022,2022-03-10,Rabi,Medium,0
Brinjal,Coimbatore,25.54,687.7,3,10,2022,2022-03-10,Rabi,Medium,0
Brinjal,Thanjavur,21.61,472.9,3,10,2022,2022-03-10,Rabi,High,0
Cotton,Erode,56.95,297.1,3,10,2022,2022-03-10,Rabi,Medium,0
Tomato,Erode,33.44,724.4,3,10,2022,2022-03-11,Rabi,High,0
Chilli,Tirunelveli,148.14,506.9,3,10,2022,2022-03-11,Rabi,Low,1
Tomato,Thanjavur,34.0,744.9,3,10,2022,2022-03-11,Rabi,Medium,0
Groundnut,Chennai,63.27,296.3,3,10,2022,2022-03-12,Rabi,High,0
Tomato,Dindigul,32.73,437.0,3,10,2022,2022-03-13,Rabi,High,0
Cotton,Erode,53.91,633.9,3,10,2022,2022-03-13,Rabi,Medium,0
Lady Finger,Trichy,40.56,492.6,3,10,2022,2022-03-13,Rabi,Medium,0
Brinjal,Erode,28.33,446.3,3,11,2022,2022-03-14,Rabi,Medium,0
Brinjal,Erode,24.82,648.6,3,11,2022,2022-03-15,Rabi,High,0
Onion,Chennai,27.21,775.2,3,11,2022,2022-03-15,Rabi,High,0
Rice,Madurai,33.74,563.3,3,11,2022,2022-03-15,Rabi,Medium,0
Groundnut,Tirunelveli,72.34,444.8,3,11,2022,2022-03-15,Rabi,Medium,0
Groundnut,Madurai,61.29,565.5,3,11,2022,2022-03-16,Rabi,High,0
Brinjal,Vellore,22.99,674.9,3,11,2022,2022-03-17,Rabi,High,0
Tomato,Erode,33.58,765.4,3,11,2022,2022-03-17,Rabi,High,0
Tomato,Vellore,33.16,566.6,3,11,2022,2022-03-17,Rabi,High,0
Potato,Tirunelveli,26.22,489.6,3,11,2022,2022-03-17,Rabi,Medium,0
Cauliflower,Coimbatore,29.08,591.0,3,11,2022,2022-03-17,Rabi,High,0
Sugarcane,Erode,3.21,842.2,3,11,2022,2022-03-17,Rabi,High,0
Carrot,Erode,51.43,650.4,3,11,2022,2022-03-18,Rabi,Medium,0
Carrot,Trichy,50.31,838.1,3,11,2022,2022-03-18,Rabi,Medium,0
Potato,Chennai,30.2,341.7,3,11,2022,2022-03-18,Rabi,Medium,0
Potato,Trichy,26.48,591.8,3,11,2022,2022-03-18,Rabi,Medium,0
Sugarcane,Vellore,4.12,524.6,3,11,2022,2022-03-19,Rabi,Medium,0
Brinjal,Erode,24.66,414.2,3,11,2022,2022-03-19,Rabi,High,0
Chilli,Chennai,145.49,198.4,3,11,2022,2022-03-19,Rabi,Low,1
Coconut,Chennai,33.86,561.0,3,11,2022,2022-03-19,Rabi,Medium,1
Banana,Erode,44.27,365.1,3,11,2022,2022-03-20,Rabi,Medium,0
Coconut,Tirunelveli,34.96,519.8,3,12,2022,2022-03-21,Rabi,Low,1
Potato,Thanjavur,24.52,528.6,3,12,2022,2022-03-22,Rabi,Medium,0
Lady Finger,Madurai,39.29,452.4,3,12,2022,2022-03-22,Rabi,Medium,0
Carrot,Dindigul,51.06,541.7,3,12,2022,2022-03-22,Rabi,Medium,0
Cauliflower,Madurai,33.48,297.1,3,12,2022,2022-03-23,Rabi,Medium,0
Carrot,Erode,45.99,426.4,3,12,2022,2022-03-23,Rabi,High,0
Cauliflower,Chennai,25.4,346.6,3,12,2022,2022-03-23,Rabi,High,0
Cauliflower,Chennai,26.99,481.5,3,12,2022,2022-03-23,Rabi,High,0
Cabbage,Tirunelveli,17.9,388.7,3,12,2022,2022-03-23,Rabi,Medium,0
Onion,Dindigul,32.06,631.6,3,12,2022,2022-03-23,Rabi,Medium,0
Carrot,Dindigul,48.28,543.6,3,12,2022,2022-03-23,Rabi,Medium,0
Sugarcane,Dindigul,3.28,465.6,3,12,2022,2022-03-24,Rabi,High,0
Groundnut,Coimbatore,68.59,501.6,3,12,2022,2022-03-24,Rabi,Medium,0
Groundnut,Chennai,73.67,157.0,3,12,2022,2022-03-24,Rabi,Medium,0
Onion,Erode,30.79,742.7,3,12,2022,2022-03-25,Rabi,Medium,0
Banana,Thanjavur,39.38,407.5,3,12,2022,2022-03-25,Rabi,Medium,0
Cauliflower,Dindigul,33.84,305.8,3,12,2022,2022-03-25,Rabi,Medium,0
Brinjal,Dindigul,21.96,529.2,3,12,2022,2022-03-25,Rabi,High,0
Cauliflower,Thanjavur,28.55,599.8,3,12,2022,2022-03-26,Rabi,High,0
Rice,Coimbatore,25.47,443.5,3,12,2022,2022-03-26,Rabi,High,0
Banana,Thanjavur,40.67,510.4,3,12,2022,2022-03-26,Rabi,Medium,0
Rice,Dindigul,31.64,869.9,3,12,2022,2022-03-26,Rabi,Medium,0
Chilli,Dindigul,156.37,484.2,3,12,2022,2022-03-26,Rabi,Low,1
Potato,Trichy,23.47,350.0,3,12,2022,2022-03-27,Rabi,High,0
Cotton,Salem,51.78,527.3,3,12,2022,2022-03-27,Rabi,Medium,0
Coconut,Dindigul,39.03,305.7,3,12,2022,2022-03-27,Rabi,Low,1
Tomato,Thanjavur,35.51,417.7,3,13,2022,2022-03-28,Rabi,Medium,0
Cauliflower,Trichy,27.84,505.1,3,13,2022,2022-03-30,Rabi,High,0
Groundnut,Vellore,68.48,430.7,3,13,2022,2022-03-30,Rabi,Medium,0
Carrot,Vellore,50.02,714.7,3,13,2022,2022-03-31,Rabi,Medium,0
Sugarcane,Erode,3.9,590.8,3,13,2022,2022-03-31,Rabi,Medium,0
Sugarcane,Madurai,3.78,370.3,3,13,2022,2022-03-31,Rabi,Medium,0
Cabbage,Erode,17.07,495.1,3,13,2022,2022-03-31,Rabi,Medium,0
Potato,Trichy,25.96,431.9,3,13,2022,2022-03-31,Rabi,Medium,0
Carrot,Thanjavur,51.02,672.3,3,13,2022,2022-03-31,Rabi,Medium,0
Banana,Salem,43.64,475.9,3,13,2022,2022-03-31,Rabi,Medium,0
Banana,Coimbatore,38.03,580.8,3,13,2022,2022-03-31,Rabi,High,0
Lady Finger,Tirunelveli,43.32,500.7,3,13,2022,2022-03-31,Rabi,Medium,0
Coconut,Dindigul,38.5,350.1,4,13,2022,2022-04-01,Zaid,Low,1
Tomato,Trichy,36.06,444.0,4,13,2022,2022-04-01,Zaid,Medium,0
Potato,Madurai,23.54,364.9,4,13,2022,2022-04-01,Zaid,High,0
Rice,Trichy,30.08,653.1,4,13,2022,2022-04-01,Zaid,Medium,0
Potato,Erode,26.33,292.3,4,13,2022,2022-04-02,Zaid,Medium,0
Rice,Thanjavur,29.32,636.5,4,13,2022,2022-04-02,Zaid,High,0
Chilli,Coimbatore,108.88,703.4,4,13,2022,2022-04-02,Zaid,Medium,0
Brinjal,Coimbatore,30.12,230.9,4,13,2022,2022-04-03,Zaid,Medium,0
Lady Finger,Chennai,41.42,443.3,4,13,2022,2022-04-03,Zaid,Medium,0
Chilli,Tirunelveli,109.08,382.2,4,14,2022,2022-04-04,Zaid,Medium,0
Potato,Coimbatore,23.75,539.7,4,14,2022,2022-04-04,Zaid,High,0
Cotton,Dindigul,47.64,651.1,4,14,2022,2022-04-04,Zaid,High,0
Lady Finger,Trichy,39.62,610.9,4,14,2022,2022-04-04,Zaid,Medium,0
Cotton,Erode,62.8,582.1,4,14,2022,2022-04-04,Zaid,Medium,0
Cauliflower,Dindigul,28.12,1030.7,4,14,2022,2022-04-04,Zaid,High,0
Coconut,Vellore,35.1,413.4,4,14,2022,2022-04-04,Zaid,Low,1
Cauliflower,Chennai,32.77,603.3,4,14,2022,2022-04-05,Zaid,Medium,0
Chilli,Erode,97.63,706.0,4,14,2022,2022-04-05,Zaid,High,0
Potato,Chennai,24.14,888.8,4,14,2022,2022-04-05,Zaid,Medium,0
Rice,Thanjavur,32.79,320.8,4,14,2022,2022-04-05,Zaid,Medium,0
Chilli,Vellore,88.4,625.8,4,14,2022,2022-04-06,Zaid,High,0
Onion,Tirunelveli,31.78,587.9,4,14,2022,2022-04-06,Zaid,Medium,0
Rice,Thanjavur,29.31,616.9,4,14,2022,2022-04-07,Zaid,High,0
Cabbage,Dindigul,19.82,626.6,4,14,2022,2022-04-08,Zaid,Medium,0
Cabbage,Chennai,15.64,660.4,4,14,2022,2022-04-09,Zaid,High,0
Groundnut,Vellore,73.27,314.1,4,14,2022,2022-04-10,Zaid,Medium,0
Chilli,Coimbatore,100.68,452.6,4,15,2022,2022-04-11,Zaid,High,0
Chilli,Coimbatore,111.32,416.0,4,15,2022,2022-04-11,Zaid,Medium,0
Groundnut,Thanjavur,67.87,807.9,4,15,2022,2022-04-11,Zaid,Medium,0
Rice,Coimbatore,33.88,721.8,4,15,2022,2022-04-12,Zaid,Medium,0
Sugarcane,Madurai,3.99,513.5,4,15,2022,2022-04-12,Zaid,Medium,0
Coconut,Chennai,42.69,422.5,4,15,2022,2022-04-13,Zaid,Low,1
Tomato,Erode,37.48,424.0,4,15,2022,2022-04-14,Zaid,Medium,0
Lady Finger,Erode,33.16,379.0,4,15,2022,2022-04-14,Zaid,High,0
Potato,Coimbatore,26.55,537.2,4,15,2022,2022-04-14,Zaid,Medium,0
Carrot,Tirunelveli,54.21,620.4,4,15,2022,2022-04-15,Zaid,Medium,0
Brinjal,Trichy,26.55,791.7,4,15,2022,2022-04-15,Zaid,Medium,0
Cabbage,Tirunelveli,18.8,784.0,4,15,2022,2022-04-16,Zaid,Medium,0
Coconut,Tirunelveli,39.11,482.7,4,15,2022,2022-04-16,Zaid,Low,1
Cauliflower,Vellore,31.15,608.4,4,15,2022,2022-04-16,Zaid,Medium,0
Potato,Dindigul,22.14,614.5,4,15,2022,2022-04-16,Zaid,High,0
Lady Finger,Salem,40.44,755.9,4,15,2022,2022-04-16,Zaid,Medium,0
Tomato,Thanjavur,34.13,373.1,4,15,2022,2022-04-17,Zaid,Medium,0
Tomato,Chennai,34.71,658.0,4,15,2022,2022-04-17,Zaid,Medium,0
Lady Finger,Chennai,41.74,357.2,4,15,2022,2022-04-17,Zaid,Medium,0
Cauliflower,Madurai,33.44,304.9,4,15,2022,2022-04-17,Zaid,Medium,0
Potato,Trichy,24.74,520.3,4,15,2022,2022-04-17,Zaid,Medium,0
Brinjal,Chennai,28.81,462.7,4,15,2022,2022-04-17,Zaid,Medium,0
Carrot,Coimbatore,49.07,388.4,4,16,2022,2022-04-18,Zaid,Medium,0
Coconut,Salem,33.0,342.1,4,16,2022,2022-04-18,Zaid,Medium,1
Tomato,Coimbatore,35.01,320.0,4,16,2022,2022-04-18,Zaid,Medium,0
Potato,Trichy,21.84,537.8,4,16,2022,2022-04-18,Zaid,High,0
Lady Finger,Erode,45.07,399.0,4,16,2022,2022-04-19,Zaid,Medium,0
Groundnut,Madurai,73.0,518.1,4,16,2022,2022-04-19,Zaid,Medium,0
Banana,Dindigul,53.62,287.6,4,16,2022,2022-04-19,Zaid,Low,1
Carrot,Trichy,52.08,322.4,4,16,2022,2022-04-19,Zaid,Medium,0
Chilli,Thanjavur,105.49,814.8,4,16,2022,2022-04-19,Zaid,Medium,0
Sugarcane,Vellore,3.21,848.0,4,16,2022,2022-04-20,Zaid,High,0
Cotton,Dindigul,52.14,535.7,4,16,2022,2022-04-21,Zaid,Medium,0
Brinjal,Salem,27.8,534.7,4,16,2022,2022-04-21,Zaid,Medium,0
Groundnut,Vellore,72.38,441.9,4,16,2022,2022-04-21,Zaid,Medium,0
Coconut,Tirunelveli,29.74,504.3,4,16,2022,2022-04-21,Zaid,Medium,1
Banana,Tirunelveli,58.17,287.8,4,16,2022,2022-04-21,Zaid,Low,1
Cauliflower,Chennai,33.84,705.9,4,16,2022,2022-04-21,Zaid,Medium,0
Chilli,Thanjavur,107.38,801.9,4,16,2022,2022-04-21,Zaid,Medium,0
Rice,Madurai,34.68,230.6,4,16,2022,2022-04-22,Zaid,Medium,0
Sugarcane,Vellore,3.5,643.7,4,16,2022,2022-04-22,Zaid,Medium,0
Rice,Vellore,31.78,54.1,4,16,2022,2022-04-22,Zaid,Medium,0
Onion,Coimbatore,27.93,487.6,4,16,2022,2022-04-22,Zaid,High,0
Cotton,Dindigul,50.31,549.5,4,16,2022,2022-04-22,Zaid,High,0
Cauliflower,Erode,32.06,605.6,4,16,2022,2022-04-23,Zaid,Medium,0
Cotton,Chennai,52.02,608.7,4,16,2022,2022-04-24,Zaid,Medium,0
Banana,Vellore,51.84,10.0,4,16,2022,2022-04-24,Zaid,Low,1
Groundnut,Thanjavur,69.52,565.9,4,16,2022,2022-04-24,Zaid,Medium,0
Lady Finger,Vellore,39.96,518.5,4,16,2022,2022-04-24,Zaid,Medium,0
Tomato,Vellore,33.46,422.0,4,17,2022,2022-04-25,Zaid,High,0
Cabbage,Dindigul,19.57,531.0,4,17,2022,2022-04-25,Zaid,Medium,0
Rice,Salem,32.7,463.4,4,17,2022,2022-04-25,Zaid,Medium,0
Lady Finger,Erode,38.61,274.2,4,17,2022,2022-04-25,Zaid,Medium,0
Groundnut,Dindigul,70.69,984.4,4,17,2022,2022-04-25,Zaid,Medium,0
Tomato,Vellore,38.03,271.8,4,17,2022,2022-04-25,Zaid,Medium,0
Coconut,Vellore,33.32,383.8,4,17,2022,2022-04-25,Zaid,Medium,1
Onion,Madurai,30.86,153.7,4,17,2022,2022-04-25,Zaid,Medium,0
Cotton,Tirunelveli,52.86,524.5,4,17,2022,2022-04-25,Zaid,Medium,0
Tomato,Coimbatore,35.54,204.8,4,17,2022,2022-04-26,Zaid,Medium,0
Cabbage,Vellore,15.98,462.0,4,17,2022,2022-04-26,Zaid,High,0
Groundnut,Madurai,66.74,625.9,4,17,2022,2022-04-26,Zaid,Medium,0
Carrot,Coimbatore,47.88,600.8,4,17,2022,2022-04-27,Zaid,Medium,0
Cabbage,Tirunelveli,18.91,551.6,4,17,2022,2022-04-27,Zaid,Medium,0
Potato,Dindigul,26.32,171.7,4,17,2022,2022-04-28,Zaid,Medium,0
Sugarcane,Dindigul,3.5,615.8,4,17,2022,2022-04-28,Zaid,Medium,0
Tomato,Vellore,34.76,663.0,4,17,2022,2022-04-28,Zaid,Medium,0
Carrot,Madurai,49.67,569.5,4,17,2022,2022-04-28,Zaid,Medium,0
Cauliflower,Salem,33.1,323.1,4,17,2022,2022-04-29,Zaid,Medium,0
Brinjal,Dindigul,26.96,232.0,4,17,2022,2022-04-29,Zaid,Medium,0
Cauliflower,Trichy,35.96,422.3,4,17,2022,2022-04-30,Zaid,Medium,0
Rice,Tirunelveli,31.26,574.0,5,17,2022,2022-05-01,Zaid,Medium,0
Banana,Tirunelveli,55.39,655.6,5,17,2022,2022-05-01,Zaid,Low,1
Cotton,Tirunelveli,57.72,341.9,5,18,2022,2022-05-02,Zaid,Medium,0
Cauliflower,Chennai,32.17,577.5,5,18,2022,2022-05-03,Zaid,Medium,0
Onion,Madurai,31.18,473.7,5,18,2022,2022-05-03,Zaid,Medium,0
Tomato,Dindigul,31.92,476.4,5,18,2022,2022-05-03,Zaid,High,0
Potato,Coimbatore,25.51,571.0,5,18,2022,2022-05-03,Zaid,Medium,0
Groundnut,Vellore,64.39,550.8,5,18,2022,2022-05-04,Zaid,Medium,0
Banana,Madurai,59.72,190.0,5,18,2022,2022-05-04,Zaid,Low,1
Cotton,Chennai,60.55,437.7,5,18,2022,2022-05-04,Zaid,Medium,0
Onion,Trichy,26.18,775.4,5,18,2022,2022-05-05,Zaid,High,0
Cauliflower,Vellore,32.71,389.3,5,18,2022,2022-05-05,Zaid,Medium,0
Tomato,Dindigul,36.92,461.7,5,18,2022,2022-05-05,Zaid,Medium,0
Coconut,Coimbatore,34.45,494.8,5,18,2022,2022-05-05,Zaid,Medium,1
Brinjal,Vellore,25.3,709.8,5,18,2022,2022-05-05,Zaid,High,0
Banana,Trichy,50.56,570.7,5,18,2022,2022-05-05,Zaid,Medium,1
Brinjal,Chennai,24.01,598.9,5,18,2022,2022-05-05,Zaid,High,0
Lady Finger,Trichy,37.63,556.6,5,18,2022,2022-05-07,Zaid,High,0
Onion,Madurai,32.64,474.3,5,18,2022,2022-05-07,Zaid,Medium,0
Brinjal,Tirunelveli,29.46,485.0,5,18,2022,2022-05-08,Zaid,Medium,0
Cabbage,Trichy,18.77,747.8,5,18,2022,2022-05-08,Zaid,Medium,0
Chilli,Salem,109.48,352.4,5,18,2022,2022-05-08,Zaid,Medium,0
Cotton,Tirunelveli,57.64,620.9,5,18,2022,2022-05-08,Zaid,Medium,0
Carrot,Dindigul,46.74,508.2,5,18,2022,2022-05-08,Zaid,High,0
Potato,Madurai,23.47,406.7,5,19,2022,2022-05-10,Zaid,High,0
Brinjal,Madurai,25.02,585.3,5,19,2022,2022-05-10,Zaid,High,0
Potato,Vellore,24.65,470.2,5,19,2022,2022-05-10,Zaid,Medium,0
Brinjal,Tirunelveli,28.6,679.4,5,19,2022,2022-05-10,Zaid,Medium,0
Coconut,Vellore,32.92,433.8,5,19,2022,2022-05-10,Zaid,Medium,1
Coconut,Dindigul,38.25,454.2,5,19,2022,2022-05-10,Zaid,Low,1
Rice,Vellore,37.36,642.9,5,19,2022,2022-05-10,Zaid,Medium,0
Rice,Tirunelveli,33.33,635.9,5,19,2022,2022-05-11,Zaid,Medium,0
Onion,Erode,27.59,658.6,5,19,2022,2022-05-11,Zaid,High,0
Chilli,Thanjavur,113.01,586.1,5,19,2022,2022-05-11,Zaid,Medium,0
Groundnut,Dindigul,58.78,599.1,5,19,2022,2022-05-11,Zaid,High,0
Carrot,Trichy,52.13,300.1,5,19,2022,2022-05-11,Zaid,Medium,0
Cotton,Tirunelveli,50.94,404.9,5,19,2022,2022-05-12,Zaid,High,0
Groundnut,Vellore,71.42,362.7,5,19,2022,2022-05-12,Zaid,Medium,0
Onion,Trichy,31.99,767.8,5,19,2022,2022-05-12,Zaid,Medium,0
Lady Finger,Vellore,42.84,712.7,5,19,2022,2022-05-12,Zaid,Medium,0
Coconut,Chennai,33.35,405.3,5,19,2022,2022-05-13,Zaid,Medium,1
Sugarcane,Madurai,4.11,508.9,5,19,2022,2022-05-13,Zaid,Medium,0
Cotton,Dindigul,52.13,329.7,5,19,2022,2022-05-13,Zaid,Medium,0
Brinjal,Trichy,30.99,541.4,5,19,2022,2022-05-13,Zaid,Medium,0
Groundnut,Vellore,75.13,690.6,5,19,2022,2022-05-13,Zaid,Medium,0
Lady Finger,Coimbatore,41.77,329.2,5,19,2022,2022-05-14,Zaid,Medium,0
Carrot,Madurai,45.6,601.9,5,19,2022,2022-05-15,Zaid,High,0
Lady Finger,Madurai,41.45,438.3,5,19,2022,2022-05-15,Zaid,Medium,0
Coconut,Vellore,33.48,414.1,5,19,2022,2022-05-15,Zaid,Medium,1
Lady Finger,Tirunelveli,40.39,656.0,5,20,2022,2022-05-16,Zaid,Medium,0
Banana,Thanjavur,58.69,534.0,5,20,2022,2022-05-16,Zaid,Low,1
Brinjal,Tirunelveli,26.09,546.3,5,20,2022,2022-05-16,Zaid,Medium,0
Groundnut,Trichy,74.34,579.6,5,20,2022,2022-05-16,Zaid,Medium,0
Rice,Salem,33.52,734.3,5,20,2022,2022-05-16,Zaid,Medium,0
Brinjal,Chennai,23.19,451.7,5,20,2022,2022-05-17,Zaid,High,0
Banana,Vellore,53.73,666.3,5,20,2022,2022-05-18,Zaid,Low,1
Brinjal,Vellore,30.89,821.4,5,20,2022,2022-05-18,Zaid,Medium,0
Potato,Erode,25.65,580.4,5,20,2022,2022-05-18,Zaid,Medium,0
Carrot,Tirunelveli,47.99,610.4,5,20,2022,2022-05-19,Zaid,Medium,0
Tomato,Dindigul,38.13,348.7,5,20,2022,2022-05-19,Zaid,Medium,0
Chilli,Tirunelveli,111.01,608.8,5,20,2022,2022-05-19,Zaid,Medium,0
Onion,Trichy,25.72,541.1,5,20,2022,2022-05-19,Zaid,High,0
Groundnut,Vellore,68.61,616.4,5,20,2022,2022-05-20,Zaid,Medium,0
Sugarcane,Chennai,3.34,916.5,5,20,2022,2022-05-20,Zaid,High,0
Potato,Salem,21.05,590.4,5,20,2022,2022-05-20,Zaid,High,0
Tomato,Dindigul,29.49,621.4,5,20,2022,2022-05-21,Zaid,High,0
Coconut,Madurai,36.06,431.0,5,20,2022,2022-05-21,Zaid,Low,1
Cabbage,Madurai,17.56,572.7,5,20,2022,2022-05-21,Zaid,Medium,0
Potato,Vellore,26.25,584.7,5,20,2022,2022-05-21,Zaid,Medium,0
Coconut,Salem,36.42,459.4,5,20,2022,2022-05-21,Zaid,Low,1
Groundnut,Salem,76.2,744.3,5,20,2022,2022-05-21,Zaid,Medium,0
Carrot,Dindigul,54.16,553.6,5,20,2022,2022-05-21,Zaid,Medium,0
Banana,Tirunelveli,48.91,435.1,5,21,2022,2022-05-23,Zaid,Medium,1
Sugarcane,Madurai,3.49,496.7,5,21,2022,2022-05-23,Zaid,Medium,0
Banana,Dindigul,55.26,408.2,5,21,2022,2022-05-23,Zaid,Low,1
Coconut,Tirunelveli,35.77,402.4,5,21,2022,2022-05-23,Zaid,Low,1
Coconut,Thanjavur,38.28,438.0,5,21,2022,2022-05-24,Zaid,Low,1
Groundnut,Tirunelveli,72.87,600.4,5,21,2022,2022-05-24,Zaid,Medium,0
Cabbage,Erode,19.29,343.2,5,21,2022,2022-05-24,Zaid,Medium,0
Tomato,Coimbatore,34.96,449.6,5,21,2022,2022-05-25,Zaid,Medium,0
Groundnut,Tirunelveli,67.88,654.4,5,21,2022,2022-05-26,Zaid,Medium,0
Lady Finger,Coimbatore,43.87,650.8,5,21,2022,2022-05-26,Zaid,Medium,0
Cabbage,Erode,18.01,603.1,5,21,2022,2022-05-26,Zaid,Medium,0
Rice,Madurai,31.53,389.5,5,21,2022,2022-05-26,Zaid,Medium,0
Potato,Erode,23.68,509.1,5,21,2022,2022-05-26,Zaid,High,0
Banana,Tirunelveli,50.08,619.3,5,21,2022,2022-05-27,Zaid,Medium,1
Cabbage,Madurai,15.37,321.2,5,21,2022,2022-05-27,Zaid,High,0
Onion,Madurai,32.38,547.3,5,21,2022,2022-05-28,Zaid,Medium,0
Lady Finger,Vellore,37.06,700.0,5,21,2022,2022-05-28,Zaid,High,0
Potato,Erode,23.5,746.1,5,22,2022,2022-05-30,Zaid,High,0
Lady Finger,Vellore,34.68,608.8,5,22,2022,2022-05-30,Zaid,High,0
Brinjal,Chennai,26.98,698.6,5,22,2022,2022-05-30,Zaid,Medium,0
Onion,Chennai,27.81,246.9,5,22,2022,2022-05-30,Zaid,High,0
Cotton,Salem,57.03,715.6,5,22,2022,2022-05-30,Zaid,Medium,0
Coconut,Thanjavur,38.44,334.7,5,22,2022,2022-05-30,Zaid,Low,1
Groundnut,Salem,72.63,493.8,5,22,2022,2022-05-31,Zaid,Medium,0
Sugarcane,Erode,4.06,761.1,5,22,2022,2022-05-31,Zaid,Medium,0
Banana,Coimbatore,59.12,476.0,6,22,2022,2022-06-01,Kharif,Low,1
Lady Finger,Madurai,52.06,451.2,6,22,2022,2022-06-01,Kharif,Low,1
Cotton,Tirunelveli,53.03,739.6,6,22,2022,2022-06-01,Kharif,Medium,0
Onion,Madurai,28.69,397.4,6,22,2022,2022-06-01,Kharif,High,0
Banana,Chennai,54.69,513.2,6,22,2022,2022-06-02,Kharif,Low,1
Sugarcane,Tirunelveli,4.03,524.9,6,22,2022,2022-06-02,Kharif,Medium,0
Coconut,Chennai,22.42,615.5,6,22,2022,2022-06-03,Kharif,High,0
Carrot,Trichy,51.4,462.4,6,22,2022,2022-06-03,Kharif,Medium,0
Cabbage,Madurai,18.04,524.7,6,22,2022,2022-06-03,Kharif,Medium,0
Potato,Thanjavur,24.22,658.6,6,22,2022,2022-06-03,Kharif,Medium,0
Tomato,Trichy,39.57,761.3,6,22,2022,2022-06-03,Kharif,Medium,0
Cabbage,Madurai,14.96,885.2,6,22,2022,2022-06-03,Kharif,High,0
Cotton,Thanjavur,51.68,528.8,6,22,2022,2022-06-03,Kharif,Medium,0
Coconut,Tirunelveli,30.15,613.0,6,22,2022,2022-06-03,Kharif,Medium,0
Tomato,Coimbatore,31.07,528.4,6,22,2022,2022-06-04,Kharif,High,0
Banana,Coimbatore,56.21,428.1,6,22,2022,2022-06-04,Kharif,Low,1
Brinjal,Salem,25.61,514.3,6,22,2022,2022-06-04,Kharif,Medium,0
Sugarcane,Salem,3.97,547.7,6,22,2022,2022-06-05,Kharif,Medium,0
Coconut,Vellore,26.82,491.3,6,22,2022,2022-06-05,Kharif,Medium,0
Cabbage,Chennai,18.03,656.9,6,23,2022,2022-06-06,Kharif,Medium,0
Coconut,Coimbatore,24.94,347.2,6,23,2022,2022-06-07,Kharif,High,0
Cotton,Tirunelveli,48.27,316.8,6,23,2022,2022-06-07,Kharif,High,0
Cauliflower,Salem,32.9,470.7,6,23,2022,2022-06-08,Kharif,Medium,0
Rice,Erode,34.91,389.8,6,23,2022,2022-06-09,Kharif,Medium,0
Groundnut,Coimbatore,67.75,493.0,6,23,2022,2022-06-09,Kharif,Medium,0
Tomato,Erode,35.79,488.5,6,23,2022,2022-06-09,Kharif,Medium,0
Sugarcane,Vellore,3.74,549.8,6,23,2022,2022-06-09,Kharif,Medium,0
Cotton,Erode,56.61,544.8,6,23,2022,2022-06-10,Kharif,Medium,0
Cotton,Thanjavur,51.82,724.1,6,23,2022,2022-06-10,Kharif,Medium,0
Brinjal,Thanjavur,26.11,565.5,6,23,2022,2022-06-10,Kharif,Medium,0
Rice,Madurai,34.94,623.8,6,23,2022,2022-06-10,Kharif,Medium,0
Cotton,Tirunelveli,63.05,520.8,6,23,2022,2022-06-11,Kharif,Medium,0
Cabbage,Salem,18.26,437.4,6,23,2022,2022-06-11,Kharif,Medium,0
Onion,Trichy,32.63,760.9,6,23,2022,2022-06-11,Kharif,Medium,0
Cauliflower,Trichy,28.97,465.2,6,23,2022,2022-06-11,Kharif,High,0
Rice,Trichy,29.07,595.6,6,23,2022,2022-06-12,Kharif,High,0
Tomato,Vellore,35.81,196.2,6,23,2022,2022-06-12,Kharif,Medium,0
Groundnut,Coimbatore,68.74,574.8,6,23,2022,2022-06-12,Kharif,Medium,0
Cabbage,Madurai,16.99,568.1,6,24,2022,2022-06-13,Kharif,High,0
Rice,Vellore,30.69,714.1,6,24,2022,2022-06-13,Kharif,Medium,0
Rice,Trichy,33.96,601.0,6,24,2022,2022-06-13,Kharif,Medium,0
Lady Finger,Vellore,60.92,584.2,6,24,2022,2022-06-14,Kharif,Low,1
Tomato,Thanjavur,36.13,594.8,6,24,2022,2022-06-14,Kharif,Medium,0
Sugarcane,Dindigul,4.08,339.9,6,24,2022,2022-06-14,Kharif,Medium,0
Chilli,Madurai,105.38,544.2,6,24,2022,2022-06-15,Kharif,Medium,0
Chilli,Thanjavur,108.27,213.0,6,24,2022,2022-06-15,Kharif,Medium,0
Tomato,Erode,40.38,496.3,6,24,2022,2022-06-15,Kharif,Medium,0
Sugarcane,Dindigul,3.95,498.6,6,24,2022,2022-06-15,Kharif,Medium,0
Cabbage,Chennai,16.23,710.2,6,24,2022,2022-06-16,Kharif,High,0
Coconut,Dindigul,26.17,365.8,6,24,2022,2022-06-17,Kharif,Medium,0
Groundnut,Tirunelveli,65.96,387.4,6,24,2022,2022-06-17,Kharif,Medium,0
Coconut,Dindigul,25.5,83.7,6,24,2022,2022-06-17,Kharif,Medium,0
Sugarcane,Chennai,3.9,333.9,6,24,2022,2022-06-18,Kharif,Medium,0
Groundnut,Tirunelveli,58.81,526.2,6,24,2022,2022-06-18,Kharif,High,0
Brinjal,Coimbatore,25.57,267.1,6,24,2022,2022-06-19,Kharif,Medium,0
Brinjal,Salem,26.45,564.1,6,25,2022,2022-06-20,Kharif,Medium,0
Cotton,Salem,54.01,169.9,6,25,2022,2022-06-21,Kharif,Medium,0
Lady Finger,Thanjavur,64.07,519.5,6,25,2022,2022-06-21,Kharif,Low,1
Carrot,Chennai,50.43,455.7,6,25,2022,2022-06-21,Kharif,Medium,0
Coconut,Madurai,24.71,382.4,6,25,2022,2022-06-21,Kharif,High,0
Cauliflower,Thanjavur,31.01,382.3,6,25,2022,2022-06-22,Kharif,Medium,0
Cotton,Vellore,60.92,389.2,6,25,2022,2022-06-22,Kharif,Medium,0
Groundnut,Trichy,67.87,467.2,6,25,2022,2022-06-23,Kharif,Medium,0
Onion,Vellore,30.98,725.0,6,25,2022,2022-06-23,Kharif,Medium,0
Groundnut,Madurai,64.43,1015.8,6,25,2022,2022-06-23,Kharif,Medium,0
Cabbage,Chennai,16.65,675.2,6,25,2022,2022-06-23,Kharif,High,0
Lady Finger,Thanjavur,57.48,429.6,6,25,2022,2022-06-24,Kharif,Low,1
Brinjal,Vellore,26.85,679.2,6,25,2022,2022-06-24,Kharif,Medium,0
Groundnut,Trichy,67.0,407.2,6,25,2022,2022-06-24,Kharif,Medium,0
Banana,Tirunelveli,52.55,659.6,6,25,2022,2022-06-25,Kharif,Low,1
Carrot,Erode,51.18,490.0,6,25,2022,2022-06-25,Kharif,Medium,0
Coconut,Coimbatore,27.46,454.5,6,25,2022,2022-06-25,Kharif,Medium,0
Cabbage,Trichy,16.96,426.3,6,25,2022,2022-06-25,Kharif,High,0
Cotton,Trichy,55.9,417.6,6,25,2022,2022-06-25,Kharif,Medium,0
Groundnut,Chennai,68.43,668.6,6,25,2022,2022-06-26,Kharif,Medium,0
Tomato,Salem,33.79,565.5,6,25,2022,2022-06-26,Kharif,High,0
Potato,Dindigul,24.95,631.8,6,25,2022,2022-06-26,Kharif,Medium,0
Chilli,Salem,118.06,492.6,6,26,2022,2022-06-27,Kharif,Medium,0
Lady Finger,Vellore,50.91,642.2,6,26,2022,2022-06-27,Kharif,Medium,1
Carrot,Tirunelveli,47.59,725.0,6,26,2022,2022-06-28,Kharif,Medium,0
Onion,Madurai,28.47,735.8,6,26,2022,2022-06-28,Kharif,High,0
Cauliflower,Erode,30.47,303.8,6,26,2022,2022-06-28,Kharif,Medium,0
Banana,Vellore,52.7,340.9,6,26,2022,2022-06-28,Kharif,Low,1
Coconut,Dindigul,20.67,552.5,6,26,2022,2022-06-28,Kharif,High,0
Coconut,Thanjavur,25.94,476.0,6,26,2022,2022-06-28,Kharif,Medium,0
Sugarcane,Thanjavur,3.54,331.9,6,26,2022,2022-06-29,Kharif,Medium,0
Rice,Madurai,33.8,182.9,6,26,2022,2022-06-29,Kharif,Medium,0
Tomato,Erode,45.02,475.8,6,26,2022,2022-06-30,Kharif,Medium,0
Brinjal,Vellore,21.62,676.1,6,26,2022,2022-06-30,Kharif,High,0
Lady Finger,Dindigul,54.07,315.8,7,26,2022,2022-07-01,Kharif,Low,1
Cotton,Tirunelveli,55.85,754.8,7,26,2022,2022-07-01,Kharif,Medium,0
Cotton,Tirunelveli,62.06,576.2,7,26,2022,2022-07-01,Kharif,Medium,0
Rice,Tirunelveli,31.76,371.7,7,26,2022,2022-07-02,Kharif,Medium,0
Cabbage,Vellore,16.32,528.5,7,26,2022,2022-07-02,Kharif,High,0
Rice,Tirunelveli,34.57,357.2,7,26,2022,2022-07-02,Kharif,Medium,0
Carrot,Salem,43.71,511.3,7,26,2022,2022-07-02,Kharif,High,0
Chilli,Vellore,104.85,944.9,7,26,2022,2022-07-02,Kharif,Medium,0
Banana,Tirunelveli,36.28,526.1,7,26,2022,2022-07-02,Kharif,High,0
Onion,Coimbatore,23.46,536.2,7,26,2022,2022-07-02,Kharif,High,0
Sugarcane,Vellore,3.32,508.7,7,26,2022,2022-07-02,Kharif,High,0
Coconut,Dindigul,25.53,503.5,7,26,2022,2022-07-03,Kharif,Medium,0
Lady Finger,Salem,52.97,418.0,7,26,2022,2022-07-03,Kharif,Low,1
Onion,Coimbatore,28.9,671.3,7,26,2022,2022-07-03,Kharif,High,0
Onion,Trichy,23.84,200.2,7,26,2022,2022-07-03,Kharif,High,0
Tomato,Coimbatore,37.0,625.6,7,27,2022,2022-07-04,Kharif,Medium,0
Brinjal,Madurai,36.23,553.9,7,27,2022,2022-07-04,Kharif,Low,1
Groundnut,Vellore,68.04,504.7,7,27,2022,2022-07-04,Kharif,Medium,0
Banana,Erode,42.96,404.2,7,27,2022,2022-07-04,Kharif,Medium,0
Cabbage,Coimbatore,16.22,828.6,7,27,2022,2022-07-05,Kharif,High,0
Sugarcane,Erode,3.99,598.6,7,27,2022,2022-07-05,Kharif,Medium,0
Cabbage,Erode,18.12,508.0,7,27,2022,2022-07-05,Kharif,Medium,0
Coconut,Chennai,27.0,727.2,7,27,2022,2022-07-05,Kharif,Medium,0
Coconut,Erode,25.47,658.2,7,27,2022,2022-07-06,Kharif,High,0
Brinjal,Trichy,37.64,476.7,7,27,2022,2022-07-06,Kharif,Low,1
Groundnut,Chennai,73.54,615.7,7,27,2022,2022-07-06,Kharif,Medium,0
Lady Finger,Erode,52.63,330.1,7,27,2022,2022-07-06,Kharif,Low,1
Onion,Erode,27.3,624.0,7,27,2022,2022-07-07,Kharif,High,0
Potato,Chennai,26.9,381.5,7,27,2022,2022-07-07,Kharif,Medium,0
Potato,Tirunelveli,25.6,645.3,7,27,2022,2022-07-07,Kharif,Medium,0
Potato,Erode,21.18,260.4,7,27,2022,2022-07-07,Kharif,High,0
Cotton,Trichy,56.81,522.2,7,27,2022,2022-07-08,Kharif,Medium,0
Carrot,Tirunelveli,54.61,602.8,7,27,2022,2022-07-09,Kharif,Medium,0
Cabbage,Vellore,16.06,659.3,7,27,2022,2022-07-09,Kharif,High,0
Cabbage,Chennai,20.87,771.2,7,27,2022,2022-07-09,Kharif,Medium,0
Tomato,Vellore,36.6,619.0,7,27,2022,2022-07-10,Kharif,Medium,0
Onion,Coimbatore,29.43,550.9,7,27,2022,2022-07-10,Kharif,High,0
Cauliflower,Trichy,35.36,87.5,7,27,2022,2022-07-10,Kharif,Medium,0
Cauliflower,Chennai,30.75,415.6,7,27,2022,2022-07-10,Kharif,Medium,0
Cotton,Chennai,60.11,475.3,7,27,2022,2022-07-10,Kharif,Medium,0
Cotton,Coimbatore,58.14,461.0,7,27,2022,2022-07-10,Kharif,Medium,0
Sugarcane,Salem,3.87,645.4,7,28,2022,2022-07-11,Kharif,Medium,0
Cabbage,Chennai,18.46,388.3,7,28,2022,2022-07-11,Kharif,Medium,0
Coconut,Thanjavur,28.66,484.4,7,28,2022,2022-07-11,Kharif,Medium,0
Onion,Vellore,30.91,357.1,7,28,2022,2022-07-11,Kharif,Medium,0
Cotton,Madurai,49.54,391.6,7,28,2022,2022-07-12,Kharif,High,0
Rice,Madurai,34.41,648.4,7,28,2022,2022-07-13,Kharif,Medium,0
Potato,Trichy,26.53,603.5,7,28,2022,2022-07-14,Kharif,Medium,0
Groundnut,Tirunelveli,62.64,732.5,7,28,2022,2022-07-14,Kharif,High,0
Sugarcane,Coimbatore,3.45,356.9,7,28,2022,2022-07-14,Kharif,Medium,0
Sugarcane,Dindigul,3.39,526.1,7,28,2022,2022-07-15,Kharif,High,0
Cabbage,Erode,15.05,336.6,7,28,2022,2022-07-15,Kharif,High,0
Banana,Coimbatore,37.56,462.5,7,28,2022,2022-07-15,Kharif,High,0
Lady Finger,Dindigul,59.3,447.2,7,28,2022,2022-07-15,Kharif,Low,1
Coconut,Vellore,25.67,494.4,7,28,2022,2022-07-16,Kharif,Medium,0
Lady Finger,Coimbatore,56.3,577.9,7,28,2022,2022-07-16,Kharif,Low,1
Carrot,Dindigul,49.05,538.8,7,28,2022,2022-07-17,Kharif,Medium,0
Banana,Coimbatore,41.78,631.3,7,29,2022,2022-07-18,Kharif,Medium,0
Onion,Tirunelveli,29.88,301.3,7,29,2022,2022-07-18,Kharif,Medium,0
Rice,Coimbatore,26.58,375.7,7,29,2022,2022-07-18,Kharif,High,0
Brinjal,Dindigul,37.61,245.4,7,29,2022,2022-07-19,Kharif,Low,1
Chilli,Thanjavur,97.26,474.5,7,29,2022,2022-07-19,Kharif,High,0
Coconut,Chennai,24.79,621.8,7,29,2022,2022-07-19,Kharif,High,0
Coconut,Erode,28.62,736.3,7,29,2022,2022-07-19,Kharif,Medium,0
Brinjal,Thanjavur,34.71,557.6,7,29,2022,2022-07-20,Kharif,Low,1
Cauliflower,Salem,30.67,525.0,7,29,2022,2022-07-21,Kharif,Medium,0
Banana,Trichy,46.35,847.4,7,29,2022,2022-07-21,Kharif,Medium,0
Sugarcane,Erode,3.31,559.9,7,29,2022,2022-07-22,Kharif,High,0
Banana,Dindigul,43.91,384.3,7,29,2022,2022-07-22,Kharif,Medium,0
Potato,Chennai,23.24,625.5,7,29,2022,2022-07-23,Kharif,High,0
Cabbage,Vellore,20.21,572.7,7,29,2022,2022-07-23,Kharif,Medium,0
Carrot,Madurai,43.18,460.5,7,29,2022,2022-07-23,Kharif,High,0
Onion,Coimbatore,29.33,470.5,7,29,2022,2022-07-23,Kharif,High,0
Tomato,Dindigul,30.76,506.6,7,29,2022,2022-07-23,Kharif,High,0
Banana,Dindigul,39.06,721.9,7,29,2022,2022-07-23,Kharif,Medium,0
Cabbage,Erode,18.01,547.3,7,29,2022,2022-07-24,Kharif,Medium,0
Potato,Salem,27.83,471.6,7,29,2022,2022-07-24,Kharif,Medium,0
Cabbage,Vellore,18.38,378.3,7,30,2022,2022-07-25,Kharif,Medium,0
Cauliflower,Tirunelveli,30.09,706.4,7,30,2022,2022-07-25,Kharif,Medium,0
Brinjal,Madurai,35.02,461.4,7,30,2022,2022-07-25,Kharif,Low,1
Carrot,Trichy,52.29,415.4,7,30,2022,2022-07-25,Kharif,Medium,0
Sugarcane,Tirunelveli,3.04,485.7,7,30,2022,2022-07-25,Kharif,High,0
Sugarcane,Erode,3.33,815.2,7,30,2022,2022-07-25,Kharif,High,0
Carrot,Vellore,50.66,617.2,7,30,2022,2022-07-25,Kharif,Medium,0
Rice,Coimbatore,23.84,945.8,7,30,2022,2022-07-26,Kharif,High,0
Cabbage,Salem,18.89,777.9,7,30,2022,2022-07-26,Kharif,Medium,0
Onion,Thanjavur,29.8,126.7,7,30,2022,2022-07-26,Kharif,Medium,0
Groundnut,Thanjavur,80.65,502.9,7,30,2022,2022-07-26,Kharif,Medium,0
Cauliflower,Dindigul,30.62,628.2,7,30,2022,2022-07-26,Kharif,Medium,0
Potato,Trichy,26.54,576.6,7,30,2022,2022-07-27,Kharif,Medium,0
Onion,Trichy,31.11,457.2,7,30,2022,2022-07-27,Kharif,Medium,0
Lady Finger,Tirunelveli,54.22,378.8,7,30,2022,2022-07-27,Kharif,Low,1
Sugarcane,Dindigul,3.89,616.1,7,30,2022,2022-07-28,Kharif,Medium,0
Groundnut,Coimbatore,70.12,731.3,7,30,2022,2022-07-28,Kharif,Medium,0
Carrot,Salem,45.5,370.5,7,30,2022,2022-07-28,Kharif,High,0
Sugarcane,Dindigul,3.22,500.9,7,30,2022,2022-07-28,Kharif,High,0
Onion,Erode,31.86,618.1,7,30,2022,2022-07-28,Kharif,Medium,0
Chilli,Madurai,118.55,534.0,7,30,2022,2022-07-29,Kharif,Medium,0
Chilli,Erode,103.92,578.8,7,30,2022,2022-07-29,Kharif,Medium,0
Cotton,Vellore,56.89,575.1,7,30,2022,2022-07-29,Kharif,Medium,0
Rice,Madurai,31.65,492.3,7,30,2022,2022-07-29,Kharif,Medium,0
Lady Finger,Trichy,55.11,291.1,7,30,2022,2022-07-30,Kharif,Low,1
Banana,Vellore,41.73,463.3,7,30,2022,2022-07-30,Kharif,Medium,0
Cabbage,Erode,17.34,862.9,7,30,2022,2022-07-30,Kharif,Medium,0
Chilli,Chennai,109.55,545.2,7,30,2022,2022-07-30,Kharif,Medium,0
Brinjal,Chennai,38.7,708.6,7,30,2022,2022-07-30,Kharif,Low,1
Potato,Tirunelveli,27.55,695.0,7,30,2022,2022-07-30,Kharif,Medium,0
Rice,Coimbatore,35.38,501.0,7,30,2022,2022-07-30,Kharif,Medium,0
Cabbage,Chennai,16.97,634.8,7,30,2022,2022-07-30,Kharif,High,0
Coconut,Vellore,24.19,471.5,7,30,2022,2022-07-31,Kharif,High,0
Tomato,Dindigul,34.97,806.1,7,30,2022,2022-07-31,Kharif,Medium,0
Tomato,Erode,36.52,559.5,7,30,2022,2022-07-31,Kharif,Medium,0
Sugarcane,Coimbatore,3.91,437.0,7,30,2022,2022-07-31,Kharif,Medium,0
Sugarcane,Trichy,3.42,352.5,7,30,2022,2022-07-31,Kharif,Medium,0
Cauliflower,Tirunelveli,33.59,611.8,8,31,2022,2022-08-01,Kharif,Medium,0
Cotton,Coimbatore,51.89,452.0,8,31,2022,2022-08-01,Kharif,Medium,0
Sugarcane,Madurai,3.79,530.0,8,31,2022,2022-08-01,Kharif,Medium,0
Coconut,Dindigul,28.1,524.6,8,31,2022,2022-08-02,Kharif,Medium,0
Banana,Coimbatore,41.11,246.2,8,31,2022,2022-08-02,Kharif,Medium,0
Brinjal,Tirunelveli,33.59,462.4,8,31,2022,2022-08-02,Kharif,Medium,1
Tomato,Erode,38.37,544.3,8,31,2022,2022-08-03,Kharif,Medium,0
Chilli,Coimbatore,104.34,464.0,8,31,2022,2022-08-04,Kharif,Medium,0
Rice,Tirunelveli,43.79,267.7,8,31,2022,2022-08-04,Kharif,Low,1
Sugarcane,Salem,3.86,602.5,8,31,2022,2022-08-04,Kharif,Medium,0
Tomato,Thanjavur,35.33,755.0,8,31,2022,2022-08-04,Kharif,Medium,0
Cotton,Salem,45.25,582.6,8,31,2022,2022-08-04,Kharif,High,0
Cotton,Coimbatore,49.63,802.5,8,31,2022,2022-08-05,Kharif,High,0
Potato,Thanjavur,26.53,743.6,8,31,2022,2022-08-05,Kharif,Medium,0
Cabbage,Coimbatore,17.75,762.7,8,31,2022,2022-08-05,Kharif,Medium,0
Cotton,Tirunelveli,55.82,668.6,8,31,2022,2022-08-05,Kharif,Medium,0
Cauliflower,Chennai,29.92,508.4,8,31,2022,2022-08-05,Kharif,Medium,0
Cotton,Coimbatore,56.68,664.4,8,31,2022,2022-08-05,Kharif,Medium,0
Coconut,Dindigul,28.59,590.4,8,31,2022,2022-08-06,Kharif,Medium,0
Chilli,Dindigul,104.56,553.1,8,31,2022,2022-08-06,Kharif,Medium,0
Banana,Coimbatore,38.84,202.9,8,31,2022,2022-08-06,Kharif,Medium,0
Cotton,Chennai,59.98,528.0,8,31,2022,2022-08-06,Kharif,Medium,0
Cauliflower,Thanjavur,31.38,650.5,8,31,2022,2022-08-06,Kharif,Medium,0
Chilli,Vellore,109.93,616.3,8,31,2022,2022-08-07,Kharif,Medium,0
Cotton,Salem,55.94,494.8,8,31,2022,2022-08-07,Kharif,Medium,0
Coconut,Chennai,29.6,774.8,8,31,2022,2022-08-07,Kharif,Medium,0
Sugarcane,Tirunelveli,3.39,231.6,8,31,2022,2022-08-07,Kharif,High,0
Groundnut,Thanjavur,65.75,539.1,8,31,2022,2022-08-07,Kharif,Medium,0
Chilli,Madurai,116.75,385.2,8,31,2022,2022-08-07,Kharif,Medium,0
Rice,Madurai,43.95,373.1,8,31,2022,2022-08-07,Kharif,Low,1
Onion,Tirunelveli,36.41,665.3,8,32,2022,2022-08-08,Kharif,Medium,0
Banana,Vellore,40.96,581.4,8,32,2022,2022-08-08,Kharif,Medium,0
Rice,Erode,47.72,439.0,8,32,2022,2022-08-08,Kharif,Low,1
Banana,Coimbatore,41.93,662.1,8,32,2022,2022-08-08,Kharif,Medium,0
Groundnut,Thanjavur,64.4,930.1,8,32,2022,2022-08-09,Kharif,Medium,0
Tomato,Salem,30.83,279.9,8,32,2022,2022-08-09,Kharif,High,0
Cabbage,Vellore,19.15,594.3,8,32,2022,2022-08-09,Kharif,Medium,0
Lady Finger,Chennai,53.87,661.2,8,32,2022,2022-08-09,Kharif,Low,1
Groundnut,Vellore,63.18,322.1,8,32,2022,2022-08-10,Kharif,High,0
Potato,Erode,29.21,835.0,8,32,2022,2022-08-10,Kharif,Medium,0
Cotton,Trichy,55.47,405.0,8,32,2022,2022-08-11,Kharif,Medium,0
Coconut,Coimbatore,28.52,628.1,8,32,2022,2022-08-12,Kharif,Medium,0
Banana,Coimbatore,41.21,839.7,8,32,2022,2022-08-12,Kharif,Medium,0
Coconut,Dindigul,27.25,546.1,8,32,2022,2022-08-12,Kharif,Medium,0
Groundnut,Vellore,65.93,558.5,8,32,2022,2022-08-12,Kharif,Medium,0
Cotton,Dindigul,56.04,742.1,8,32,2022,2022-08-12,Kharif,Medium,0
Banana,Madurai,40.64,603.3,8,32,2022,2022-08-12,Kharif,Medium,0
Cotton,Chennai,49.53,517.1,8,32,2022,2022-08-13,Kharif,High,0
Brinjal,Coimbatore,33.56,440.1,8,32,2022,2022-08-14,Kharif,Medium,1
Carrot,Tirunelveli,52.39,362.0,8,32,2022,2022-08-14,Kharif,Medium,0
Cotton,Madurai,55.67,666.3,8,32,2022,2022-08-14,Kharif,Medium,0
Cauliflower,Chennai,27.68,621.9,8,33,2022,2022-08-15,Kharif,High,0
Groundnut,Vellore,62.58,645.9,8,33,2022,2022-08-15,Kharif,High,0
Coconut,Coimbatore,25.14,487.2,8,33,2022,2022-08-15,Kharif,High,0
Carrot,Madurai,53.47,292.5,8,33,2022,2022-08-16,Kharif,Medium,0
Banana,Madurai,40.29,654.9,8,33,2022,2022-08-16,Kharif,Medium,0
Cotton,Vellore,50.85,686.5,8,33,2022,2022-08-17,Kharif,High,0
Potato,Trichy,25.84,496.6,8,33,2022,2022-08-18,Kharif,Medium,0
Cauliflower,Dindigul,29.57,485.6,8,33,2022,2022-08-18,Kharif,High,0
Tomato,Salem,34.17,408.1,8,33,2022,2022-08-18,Kharif,Medium,0
Cotton,Tirunelveli,52.79,658.1,8,33,2022,2022-08-19,Kharif,Medium,0
Tomato,Salem,38.67,668.1,8,33,2022,2022-08-19,Kharif,Medium,0
Brinjal,Tirunelveli,38.27,396.4,8,33,2022,2022-08-19,Kharif,Low,1
Cotton,Coimbatore,56.53,388.6,8,33,2022,2022-08-19,Kharif,Medium,0
Cauliflower,Erode,27.49,594.3,8,33,2022,2022-08-20,Kharif,High,0
Cabbage,Coimbatore,17.25,254.0,8,33,2022,2022-08-20,Kharif,Medium,0
Sugarcane,Thanjavur,3.84,614.2,8,33,2022,2022-08-20,Kharif,Medium,0
Rice,Tirunelveli,43.71,603.6,8,33,2022,2022-08-20,Kharif,Low,1
Onion,Erode,30.89,574.8,8,33,2022,2022-08-20,Kharif,Medium,0
Coconut,Madurai,26.86,491.5,8,33,2022,2022-08-20,Kharif,Medium,0
Lady Finger,Vellore,58.99,640.0,8,33,2022,2022-08-21,Kharif,Low,1
Brinjal,Vellore,40.23,328.0,8,33,2022,2022-08-21,Kharif,Low,1
Banana,Salem,42.41,465.1,8,33,2022,2022-08-21,Kharif,Medium,0
Brinjal,Erode,39.28,460.3,8,34,2022,2022-08-22,Kharif,Low,1
Onion,Coimbatore,28.33,15.3,8,34,2022,2022-08-22,Kharif,High,0
Chilli,Chennai,109.94,579.6,8,34,2022,2022-08-22,Kharif,Medium,0
Potato,Trichy,23.7,206.6,8,34,2022,2022-08-23,Kharif,High,0
Sugarcane,Erode,3.74,422.2,8,34,2022,2022-08-23,Kharif,Medium,0
Carrot,Erode,55.37,551.5,8,34,2022,2022-08-23,Kharif,Medium,0
Cabbage,Chennai,17.26,254.1,8,34,2022,2022-08-23,Kharif,Medium,0
Sugarcane,Salem,4.07,614.4,8,34,2022,2022-08-23,Kharif,Medium,0
Tomato,Thanjavur,41.49,334.2,8,34,2022,2022-08-24,Kharif,Medium,0
Rice,Trichy,42.99,411.2,8,34,2022,2022-08-24,Kharif,Low,1
Cabbage,Vellore,17.31,545.3,8,34,2022,2022-08-24,Kharif,Medium,0
Sugarcane,Vellore,3.45,915.5,8,34,2022,2022-08-24,Kharif,Medium,0
Chilli,Erode,114.13,589.3,8,34,2022,2022-08-25,Kharif,Medium,0
Potato,Erode,28.65,594.0,8,34,2022,2022-08-25,Kharif,Medium,0
Banana,Erode,40.78,589.3,8,34,2022,2022-08-26,Kharif,Medium,0
Groundnut,Thanjavur,68.6,530.4,8,34,2022,2022-08-26,Kharif,Medium,0
Coconut,Trichy,27.74,493.3,8,34,2022,2022-08-26,Kharif,Medium,0
Cauliflower,Tirunelveli,28.46,309.3,8,34,2022,2022-08-26,Kharif,High,0
Tomato,Coimbatore,33.11,375.6,8,34,2022,2022-08-27,Kharif,High,0
Banana,Tirunelveli,39.76,368.7,8,34,2022,2022-08-27,Kharif,Medium,0
Brinjal,Coimbatore,34.97,369.9,8,34,2022,2022-08-27,Kharif,Low,1
Coconut,Thanjavur,30.14,779.2,8,34,2022,2022-08-28,Kharif,Medium,0
Potato,Dindigul,23.27,645.1,8,34,2022,2022-08-28,Kharif,High,0
Potato,Trichy,29.25,533.5,8,34,2022,2022-08-28,Kharif,Medium,0
Rice,Trichy,44.66,541.7,8,34,2022,2022-08-28,Kharif,Low,1
Banana,Vellore,41.78,762.5,8,34,2022,2022-08-28,Kharif,Medium,0
Cauliflower,Salem,29.6,347.1,8,35,2022,2022-08-29,Kharif,High,0
Sugarcane,Madurai,3.38,429.5,8,35,2022,2022-08-29,Kharif,High,0
Banana,Madurai,41.48,650.4,8,35,2022,2022-08-29,Kharif,Medium,0
Rice,Salem,42.53,298.0,8,35,2022,2022-08-29,Kharif,Low,1
Potato,Chennai,26.71,565.1,8,35,2022,2022-08-29,Kharif,Medium,0
Sugarcane,Dindigul,3.99,785.2,8,35,2022,2022-08-30,Kharif,Medium,0
Potato,Vellore,26.19,504.0,8,35,2022,2022-08-30,Kharif,Medium,0
Onion,Erode,33.17,370.2,8,35,2022,2022-08-30,Kharif,Medium,0
Chilli,Trichy,110.95,651.6,8,35,2022,2022-08-31,Kharif,Medium,0
Onion,Salem,33.28,413.2,8,35,2022,2022-08-31,Kharif,Medium,0
Coconut,Vellore,26.34,626.3,8,35,2022,2022-08-31,Kharif,Medium,0
Lady Finger,Vellore,39.02,462.0,9,35,2022,2022-09-01,Kharif,Medium,0
Brinjal,Vellore,36.77,405.0,9,35,2022,2022-09-01,Kharif,Low,1
Tomato,Erode,37.21,348.7,9,35,2022,2022-09-01,Kharif,Medium,0
Coconut,Trichy,26.8,295.3,9,35,2022,2022-09-01,Kharif,Medium,0
Lady Finger,Coimbatore,43.53,670.4,9,35,2022,2022-09-02,Kharif,Medium,0
Sugarcane,Thanjavur,3.6,794.7,9,35,2022,2022-09-02,Kharif,Medium,0
Sugarcane,Madurai,3.55,282.8,9,35,2022,2022-09-02,Kharif,Medium,0
Carrot,Erode,49.17,486.4,9,35,2022,2022-09-03,Kharif,Medium,0
Tomato,Vellore,34.75,412.9,9,35,2022,2022-09-04,Kharif,Medium,0
Coconut,Madurai,29.28,586.7,9,35,2022,2022-09-04,Kharif,Medium,0
Coconut,Dindigul,27.69,615.4,9,35,2022,2022-09-04,Kharif,Medium,0
Lady Finger,Chennai,39.95,523.9,9,35,2022,2022-09-04,Kharif,Medium,0
Groundnut,Vellore,65.65,542.6,9,36,2022,2022-09-05,Kharif,Medium,0
Rice,Salem,43.12,740.6,9,36,2022,2022-09-05,Kharif,Low,1
Banana,Tirunelveli,41.41,705.8,9,36,2022,2022-09-05,Kharif,Medium,0
Banana,Salem,39.29,575.0,9,36,2022,2022-09-05,Kharif,Medium,0
Cotton,Madurai,50.0,115.7,9,36,2022,2022-09-06,Kharif,High,0
Cauliflower,Erode,33.53,731.6,9,36,2022,2022-09-06,Kharif,Medium,0
Tomato,Tirunelveli,35.58,272.0,9,36,2022,2022-09-06,Kharif,Medium,0
Lady Finger,Salem,41.18,613.4,9,36,2022,2022-09-06,Kharif,Medium,0
Groundnut,Erode,73.16,300.5,9,36,2022,2022-09-06,Kharif,Medium,0
Groundnut,Thanjavur,83.44,613.1,9,36,2022,2022-09-06,Kharif,Medium,0
Rice,Trichy,40.36,522.8,9,36,2022,2022-09-07,Kharif,Low,1
Lady Finger,Trichy,38.25,247.8,9,36,2022,2022-09-07,Kharif,Medium,0
Groundnut,Chennai,67.83,453.7,9,36,2022,2022-09-07,Kharif,Medium,0
Cabbage,Chennai,19.02,940.6,9,36,2022,2022-09-07,Kharif,Medium,0
Rice,Dindigul,46.77,502.1,9,36,2022,2022-09-08,Kharif,Low,1
Onion,Vellore,32.51,488.1,9,36,2022,2022-09-08,Kharif,Medium,0
Rice,Erode,37.0,364.7,9,36,2022,2022-09-08,Kharif,Medium,1
Potato,Vellore,24.22,535.0,9,36,2022,2022-09-08,Kharif,Medium,0
Brinjal,Vellore,40.96,510.5,9,36,2022,2022-09-09,Kharif,Low,1
Cabbage,Madurai,16.75,599.6,9,36,2022,2022-09-09,Kharif,High,0
Lady Finger,Thanjavur,41.92,386.8,9,36,2022,2022-09-09,Kharif,Medium,0
Lady Finger,Madurai,38.92,484.1,9,36,2022,2022-09-10,Kharif,Medium,0
Banana,Dindigul,35.76,465.6,9,36,2022,2022-09-10,Kharif,High,0
Cauliflower,Dindigul,31.83,597.9,9,36,2022,2022-09-10,Kharif,Medium,0
Brinjal,Dindigul,37.78,390.2,9,36,2022,2022-09-10,Kharif,Low,1
Brinjal,Tirunelveli,41.95,314.4,9,36,2022,2022-09-11,Kharif,Low,1
Cotton,Vellore,52.89,255.3,9,36,2022,2022-09-11,Kharif,Medium,0
Coconut,Madurai,31.98,513.1,9,36,2022,2022-09-11,Kharif,Medium,0
Sugarcane,Madurai,3.6,632.3,9,36,2022,2022-09-11,Kharif,Medium,0
Tomato,Coimbatore,35.05,384.8,9,36,2022,2022-09-11,Kharif,Medium,0
Tomato,Dindigul,34.77,589.8,9,37,2022,2022-09-12,Kharif,Medium,0
Groundnut,Coimbatore,66.11,358.8,9,37,2022,2022-09-12,Kharif,Medium,0
Cabbage,Erode,18.85,698.3,9,37,2022,2022-09-12,Kharif,Medium,0
Chilli,Trichy,105.55,685.5,9,37,2022,2022-09-12,Kharif,Medium,0
Cauliflower,Chennai,32.68,88.4,9,37,2022,2022-09-12,Kharif,Medium,0
Cabbage,Erode,18.32,521.2,9,37,2022,2022-09-12,Kharif,Medium,0
Brinjal,Dindigul,35.01,221.3,9,37,2022,2022-09-13,Kharif,Low,1
Cabbage,Thanjavur,17.67,726.3,9,37,2022,2022-09-13,Kharif,Medium,0
Onion,Trichy,28.03,438.2,9,37,2022,2022-09-13,Kharif,High,0
Rice,Trichy,39.3,540.5,9,37,2022,2022-09-14,Kharif,Medium,1
Lady Finger,Trichy,43.49,550.8,9,37,2022,2022-09-14,Kharif,Medium,0
Potato,Chennai,21.34,729.8,9,37,2022,2022-09-14,Kharif,High,0
Potato,Salem,22.07,982.7,9,37,2022,2022-09-15,Kharif,High,0
Tomato,Tirunelveli,33.61,787.6,9,37,2022,2022-09-15,Kharif,High,0
Lady Finger,Coimbatore,38.16,504.3,9,37,2022,2022-09-15,Kharif,High,0
Chilli,Tirunelveli,105.96,454.3,9,37,2022,2022-09-16,Kharif,Medium,0
Cotton,Trichy,59.7,542.2,9,37,2022,2022-09-16,Kharif,Medium,0
Cauliflower,Dindigul,33.77,468.6,9,37,2022,2022-09-16,Kharif,Medium,0
Chilli,Dindigul,113.27,570.6,9,37,2022,2022-09-17,Kharif,Medium,0
Potato,Coimbatore,24.02,678.8,9,37,2022,2022-09-18,Kharif,Medium,0
Rice,Vellore,39.33,533.3,9,37,2022,2022-09-18,Kharif,Medium,1
Cabbage,Erode,17.39,737.9,9,37,2022,2022-09-18,Kharif,Medium,0
Carrot,Coimbatore,46.26,416.5,9,37,2022,2022-09-18,Kharif,High,0
Cabbage,Erode,17.56,536.8,9,38,2022,2022-09-19,Kharif,Medium,0
Chilli,Chennai,109.28,486.4,9,38,2022,2022-09-19,Kharif,Medium,0
Cotton,Vellore,60.6,629.6,9,38,2022,2022-09-19,Kharif,Medium,0
Rice,Chennai,42.33,412.3,9,38,2022,2022-09-19,Kharif,Low,1
Lady Finger,Tirunelveli,44.6,483.4,9,38,2022,2022-09-19,Kharif,Medium,0
Cotton,Dindigul,58.04,465.2,9,38,2022,2022-09-20,Kharif,Medium,0
Cotton,Madurai,55.34,600.5,9,38,2022,2022-09-20,Kharif,Medium,0
Carrot,Chennai,50.12,367.6,9,38,2022,2022-09-20,Kharif,Medium,0
Cauliflower,Erode,30.31,248.0,9,38,2022,2022-09-21,Kharif,Medium,0
Carrot,Coimbatore,51.61,639.0,9,38,2022,2022-09-21,Kharif,Medium,0
Banana,Tirunelveli,39.3,548.7,9,38,2022,2022-09-22,Kharif,Medium,0
Carrot,Madurai,44.2,730.5,9,38,2022,2022-09-22,Kharif,High,0
Chilli,Dindigul,108.22,571.4,9,38,2022,2022-09-22,Kharif,Medium,0
Potato,Coimbatore,28.48,430.2,9,38,2022,2022-09-22,Kharif,Medium,0
Sugarcane,Erode,3.74,630.5,9,38,2022,2022-09-22,Kharif,Medium,0
Lady Finger,Trichy,46.75,367.6,9,38,2022,2022-09-23,Kharif,Medium,0
Onion,Chennai,30.46,467.7,9,38,2022,2022-09-23,Kharif,Medium,0
Cotton,Coimbatore,53.67,537.0,9,38,2022,2022-09-23,Kharif,Medium,0
Cauliflower,Salem,29.95,706.9,9,38,2022,2022-09-24,Kharif,Medium,0
Lady Finger,Dindigul,35.85,569.0,9,38,2022,2022-09-25,Kharif,High,0
Cauliflower,Coimbatore,29.14,332.9,9,38,2022,2022-09-25,Kharif,High,0
Groundnut,Chennai,56.46,651.8,9,38,2022,2022-09-25,Kharif,High,0
Banana,Tirunelveli,40.75,563.5,9,39,2022,2022-09-26,Kharif,Medium,0
Banana,Thanjavur,41.95,594.6,9,39,2022,2022-09-26,Kharif,Medium,0
Brinjal,Madurai,37.52,439.7,9,39,2022,2022-09-26,Kharif,Low,1
Rice,Salem,43.13,613.4,9,39,2022,2022-09-26,Kharif,Low,1
Cabbage,Erode,18.76,786.1,9,39,2022,2022-09-26,Kharif,Medium,0
Carrot,Vellore,49.36,641.8,9,39,2022,2022-09-27,Kharif,Medium,0
Coconut,Chennai,25.69,420.8,9,39,2022,2022-09-27,Kharif,Medium,0
Sugarcane,Tirunelveli,3.61,525.9,9,39,2022,2022-09-27,Kharif,Medium,0
Groundnut,Thanjavur,69.71,603.3,9,39,2022,2022-09-28,Kharif,Medium,0
Cotton,Chennai,49.33,259.3,9,39,2022,2022-09-28,Kharif,High,0
Coconut,Vellore,29.74,442.7,9,39,2022,2022-09-28,Kharif,Medium,0
Brinjal,Salem,38.29,440.5,9,39,2022,2022-09-28,Kharif,Low,1
Cauliflower,Vellore,32.26,459.0,9,39,2022,2022-09-28,Kharif,Medium,0
Brinjal,Coimbatore,36.27,481.2,9,39,2022,2022-09-29,Kharif,Low,1
Brinjal,Dindigul,33.55,709.0,9,39,2022,2022-09-29,Kharif,Medium,1
Tomato,Erode,42.22,536.1,9,39,2022,2022-09-30,Kharif,Medium,0
Onion,Thanjavur,31.32,719.0,9,39,2022,2022-09-30,Kharif,Medium,0
Potato,Tirunelveli,24.71,497.4,9,39,2022,2022-09-30,Kharif,Medium,0
Brinjal,Tirunelveli,35.42,396.5,9,39,2022,2022-09-30,Kharif,Low,1
Potato,Trichy,30.2,748.4,9,39,2022,2022-09-30,Kharif,Medium,0
Onion,Thanjavur,31.89,580.0,10,39,2022,2022-10-01,Kharif,Medium,0
Sugarcane,Vellore,4.99,487.0,10,39,2022,2022-10-01,Kharif,Low,1
Brinjal,Erode,27.71,321.3,10,39,2022,2022-10-01,Kharif,Medium,0
Banana,Chennai,38.04,428.4,10,39,2022,2022-10-01,Kharif,High,0
Sugarcane,Erode,4.47,439.1,10,39,2022,2022-10-02,Kharif,Medium,1
Sugarcane,Trichy,5.25,389.6,10,39,2022,2022-10-02,Kharif,Low,1
Banana,Salem,44.16,718.7,10,39,2022,2022-10-02,Kharif,Medium,0
Sugarcane,Vellore,5.18,477.6,10,39,2022,2022-10-02,Kharif,Low,1
Cabbage,Vellore,18.47,696.6,10,40,2022,2022-10-03,Kharif,Medium,0
Cauliflower,Coimbatore,28.72,531.1,10,40,2022,2022-10-03,Kharif,High,0
Lady Finger,Coimbatore,38.31,353.6,10,40,2022,2022-10-03,Kharif,Medium,0
Groundnut,Erode,94.53,357.3,10,40,2022,2022-10-03,Kharif,Low,1
Banana,Thanjavur,43.27,622.1,10,40,2022,2022-10-04,Kharif,Medium,0
Lady Finger,Erode,39.56,641.5,10,40,2022,2022-10-04,Kharif,Medium,0
Onion,Madurai,26.88,719.5,10,40,2022,2022-10-04,Kharif,High,0
Cotton,Madurai,77.79,369.4,10,40,2022,2022-10-04,Kharif,Low,1
Coconut,Tirunelveli,28.6,374.5,10,40,2022,2022-10-05,Kharif,Medium,0
Cauliflower,Coimbatore,30.8,597.3,10,40,2022,2022-10-05,Kharif,Medium,0
Onion,Salem,29.17,765.4,10,40,2022,2022-10-06,Kharif,High,0
Lady Finger,Erode,40.46,695.3,10,40,2022,2022-10-07,Kharif,Medium,0
Onion,Vellore,34.2,432.7,10,40,2022,2022-10-07,Kharif,Medium,0
Potato,Trichy,26.04,662.2,10,40,2022,2022-10-07,Kharif,Medium,0
Lady Finger,Salem,33.55,528.9,10,40,2022,2022-10-07,Kharif,High,0
Groundnut,Thanjavur,87.31,530.2,10,40,2022,2022-10-07,Kharif,Low,1
Onion,Salem,32.21,551.8,10,40,2022,2022-10-08,Kharif,Medium,0
Sugarcane,Dindigul,5.07,376.9,10,40,2022,2022-10-08,Kharif,Low,1
Cabbage,Madurai,16.15,658.0,10,40,2022,2022-10-09,Kharif,High,0
Onion,Chennai,31.52,448.0,10,40,2022,2022-10-09,Kharif,Medium,0
Chilli,Madurai,115.82,678.3,10,40,2022,2022-10-09,Kharif,Medium,0
Potato,Salem,25.24,580.3,10,40,2022,2022-10-09,Kharif,Medium,0
Banana,Salem,37.59,410.0,10,40,2022,2022-10-09,Kharif,High,0
Sugarcane,Thanjavur,4.44,340.6,10,40,2022,2022-10-09,Kharif,Medium,1
Brinjal,Madurai,26.52,274.5,10,41,2022,2022-10-10,Kharif,Medium,0
Cotton,Salem,71.83,338.0,10,41,2022,2022-10-10,Kharif,Low,1
Sugarcane,Madurai,4.97,534.9,10,41,2022,2022-10-10,Kharif,Low,1
Groundnut,Thanjavur,90.35,544.2,10,41,2022,2022-10-10,Kharif,Low,1
Groundnut,Dindigul,87.5,230.6,10,41,2022,2022-10-10,Kharif,Low,1
Cauliflower,Thanjavur,32.67,12.6,10,41,2022,2022-10-10,Kharif,Medium,0
Sugarcane,Dindigul,4.5,517.5,10,41,2022,2022-10-10,Kharif,Medium,1
Chilli,Tirunelveli,101.07,786.5,10,41,2022,2022-10-10,Kharif,High,0
Coconut,Salem,23.67,407.7,10,41,2022,2022-10-10,Kharif,High,0
Chilli,Salem,100.88,545.7,10,41,2022,2022-10-11,Kharif,High,0
Brinjal,Erode,25.27,784.7,10,41,2022,2022-10-11,Kharif,High,0
Cotton,Salem,72.95,398.1,10,41,2022,2022-10-11,Kharif,Low,1
Chilli,Madurai,94.77,568.9,10,41,2022,2022-10-11,Kharif,High,0
Groundnut,Madurai,80.2,689.6,10,41,2022,2022-10-12,Kharif,Medium,1
Tomato,Vellore,52.55,544.5,10,41,2022,2022-10-12,Kharif,Low,1
Sugarcane,Vellore,4.87,419.7,10,41,2022,2022-10-12,Kharif,Low,1
Cotton,Chennai,74.01,245.9,10,41,2022,2022-10-12,Kharif,Low,1
Tomato,Thanjavur,47.65,513.6,10,41,2022,2022-10-12,Kharif,Low,1
Sugarcane,Tirunelveli,4.7,851.8,10,41,2022,2022-10-13,Kharif,Low,1
Coconut,Erode,28.49,282.5,10,41,2022,2022-10-13,Kharif,Medium,0
Cauliflower,Chennai,31.67,921.5,10,41,2022,2022-10-13,Kharif,Medium,0
Onion,Salem,30.07,348.9,10,41,2022,2022-10-13,Kharif,Medium,0
Chilli,Chennai,99.83,451.4,10,41,2022,2022-10-13,Kharif,High,0
Tomato,Vellore,50.65,562.6,10,41,2022,2022-10-13,Kharif,Low,1
Rice,Chennai,41.11,347.5,10,41,2022,2022-10-14,Kharif,Low,1
Onion,Coimbatore,33.02,391.2,10,41,2022,2022-10-14,Kharif,Medium,0
Groundnut,Vellore,82.85,495.4,10,41,2022,2022-10-14,Kharif,Medium,1
Cabbage,Trichy,17.69,271.3,10,41,2022,2022-10-14,Kharif,Medium,0
Groundnut,Coimbatore,81.13,563.2,10,41,2022,2022-10-14,Kharif,Medium,1
Cauliflower,Thanjavur,27.18,709.5,10,41,2022,2022-10-14,Kharif,High,0
Lady Finger,Erode,34.89,939.9,10,41,2022,2022-10-15,Kharif,High,0
Potato,Thanjavur,26.61,532.6,10,41,2022,2022-10-15,Kharif,Medium,0
Brinjal,Coimbatore,28.99,580.8,10,41,2022,2022-10-16,Kharif,Medium,0
Cauliflower,Erode,32.28,429.9,10,41,2022,2022-10-16,Kharif,Medium,0
Brinjal,Dindigul,28.45,621.6,10,42,2022,2022-10-17,Kharif,Medium,0
Lady Finger,Thanjavur,38.68,771.8,10,42,2022,2022-10-17,Kharif,Medium,0
Chilli,Trichy,112.84,531.6,10,42,2022,2022-10-17,Kharif,Medium,0
Onion,Trichy,32.3,285.1,10,42,2022,2022-10-17,Kharif,Medium,0
Tomato,Madurai,53.53,290.8,10,42,2022,2022-10-18,Kharif,Low,1
Brinjal,Coimbatore,29.16,822.2,10,42,2022,2022-10-18,Kharif,Medium,0
Lady Finger,Tirunelveli,40.95,395.4,10,42,2022,2022-10-18,Kharif,Medium,0
Tomato,Salem,59.79,195.0,10,42,2022,2022-10-18,Kharif,Low,1
Onion,Vellore,30.59,686.6,10,42,2022,2022-10-18,Kharif,Medium,0
Onion,Coimbatore,32.23,442.8,10,42,2022,2022-10-18,Kharif,Medium,0
Cotton,Madurai,72.15,337.7,10,42,2022,2022-10-19,Kharif,Low,1
Cabbage,Thanjavur,18.59,671.3,10,42,2022,2022-10-19,Kharif,Medium,0
Cotton,Chennai,76.65,286.6,10,42,2022,2022-10-20,Kharif,Low,1
Rice,Chennai,39.74,344.8,10,42,2022,2022-10-20,Kharif,Medium,1
Onion,Trichy,29.22,483.5,10,42,2022,2022-10-20,Kharif,High,0
Potato,Madurai,27.02,264.2,10,42,2022,2022-10-20,Kharif,Medium,0
Cauliflower,Erode,32.38,534.5,10,42,2022,2022-10-20,Kharif,Medium,0
Cauliflower,Dindigul,35.34,549.5,10,42,2022,2022-10-21,Kharif,Medium,0
Carrot,Erode,48.85,752.2,10,42,2022,2022-10-21,Kharif,Medium,0
Cotton,Vellore,69.55,480.7,10,42,2022,2022-10-21,Kharif,Low,1
Potato,Salem,25.18,761.5,10,42,2022,2022-10-21,Kharif,Medium,0
Brinjal,Coimbatore,27.1,306.4,10,42,2022,2022-10-22,Kharif,Medium,0
Onion,Chennai,30.84,724.5,10,42,2022,2022-10-22,Kharif,Medium,0
Rice,Salem,43.89,350.1,10,42,2022,2022-10-22,Kharif,Low,1
Onion,Coimbatore,26.81,682.4,10,42,2022,2022-10-23,Kharif,High,0
Cabbage,Madurai,18.47,718.5,10,42,2022,2022-10-23,Kharif,Medium,0
Rice,Thanjavur,44.22,384.5,10,42,2022,2022-10-23,Kharif,Low,1
Rice,Dindigul,44.51,488.8,10,42,2022,2022-10-23,Kharif,Low,1
Tomato,Tirunelveli,42.1,507.5,10,43,2022,2022-10-24,Kharif,Medium,1
Brinjal,Trichy,28.51,574.8,10,43,2022,2022-10-24,Kharif,Medium,0
Tomato,Trichy,57.58,412.9,10,43,2022,2022-10-24,Kharif,Low,1
Chilli,Coimbatore,99.65,339.7,10,43,2022,2022-10-25,Kharif,High,0
Cauliflower,Erode,31.19,725.0,10,43,2022,2022-10-25,Kharif,Medium,0
Carrot,Thanjavur,52.13,601.1,10,43,2022,2022-10-26,Kharif,Medium,0
Potato,Tirunelveli,27.78,607.0,10,43,2022,2022-10-26,Kharif,Medium,0
Carrot,Salem,52.04,565.3,10,43,2022,2022-10-26,Kharif,Medium,0
Carrot,Trichy,49.08,371.3,10,43,2022,2022-10-26,Kharif,Medium,0
Carrot,Chennai,49.39,662.4,10,43,2022,2022-10-27,Kharif,Medium,0
Coconut,Trichy,26.25,504.1,10,43,2022,2022-10-27,Kharif,Medium,0
Cabbage,Vellore,16.4,521.7,10,43,2022,2022-10-27,Kharif,High,0
Cauliflower,Dindigul,26.48,697.1,10,43,2022,2022-10-28,Kharif,High,0
Rice,Madurai,42.65,392.3,10,43,2022,2022-10-28,Kharif,Low,1
Cauliflower,Chennai,32.59,443.3,10,43,2022,2022-10-28,Kharif,Medium,0
Coconut,Dindigul,26.97,913.8,10,43,2022,2022-10-29,Kharif,Medium,0
Coconut,Erode,27.67,745.0,10,43,2022,2022-10-29,Kharif,Medium,0
Coconut,Coimbatore,28.98,393.4,10,43,2022,2022-10-29,Kharif,Medium,0
Chilli,Tirunelveli,95.46,325.0,10,43,2022,2022-10-30,Kharif,High,0
Groundnut,Salem,92.75,324.9,10,43,2022,2022-10-30,Kharif,Low,1
Tomato,Chennai,51.2,236.0,10,43,2022,2022-10-30,Kharif,Low,1
Lady Finger,Chennai,38.47,562.1,10,43,2022,2022-10-30,Kharif,Medium,0
Potato,Erode,28.15,444.5,10,43,2022,2022-10-30,Kharif,Medium,0
Chilli,Vellore,116.26,703.6,10,43,2022,2022-10-30,Kharif,Medium,0
Potato,Vellore,24.2,734.9,10,43,2022,2022-10-30,Kharif,Medium,0
Potato,Vellore,24.79,449.4,10,44,2022,2022-10-31,Kharif,Medium,0
Brinjal,Coimbatore,30.49,687.2,10,44,2022,2022-10-31,Kharif,Medium,0
Cotton,Chennai,75.13,223.4,10,44,2022,2022-10-31,Kharif,Low,1
Groundnut,Madurai,91.38,333.4,10,44,2022,2022-10-31,Kharif,Low,1
Rice,Vellore,38.44,436.6,10,44,2022,2022-10-31,Kharif,Medium,1
Tomato,Madurai,53.41,441.9,10,44,2022,2022-10-31,Kharif,Low,1
Groundnut,Tirunelveli,97.19,424.5,10,44,2022,2022-10-31,Kharif,Low,1
Tomato,Erode,49.03,445.0,11,44,2022,2022-11-01,Rabi,Low,1
Chilli,Tirunelveli,113.44,356.4,11,44,2022,2022-11-01,Rabi,Medium,0
Carrot,Erode,66.57,438.1,11,44,2022,2022-11-01,Rabi,Low,1
Banana,Erode,45.86,431.8,11,44,2022,2022-11-01,Rabi,Medium,0
Coconut,Thanjavur,26.32,625.0,11,44,2022,2022-11-02,Rabi,Medium,0
Coconut,Erode,27.74,766.3,11,44,2022,2022-11-02,Rabi,Medium,0
Onion,Trichy,29.14,707.4,11,44,2022,2022-11-02,Rabi,High,0
Carrot,Trichy,60.46,487.8,11,44,2022,2022-11-02,Rabi,Medium,1
Coconut,Tirunelveli,25.82,1045.3,11,44,2022,2022-11-03,Rabi,Medium,0
Banana,Salem,35.92,53.5,11,44,2022,2022-11-03,Rabi,High,0
Cabbage,Tirunelveli,16.57,290.2,11,44,2022,2022-11-03,Rabi,High,0
Banana,Salem,43.84,470.0,11,44,2022,2022-11-04,Rabi,Medium,0
Rice,Coimbatore,30.15,471.5,11,44,2022,2022-11-04,Rabi,Medium,0
Potato,Tirunelveli,33.05,315.6,11,44,2022,2022-11-04,Rabi,Low,1
Banana,Dindigul,42.26,664.3,11,44,2022,2022-11-04,Rabi,Medium,0
Brinjal,Thanjavur,27.22,235.1,11,44,2022,2022-11-05,Rabi,Medium,0
Potato,Salem,38.83,297.1,11,44,2022,2022-11-05,Rabi,Low,1
Cabbage,Vellore,16.44,456.3,11,44,2022,2022-11-06,Rabi,High,0
Chilli,Erode,106.06,483.1,11,44,2022,2022-11-06,Rabi,Medium,0
Potato,Dindigul,35.52,431.8,11,44,2022,2022-11-06,Rabi,Low,1
Coconut,Salem,27.97,399.0,11,45,2022,2022-11-07,Rabi,Medium,0
Coconut,Chennai,26.53,796.7,11,45,2022,2022-11-07,Rabi,Medium,0
Banana,Salem,43.49,784.0,11,45,2022,2022-11-07,Rabi,Medium,0
Sugarcane,Trichy,4.66,480.5,11,45,2022,2022-11-08,Rabi,Low,1
Chilli,Chennai,100.04,687.6,11,45,2022,2022-11-08,Rabi,High,0
Carrot,Thanjavur,71.31,440.0,11,45,2022,2022-11-09,Rabi,Low,1
Rice,Dindigul,35.21,336.2,11,45,2022,2022-11-09,Rabi,Medium,0
Cotton,Vellore,74.37,472.5,11,45,2022,2022-11-09,Rabi,Low,1
Rice,Dindigul,27.1,485.1,11,45,2022,2022-11-09,Rabi,High,0
Onion,Chennai,30.33,494.1,11,45,2022,2022-11-10,Rabi,Medium,0
Potato,Erode,34.75,368.0,11,45,2022,2022-11-10,Rabi,Low,1
Sugarcane,Salem,4.37,444.7,11,45,2022,2022-11-10,Rabi,Medium,1
Cotton,Dindigul,72.14,397.5,11,45,2022,2022-11-10,Rabi,Low,1
Potato,Tirunelveli,37.82,373.9,11,45,2022,2022-11-11,Rabi,Low,1
Cabbage,Erode,19.47,606.6,11,45,2022,2022-11-11,Rabi,Medium,0
Cabbage,Vellore,18.27,534.2,11,45,2022,2022-11-11,Rabi,Medium,0
Tomato,Chennai,59.04,512.8,11,45,2022,2022-11-11,Rabi,Low,1
Brinjal,Thanjavur,27.46,540.5,11,45,2022,2022-11-12,Rabi,Medium,0
Cauliflower,Thanjavur,44.94,262.7,11,45,2022,2022-11-12,Rabi,Low,1
Sugarcane,Coimbatore,4.67,386.6,11,45,2022,2022-11-12,Rabi,Low,1
Cotton,Coimbatore,76.23,395.9,11,45,2022,2022-11-12,Rabi,Low,1
Tomato,Chennai,52.22,618.4,11,45,2022,2022-11-12,Rabi,Low,1
Chilli,Erode,96.79,182.2,11,45,2022,2022-11-13,Rabi,High,0
Chilli,Coimbatore,133.36,362.3,11,45,2022,2022-11-13,Rabi,Medium,0
Cauliflower,Dindigul,46.77,155.7,11,45,2022,2022-11-13,Rabi,Low,1
Lady Finger,Salem,48.26,588.7,11,45,2022,2022-11-13,Rabi,Medium,0
Sugarcane,Erode,4.87,441.2,11,46,2022,2022-11-14,Rabi,Low,1
Rice,Madurai,33.62,392.0,11,46,2022,2022-11-14,Rabi,Medium,0
Brinjal,Dindigul,29.26,379.9,11,46,2022,2022-11-14,Rabi,Medium,0
Coconut,Thanjavur,26.5,540.6,11,46,2022,2022-11-14,Rabi,Medium,0
Sugarcane,Thanjavur,4.23,632.4,11,46,2022,2022-11-15,Rabi,Medium,1
Carrot,Tirunelveli,63.01,292.2,11,46,2022,2022-11-15,Rabi,Medium,1
Lady Finger,Salem,40.37,619.7,11,46,2022,2022-11-15,Rabi,Medium,0
Banana,Dindigul,43.3,573.2,11,46,2022,2022-11-15,Rabi,Medium,0
Groundnut,Trichy,96.09,423.0,11,46,2022,2022-11-15,Rabi,Low,1
Coconut,Vellore,27.47,581.5,11,46,2022,2022-11-16,Rabi,Medium,0
Carrot,Tirunelveli,71.37,410.9,11,46,2022,2022-11-16,Rabi,Low,1
Brinjal,Vellore,29.36,427.2,11,46,2022,2022-11-16,Rabi,Medium,0
Tomato,Erode,55.15,391.5,11,46,2022,2022-11-17,Rabi,Low,1
Cauliflower,Vellore,42.85,449.1,11,46,2022,2022-11-18,Rabi,Low,1
Brinjal,Chennai,26.02,806.4,11,46,2022,2022-11-18,Rabi,Medium,0
Rice,Tirunelveli,36.29,504.7,11,46,2022,2022-11-18,Rabi,Medium,0
Cauliflower,Tirunelveli,39.97,324.4,11,46,2022,2022-11-18,Rabi,Medium,1
Rice,Chennai,32.65,376.2,11,46,2022,2022-11-19,Rabi,Medium,0
Chilli,Madurai,105.99,547.2,11,46,2022,2022-11-19,Rabi,Medium,0
Lady Finger,Thanjavur,44.23,508.3,11,46,2022,2022-11-19,Rabi,Medium,0
Banana,Tirunelveli,37.41,728.1,11,46,2022,2022-11-20,Rabi,High,0
Onion,Coimbatore,28.15,393.4,11,46,2022,2022-11-20,Rabi,High,0
Cauliflower,Dindigul,44.14,421.7,11,46,2022,2022-11-20,Rabi,Low,1
Carrot,Tirunelveli,71.44,365.1,11,46,2022,2022-11-20,Rabi,Low,1
Cabbage,Dindigul,15.68,244.4,11,46,2022,2022-11-20,Rabi,High,0
Lady Finger,Chennai,40.68,680.0,11,47,2022,2022-11-21,Rabi,Medium,0
Groundnut,Erode,84.89,548.9,11,47,2022,2022-11-22,Rabi,Medium,1
Rice,Thanjavur,27.5,216.4,11,47,2022,2022-11-22,Rabi,High,0
Tomato,Chennai,44.53,417.8,11,47,2022,2022-11-22,Rabi,Medium,1
Banana,Chennai,46.44,530.9,11,47,2022,2022-11-23,Rabi,Medium,0
Potato,Chennai,35.72,248.5,11,47,2022,2022-11-23,Rabi,Low,1
Onion,Thanjavur,35.42,485.7,11,47,2022,2022-11-23,Rabi,Medium,0
Potato,Chennai,33.9,610.5,11,47,2022,2022-11-24,Rabi,Low,1
Groundnut,Salem,94.9,616.9,11,47,2022,2022-11-24,Rabi,Low,1
Groundnut,Trichy,91.3,652.3,11,47,2022,2022-11-25,Rabi,Low,1
Banana,Salem,40.03,732.6,11,47,2022,2022-11-25,Rabi,Medium,0
Groundnut,Chennai,84.87,667.8,11,47,2022,2022-11-25,Rabi,Medium,1
Cauliflower,Chennai,41.32,339.8,11,47,2022,2022-11-25,Rabi,Low,1
Banana,Coimbatore,37.89,629.3,11,47,2022,2022-11-25,Rabi,High,0
Carrot,Dindigul,54.25,509.6,11,47,2022,2022-11-26,Rabi,Medium,1
Cotton,Madurai,73.04,413.7,11,47,2022,2022-11-26,Rabi,Low,1
Potato,Dindigul,33.22,576.5,11,47,2022,2022-11-26,Rabi,Low,1
Coconut,Erode,27.65,561.7,11,47,2022,2022-11-26,Rabi,Medium,0
Carrot,Chennai,62.01,468.5,11,47,2022,2022-11-26,Rabi,Medium,1
Banana,Chennai,40.09,472.0,11,47,2022,2022-11-27,Rabi,Medium,0
Sugarcane,Madurai,5.2,242.9,11,47,2022,2022-11-27,Rabi,Low,1
Potato,Trichy,35.14,336.2,11,47,2022,2022-11-27,Rabi,Low,1
Rice,Dindigul,34.05,866.2,11,47,2022,2022-11-27,Rabi,Medium,0
Brinjal,Trichy,28.03,428.9,11,48,2022,2022-11-28,Rabi,Medium,0
Brinjal,Erode,24.75,777.4,11,48,2022,2022-11-28,Rabi,High,0
Carrot,Madurai,67.74,622.4,11,48,2022,2022-11-29,Rabi,Low,1
Groundnut,Dindigul,93.4,365.0,11,48,2022,2022-11-29,Rabi,Low,1
Coconut,Vellore,26.7,508.4,11,48,2022,2022-11-30,Rabi,Medium,0
Cabbage,Trichy,18.48,576.2,11,48,2022,2022-11-30,Rabi,Medium,0
Lady Finger,Dindigul,34.54,601.7,11,48,2022,2022-11-30,Rabi,High,0
Groundnut,Chennai,86.67,633.0,11,48,2022,2022-11-30,Rabi,Low,1
Rice,Trichy,34.79,446.3,11,48,2022,2022-11-30,Rabi,Medium,0
Coconut,Salem,27.61,690.3,11,48,2022,2022-11-30,Rabi,Medium,0
Tomato,Salem,48.44,455.0,11,48,2022,2022-11-30,Rabi,Low,1
Brinjal,Trichy,26.13,971.4,12,48,2022,2022-12-01,Rabi,Medium,0
Groundnut,Salem,65.25,620.5,12,48,2022,2022-12-01,Rabi,Medium,0
Sugarcane,Salem,5.04,341.8,12,48,2022,2022-12-01,Rabi,Low,1
Potato,Vellore,35.05,468.0,12,48,2022,2022-12-01,Rabi,Low,1
Brinjal,Madurai,26.19,493.5,12,48,2022,2022-12-02,Rabi,Medium,0
Sugarcane,Coimbatore,4.75,521.4,12,48,2022,2022-12-02,Rabi,Low,1
Cotton,Trichy,59.68,551.8,12,48,2022,2022-12-03,Rabi,Medium,0
Potato,Coimbatore,33.09,374.6,12,48,2022,2022-12-03,Rabi,Low,1
Onion,Chennai,40.24,388.9,12,48,2022,2022-12-03,Rabi,Medium,1
Lady Finger,Trichy,37.54,456.3,12,48,2022,2022-12-03,Rabi,High,0
Chilli,Tirunelveli,111.53,787.5,12,48,2022,2022-12-03,Rabi,Medium,0
Cotton,Salem,55.21,594.9,12,48,2022,2022-12-04,Rabi,Medium,0
Chilli,Tirunelveli,93.64,843.5,12,48,2022,2022-12-04,Rabi,High,0
Potato,Trichy,34.62,555.0,12,48,2022,2022-12-04,Rabi,Low,1
Chilli,Tirunelveli,114.65,561.4,12,49,2022,2022-12-05,Rabi,Medium,0
Groundnut,Thanjavur,74.76,375.4,12,49,2022,2022-12-06,Rabi,Medium,0
Coconut,Coimbatore,26.39,712.4,12,49,2022,2022-12-06,Rabi,Medium,0
Cabbage,Dindigul,23.81,795.8,12,49,2022,2022-12-06,Rabi,Low,1
Tomato,Coimbatore,52.45,552.7,12,49,2022,2022-12-07,Rabi,Low,1
Coconut,Vellore,31.43,521.0,12,49,2022,2022-12-07,Rabi,Medium,0
Sugarcane,Tirunelveli,5.2,120.2,12,49,2022,2022-12-07,Rabi,Low,1
Groundnut,Thanjavur,68.92,678.1,12,49,2022,2022-12-07,Rabi,Medium,0
Onion,Salem,47.82,510.1,12,49,2022,2022-12-07,Rabi,Low,1
Cotton,Trichy,54.1,622.2,12,49,2022,2022-12-08,Rabi,Medium,0
Coconut,Coimbatore,26.98,526.3,12,49,2022,2022-12-08,Rabi,Medium,0
Brinjal,Dindigul,29.18,569.4,12,49,2022,2022-12-08,Rabi,Medium,0
Carrot,Tirunelveli,75.9,288.1,12,49,2022,2022-12-08,Rabi,Low,1
Brinjal,Tirunelveli,25.32,694.8,12,49,2022,2022-12-09,Rabi,High,0
Lady Finger,Thanjavur,41.27,621.7,12,49,2022,2022-12-09,Rabi,Medium,0
Brinjal,Madurai,28.77,522.3,12,49,2022,2022-12-10,Rabi,Medium,0
Chilli,Vellore,119.31,626.0,12,49,2022,2022-12-10,Rabi,Medium,0
Rice,Vellore,31.28,890.3,12,49,2022,2022-12-11,Rabi,Medium,0
Cotton,Tirunelveli,58.82,623.1,12,49,2022,2022-12-11,Rabi,Medium,0
Carrot,Thanjavur,70.58,319.4,12,49,2022,2022-12-11,Rabi,Low,1
Lady Finger,Trichy,39.66,523.6,12,49,2022,2022-12-11,Rabi,Medium,0
Banana,Salem,38.13,619.2,12,50,2022,2022-12-12,Rabi,High,0
Potato,Vellore,33.77,637.6,12,50,2022,2022-12-13,Rabi,Low,1
Onion,Vellore,43.13,663.4,12,50,2022,2022-12-14,Rabi,Low,1
Rice,Dindigul,31.73,752.6,12,50,2022,2022-12-14,Rabi,Medium,0
Potato,Dindigul,30.34,574.5,12,50,2022,2022-12-15,Rabi,Medium,1
Coconut,Madurai,26.85,568.8,12,50,2022,2022-12-15,Rabi,Medium,0
Onion,Vellore,46.83,369.7,12,50,2022,2022-12-15,Rabi,Low,1
Rice,Salem,29.16,744.2,12,50,2022,2022-12-16,Rabi,High,0
Brinjal,Erode,25.12,503.1,12,50,2022,2022-12-16,Rabi,High,0
Cabbage,Madurai,21.16,435.3,12,50,2022,2022-12-16,Rabi,Medium,1
Cabbage,Salem,24.35,333.0,12,50,2022,2022-12-16,Rabi,Low,1
Brinjal,Tirunelveli,27.24,453.7,12,50,2022,2022-12-16,Rabi,Medium,0
Cauliflower,Chennai,45.66,413.6,12,50,2022,2022-12-16,Rabi,Low,1
Cauliflower,Coimbatore,45.43,430.7,12,50,2022,2022-12-16,Rabi,Low,1
Carrot,Madurai,72.23,481.4,12,50,2022,2022-12-17,Rabi,Low,1
Banana,Thanjavur,43.3,440.6,12,50,2022,2022-12-17,Rabi,Medium,0
Lady Finger,Chennai,38.17,421.0,12,50,2022,2022-12-18,Rabi,High,0
Lady Finger,Vellore,40.18,349.7,12,51,2022,2022-12-19,Rabi,Medium,0
Sugarcane,Dindigul,4.64,403.1,12,51,2022,2022-12-20,Rabi,Low,1
Onion,Erode,51.27,241.4,12,51,2022,2022-12-21,Rabi,Low,1
Brinjal,Madurai,28.45,600.8,12,51,2022,2022-12-21,Rabi,Medium,0
Sugarcane,Salem,5.17,383.2,12,51,2022,2022-12-21,Rabi,Low,1
Potato,Tirunelveli,35.01,506.4,12,51,2022,2022-12-22,Rabi,Low,1
Onion,Madurai,42.19,617.7,12,51,2022,2022-12-22,Rabi,Low,1
Sugarcane,Dindigul,5.07,542.8,12,51,2022,2022-12-22,Rabi,Low,1
Rice,Trichy,30.93,524.2,12,51,2022,2022-12-23,Rabi,Medium,0
Coconut,Chennai,30.06,722.3,12,51,2022,2022-12-23,Rabi,Medium,0
Brinjal,Vellore,29.25,354.9,12,51,2022,2022-12-23,Rabi,Medium,0
Rice,Trichy,35.11,666.0,12,51,2022,2022-12-23,Rabi,Medium,0
Lady Finger,Coimbatore,41.3,535.2,12,51,2022,2022-12-24,Rabi,Medium,0
Coconut,Thanjavur,32.15,302.4,12,51,2022,2022-12-24,Rabi,Medium,0
Chilli,Madurai,113.86,330.5,12,51,2022,2022-12-24,Rabi,Medium,0
Tomato,Coimbatore,51.71,333.1,12,51,2022,2022-12-24,Rabi,Low,1
Sugarcane,Chennai,4.49,183.1,12,51,2022,2022-12-25,Rabi,Medium,1
Tomato,Trichy,44.37,538.6,12,51,2022,2022-12-25,Rabi,Medium,1
Lady Finger,Dindigul,42.5,458.1,12,51,2022,2022-12-25,Rabi,Medium,0
Chilli,Vellore,119.61,327.1,12,51,2022,2022-12-25,Rabi,Medium,0
Cauliflower,Thanjavur,39.68,414.3,12,51,2022,2022-12-25,Rabi,Medium,1
Carrot,Salem,61.18,605.5,12,52,2022,2022-12-26,Rabi,Medium,1
Cotton,Coimbatore,59.59,492.8,12,52,2022,2022-12-26,Rabi,Medium,0
Lady Finger,Coimbatore,41.99,562.7,12,52,2022,2022-12-26,Rabi,Medium,0
Brinjal,Tirunelveli,27.1,666.4,12,52,2022,2022-12-26,Rabi,Medium,0
Sugarcane,Tirunelveli,4.78,315.2,12,52,2022,2022-12-26,Rabi,Low,1
Rice,Dindigul,32.45,688.3,12,52,2022,2022-12-26,Rabi,Medium,0
Cauliflower,Thanjavur,46.85,369.5,12,52,2022,2022-12-27,Rabi,Low,1
Cauliflower,Madurai,44.08,289.7,12,52,2022,2022-12-27,Rabi,Low,1
Brinjal,Madurai,27.91,593.1,12,52,2022,2022-12-27,Rabi,Medium,0
Coconut,Thanjavur,25.49,580.0,12,52,2022,2022-12-27,Rabi,High,0
Potato,Tirunelveli,38.11,342.4,12,52,2022,2022-12-27,Rabi,Low,1
Cabbage,Erode,24.55,532.7,12,52,2022,2022-12-27,Rabi,Low,1
Rice,Trichy,33.02,750.8,12,52,2022,2022-12-28,Rabi,Medium,0
Cotton,Chennai,55.13,437.8,12,52,2022,2022-12-28,Rabi,Medium,0
Coconut,Salem,29.27,431.4,12,52,2022,2022-12-28,Rabi,Medium,0
Potato,Coimbatore,31.05,359.5,12,52,2022,2022-12-29,Rabi,Medium,1
Brinjal,Thanjavur,28.18,573.9,12,52,2022,2022-12-29,Rabi,Medium,0
Cabbage,Madurai,19.86,681.3,12,52,2022,2022-12-29,Rabi,Medium,1
Sugarcane,Thanjavur,4.26,785.6,12,52,2022,2022-12-29,Rabi,Medium,1
Groundnut,Vellore,74.59,368.9,12,52,2022,2022-12-29,Rabi,Medium,0
Cotton,Thanjavur,59.87,402.6,12,52,2022,2022-12-30,Rabi,Medium,0
Banana,Madurai,43.56,350.8,12,52,2022,2022-12-30,Rabi,Medium,0
Carrot,Coimbatore,61.08,377.3,12,52,2022,2022-12-30,Rabi,Medium,1
Groundnut,Trichy,71.99,606.8,12,52,2022,2022-12-31,Rabi,Medium,0
Banana,Trichy,44.3,451.9,12,52,2022,2022-12-31,Rabi,Medium,0
Onion,Tirunelveli,53.34,405.6,1,52,2023,2023-01-01,Rabi,Low,1
Groundnut,Tirunelveli,68.31,270.6,1,1,2023,2023-01-02,Rabi,Medium,0
Sugarcane,Chennai,3.73,452.2,1,1,2023,2023-01-02,Rabi,Medium,0
Onion,Tirunelveli,49.43,587.7,1,1,2023,2023-01-02,Rabi,Low,1
Brinjal,Chennai,24.53,480.5,1,1,2023,2023-01-02,Rabi,High,0
Groundnut,Madurai,63.83,780.1,1,1,2023,2023-01-02,Rabi,Medium,0
Cabbage,Madurai,21.3,608.6,1,1,2023,2023-01-02,Rabi,Medium,1
Brinjal,Madurai,29.94,352.7,1,1,2023,2023-01-02,Rabi,Medium,0
Coconut,Vellore,26.78,448.4,1,1,2023,2023-01-03,Rabi,Medium,0
Tomato,Chennai,34.18,248.1,1,1,2023,2023-01-03,Rabi,Medium,0
Onion,Erode,50.53,407.4,1,1,2023,2023-01-03,Rabi,Low,1
Coconut,Chennai,25.86,544.8,1,1,2023,2023-01-03,Rabi,Medium,0
Cabbage,Tirunelveli,24.59,672.8,1,1,2023,2023-01-03,Rabi,Low,1
Rice,Vellore,34.79,539.4,1,1,2023,2023-01-03,Rabi,Medium,0
Carrot,Chennai,63.97,617.2,1,1,2023,2023-01-03,Rabi,Low,1
Coconut,Thanjavur,28.96,564.9,1,1,2023,2023-01-04,Rabi,Medium,0
Tomato,Dindigul,37.84,751.1,1,1,2023,2023-01-04,Rabi,Medium,0
Tomato,Coimbatore,32.26,705.4,1,1,2023,2023-01-04,Rabi,High,0
Brinjal,Thanjavur,29.36,560.3,1,1,2023,2023-01-05,Rabi,Medium,0
Banana,Trichy,37.04,429.8,1,1,2023,2023-01-05,Rabi,High,0
Rice,Trichy,29.45,500.6,1,1,2023,2023-01-05,Rabi,High,0
Chilli,Tirunelveli,136.4,339.1,1,1,2023,2023-01-05,Rabi,Medium,1
Cotton,Dindigul,51.48,468.1,1,1,2023,2023-01-05,Rabi,Medium,0
Onion,Coimbatore,46.29,518.7,1,1,2023,2023-01-05,Rabi,Low,1
Chilli,Tirunelveli,135.39,360.6,1,1,2023,2023-01-06,Rabi,Medium,1
Coconut,Coimbatore,27.36,761.2,1,1,2023,2023-01-06,Rabi,Medium,0
Potato,Madurai,36.27,460.4,1,1,2023,2023-01-06,Rabi,Low,1
Coconut,Coimbatore,26.0,581.4,1,1,2023,2023-01-06,Rabi,Medium,0
Cauliflower,Thanjavur,43.72,354.6,1,1,2023,2023-01-06,Rabi,Low,1
Chilli,Chennai,165.44,740.8,1,1,2023,2023-01-07,Rabi,Low,1
Lady Finger,Erode,42.05,574.5,1,1,2023,2023-01-07,Rabi,Medium,0
Onion,Erode,44.76,250.5,1,1,2023,2023-01-07,Rabi,Low,1
Cabbage,Erode,23.48,559.1,1,1,2023,2023-01-08,Rabi,Low,1
Cauliflower,Chennai,46.44,605.9,1,1,2023,2023-01-08,Rabi,Low,1
Potato,Dindigul,35.71,205.7,1,1,2023,2023-01-08,Rabi,Low,1
Rice,Chennai,34.81,453.8,1,2,2023,2023-01-10,Rabi,Medium,0
Cabbage,Vellore,21.68,638.7,1,2,2023,2023-01-10,Rabi,Medium,1
Rice,Tirunelveli,35.69,434.2,1,2,2023,2023-01-12,Rabi,Medium,0
Sugarcane,Vellore,4.14,623.8,1,2,2023,2023-01-12,Rabi,Medium,0
Cauliflower,Trichy,46.29,419.7,1,2,2023,2023-01-12,Rabi,Low,1
Rice,Tirunelveli,32.06,839.5,1,2,2023,2023-01-13,Rabi,Medium,0
Lady Finger,Coimbatore,39.96,738.0,1,2,2023,2023-01-13,Rabi,Medium,0
Brinjal,Vellore,24.94,787.9,1,2,2023,2023-01-13,Rabi,High,0
Rice,Tirunelveli,29.0,429.1,1,2,2023,2023-01-13,Rabi,High,0
Carrot,Salem,77.1,378.0,1,2,2023,2023-01-14,Rabi,Low,1
Cotton,Dindigul,56.18,649.3,1,2,2023,2023-01-14,Rabi,Medium,0
Groundnut,Coimbatore,64.07,756.8,1,2,2023,2023-01-14,Rabi,Medium,0
Cabbage,Tirunelveli,22.97,464.1,1,2,2023,2023-01-14,Rabi,Medium,1
Chilli,Salem,166.11,457.9,1,3,2023,2023-01-16,Rabi,Low,1
Cabbage,Salem,23.95,686.6,1,3,2023,2023-01-16,Rabi,Low,1
Tomato,Vellore,34.89,541.6,1,3,2023,2023-01-17,Rabi,Medium,0
Onion,Thanjavur,46.16,366.2,1,3,2023,2023-01-18,Rabi,Low,1
Sugarcane,Thanjavur,3.86,434.1,1,3,2023,2023-01-18,Rabi,Medium,0
Brinjal,Vellore,30.55,782.5,1,3,2023,2023-01-18,Rabi,Medium,0
Sugarcane,Thanjavur,3.31,1077.0,1,3,2023,2023-01-18,Rabi,High,0
Tomato,Salem,33.38,532.8,1,3,2023,2023-01-20,Rabi,High,0
Cabbage,Tirunelveli,22.8,446.9,1,3,2023,2023-01-20,Rabi,Medium,1
Coconut,Coimbatore,30.7,393.0,1,3,2023,2023-01-20,Rabi,Medium,0
Rice,Tirunelveli,32.54,733.8,1,3,2023,2023-01-20,Rabi,Medium,0
Cotton,Trichy,55.77,573.2,1,3,2023,2023-01-20,Rabi,Medium,0
Groundnut,Chennai,62.67,625.3,1,3,2023,2023-01-20,Rabi,High,0
Carrot,Erode,70.75,183.0,1,3,2023,2023-01-20,Rabi,Low,1
Coconut,Dindigul,27.09,201.2,1,3,2023,2023-01-20,Rabi,Medium,0
Chilli,Dindigul,125.01,582.5,1,3,2023,2023-01-21,Rabi,Medium,1
Cotton,Coimbatore,56.98,700.8,1,3,2023,2023-01-21,Rabi,Medium,0
Lady Finger,Tirunelveli,42.45,735.7,1,3,2023,2023-01-21,Rabi,Medium,0
Cabbage,Coimbatore,25.45,665.3,1,3,2023,2023-01-21,Rabi,Low,1
Coconut,Trichy,25.81,403.7,1,3,2023,2023-01-21,Rabi,Medium,0
Cabbage,Tirunelveli,25.84,513.8,1,3,2023,2023-01-22,Rabi,Low,1
Potato,Trichy,31.32,362.4,1,3,2023,2023-01-22,Rabi,Medium,1
Brinjal,Vellore,26.47,565.7,1,3,2023,2023-01-22,Rabi,Medium,0
Rice,Trichy,32.36,529.4,1,4,2023,2023-01-23,Rabi,Medium,0
Groundnut,Trichy,67.47,590.1,1,4,2023,2023-01-23,Rabi,Medium,0
Sugarcane,Vellore,4.02,765.6,1,4,2023,2023-01-24,Rabi,Medium,0
Groundnut,Trichy,73.17,800.6,1,4,2023,2023-01-24,Rabi,Medium,0
Onion,Erode,43.2,482.3,1,4,2023,2023-01-24,Rabi,Low,1
Sugarcane,Dindigul,3.49,649.1,1,4,2023,2023-01-24,Rabi,Medium,0
Cauliflower,Madurai,45.09,518.2,1,4,2023,2023-01-24,Rabi,Low,1
Rice,Coimbatore,30.7,643.4,1,4,2023,2023-01-24,Rabi,Medium,0
Lady Finger,Tirunelveli,38.72,417.5,1,4,2023,2023-01-24,Rabi,Medium,0
Rice,Salem,33.21,643.4,1,4,2023,2023-01-25,Rabi,Medium,0
Sugarcane,Trichy,3.71,678.6,1,4,2023,2023-01-26,Rabi,Medium,0
Chilli,Vellore,141.87,473.3,1,4,2023,2023-01-26,Rabi,Low,1
Banana,Trichy,37.72,404.1,1,4,2023,2023-01-26,Rabi,High,0
Carrot,Coimbatore,77.72,230.7,1,4,2023,2023-01-26,Rabi,Low,1
Potato,Tirunelveli,36.2,533.0,1,4,2023,2023-01-26,Rabi,Low,1
Sugarcane,Salem,4.04,489.7,1,4,2023,2023-01-26,Rabi,Medium,0
Cabbage,Thanjavur,21.38,730.5,1,4,2023,2023-01-26,Rabi,Medium,1
Tomato,Thanjavur,36.08,578.5,1,4,2023,2023-01-27,Rabi,Medium,0
Chilli,Salem,156.56,277.7,1,4,2023,2023-01-27,Rabi,Low,1
Potato,Coimbatore,33.14,897.2,1,4,2023,2023-01-27,Rabi,Low,1
Onion,Erode,43.44,670.3,1,4,2023,2023-01-28,Rabi,Low,1
Cauliflower,Vellore,37.6,673.3,1,4,2023,2023-01-28,Rabi,Medium,1
Chilli,Erode,173.49,455.9,1,4,2023,2023-01-29,Rabi,Low,1
Potato,Trichy,34.08,360.7,1,4,2023,2023-01-29,Rabi,Low,1
Potato,Salem,33.43,539.7,1,4,2023,2023-01-29,Rabi,Low,1
Tomato,Trichy,35.37,470.8,1,4,2023,2023-01-29,Rabi,Medium,0
Cabbage,Thanjavur,23.58,193.1,1,4,2023,2023-01-29,Rabi,Low,1
Tomato,Madurai,34.96,773.2,1,5,2023,2023-01-30,Rabi,Medium,0
Brinjal,Trichy,28.44,882.7,1,5,2023,2023-01-30,Rabi,Medium,0
Potato,Salem,35.68,351.2,1,5,2023,2023-01-30,Rabi,Low,1
Lady Finger,Coimbatore,36.03,492.4,1,5,2023,2023-01-30,Rabi,High,0
Cabbage,Salem,25.33,250.7,1,5,2023,2023-01-31,Rabi,Low,1
Potato,Chennai,33.88,589.5,1,5,2023,2023-01-31,Rabi,Low,1
Lady Finger,Tirunelveli,39.5,448.4,1,5,2023,2023-01-31,Rabi,Medium,0
Rice,Coimbatore,32.79,521.0,2,5,2023,2023-02-01,Rabi,Medium,0
Onion,Dindigul,41.34,295.8,2,5,2023,2023-02-01,Rabi,Low,1
Rice,Trichy,33.44,711.7,2,5,2023,2023-02-01,Rabi,Medium,0
Potato,Thanjavur,26.65,500.6,2,5,2023,2023-02-01,Rabi,Medium,0
Banana,Erode,47.29,374.2,2,5,2023,2023-02-02,Rabi,Medium,0
Potato,Erode,26.16,913.9,2,5,2023,2023-02-02,Rabi,Medium,0
Tomato,Madurai,37.53,528.1,2,5,2023,2023-02-02,Rabi,Medium,0
Carrot,Trichy,50.45,474.2,2,5,2023,2023-02-02,Rabi,Medium,0
Groundnut,Dindigul,64.46,950.9,2,5,2023,2023-02-03,Rabi,Medium,0
Tomato,Tirunelveli,31.13,764.8,2,5,2023,2023-02-03,Rabi,High,0
Coconut,Tirunelveli,26.62,414.0,2,5,2023,2023-02-03,Rabi,Medium,0
Chilli,Tirunelveli,145.24,626.8,2,5,2023,2023-02-03,Rabi,Low,1
Brinjal,Madurai,25.15,594.0,2,5,2023,2023-02-04,Rabi,High,0
Banana,Dindigul,42.96,505.0,2,5,2023,2023-02-04,Rabi,Medium,0
Carrot,Erode,51.25,784.1,2,5,2023,2023-02-05,Rabi,Medium,0
Groundnut,Coimbatore,76.1,621.6,2,5,2023,2023-02-05,Rabi,Medium,0
Rice,Salem,29.9,689.3,2,5,2023,2023-02-05,Rabi,Medium,0
Sugarcane,Erode,3.52,683.1,2,5,2023,2023-02-05,Rabi,Medium,0
Rice,Trichy,32.53,532.3,2,5,2023,2023-02-05,Rabi,Medium,0
Groundnut,Tirunelveli,81.0,818.7,2,6,2023,2023-02-06,Rabi,Medium,0
Lady Finger,Dindigul,35.59,407.8,2,6,2023,2023-02-07,Rabi,High,0
Cauliflower,Thanjavur,35.43,764.4,2,6,2023,2023-02-07,Rabi,Medium,0
Cauliflower,Salem,30.4,233.2,2,6,2023,2023-02-08,Rabi,Medium,0
Chilli,Vellore,155.38,624.9,2,6,2023,2023-02-08,Rabi,Low,1
Tomato,Coimbatore,37.12,534.2,2,6,2023,2023-02-09,Rabi,Medium,0
Tomato,Dindigul,33.65,637.2,2,6,2023,2023-02-09,Rabi,High,0
Potato,Madurai,23.71,462.3,2,6,2023,2023-02-10,Rabi,High,0
Brinjal,Thanjavur,29.43,400.8,2,6,2023,2023-02-10,Rabi,Medium,0
Cabbage,Vellore,24.66,446.8,2,6,2023,2023-02-10,Rabi,Low,1
Banana,Madurai,40.93,433.8,2,6,2023,2023-02-10,Rabi,Medium,0
Lady Finger,Dindigul,42.29,618.4,2,6,2023,2023-02-11,Rabi,Medium,0
Brinjal,Trichy,26.68,441.6,2,6,2023,2023-02-11,Rabi,Medium,0
Rice,Tirunelveli,30.86,504.3,2,6,2023,2023-02-11,Rabi,Medium,0
Tomato,Chennai,32.63,931.7,2,6,2023,2023-02-12,Rabi,High,0
Sugarcane,Chennai,3.68,388.3,2,6,2023,2023-02-12,Rabi,Medium,0
Onion,Madurai,53.78,563.9,2,6,2023,2023-02-12,Rabi,Low,1
Chilli,Dindigul,155.32,371.8,2,6,2023,2023-02-12,Rabi,Low,1
Banana,Salem,38.07,702.6,2,6,2023,2023-02-12,Rabi,High,0
Chilli,Madurai,154.79,605.3,2,6,2023,2023-02-12,Rabi,Low,1
Tomato,Madurai,32.71,553.2,2,6,2023,2023-02-12,Rabi,High,0
Tomato,Thanjavur,36.27,308.9,2,6,2023,2023-02-12,Rabi,Medium,0
Tomato,Dindigul,41.11,486.6,2,7,2023,2023-02-13,Rabi,Medium,0
Banana,Erode,40.05,508.7,2,7,2023,2023-02-13,Rabi,Medium,0
Cauliflower,Salem,30.46,631.9,2,7,2023,2023-02-13,Rabi,Medium,0
Tomato,Thanjavur,42.87,752.4,2,7,2023,2023-02-13,Rabi,Medium,0
Cotton,Tirunelveli,49.05,594.8,2,7,2023,2023-02-13,Rabi,High,0
Coconut,Chennai,27.46,373.5,2,7,2023,2023-02-14,Rabi,Medium,0
Groundnut,Tirunelveli,62.67,945.0,2,7,2023,2023-02-14,Rabi,High,0
Cauliflower,Erode,36.3,325.1,2,7,2023,2023-02-14,Rabi,Medium,0
Cauliflower,Salem,28.93,345.8,2,7,2023,2023-02-14,Rabi,High,0
Sugarcane,Tirunelveli,3.61,398.7,2,7,2023,2023-02-14,Rabi,Medium,0
Chilli,Salem,153.28,429.3,2,7,2023,2023-02-15,Rabi,Low,1
Tomato,Thanjavur,35.51,633.5,2,7,2023,2023-02-15,Rabi,Medium,0
Lady Finger,Thanjavur,40.36,580.4,2,7,2023,2023-02-15,Rabi,Medium,0
Groundnut,Trichy,73.17,698.0,2,7,2023,2023-02-15,Rabi,Medium,0
Banana,Salem,45.97,740.2,2,7,2023,2023-02-17,Rabi,Medium,0
Potato,Chennai,23.32,484.8,2,7,2023,2023-02-18,Rabi,High,0
Groundnut,Chennai,67.39,574.7,2,7,2023,2023-02-18,Rabi,Medium,0
Cotton,Erode,58.76,609.7,2,7,2023,2023-02-18,Rabi,Medium,0
Tomato,Tirunelveli,36.69,623.4,2,7,2023,2023-02-18,Rabi,Medium,0
Cotton,Chennai,52.28,355.3,2,7,2023,2023-02-18,Rabi,Medium,0
Onion,Tirunelveli,43.99,365.6,2,7,2023,2023-02-18,Rabi,Low,1
Tomato,Trichy,31.84,215.6,2,8,2023,2023-02-20,Rabi,High,0
Rice,Coimbatore,30.21,635.5,2,8,2023,2023-02-20,Rabi,Medium,0
Cauliflower,Madurai,36.31,564.3,2,8,2023,2023-02-20,Rabi,Medium,0
Rice,Salem,35.41,417.6,2,8,2023,2023-02-20,Rabi,Medium,0
Brinjal,Chennai,29.22,405.3,2,8,2023,2023-02-21,Rabi,Medium,0
Rice,Vellore,34.52,556.6,2,8,2023,2023-02-21,Rabi,Medium,0
Onion,Thanjavur,40.85,398.7,2,8,2023,2023-02-21,Rabi,Low,1
Coconut,Coimbatore,30.8,419.2,2,8,2023,2023-02-21,Rabi,Medium,0
Rice,Madurai,34.74,211.4,2,8,2023,2023-02-21,Rabi,Medium,0
Rice,Trichy,34.77,301.6,2,8,2023,2023-02-21,Rabi,Medium,0
Potato,Vellore,23.47,571.0,2,8,2023,2023-02-22,Rabi,High,0
Banana,Tirunelveli,46.17,550.1,2,8,2023,2023-02-22,Rabi,Medium,0
Potato,Thanjavur,25.93,532.1,2,8,2023,2023-02-22,Rabi,Medium,0
Chilli,Trichy,146.8,697.8,2,8,2023,2023-02-22,Rabi,Low,1
Cotton,Trichy,55.31,354.3,2,8,2023,2023-02-22,Rabi,Medium,0
Onion,Salem,48.07,409.9,2,8,2023,2023-02-23,Rabi,Low,1
Tomato,Chennai,34.43,662.0,2,8,2023,2023-02-23,Rabi,Medium,0
Coconut,Madurai,30.21,606.3,2,8,2023,2023-02-25,Rabi,Medium,0
Potato,Coimbatore,29.01,424.4,2,8,2023,2023-02-25,Rabi,Medium,0
Potato,Dindigul,27.11,475.9,2,8,2023,2023-02-25,Rabi,Medium,0
Sugarcane,Madurai,3.91,677.6,2,8,2023,2023-02-25,Rabi,Medium,0
Cauliflower,Trichy,32.56,722.4,2,8,2023,2023-02-25,Rabi,Medium,0
Cauliflower,Dindigul,30.78,390.3,2,8,2023,2023-02-25,Rabi,Medium,0
Tomato,Trichy,32.11,500.6,2,8,2023,2023-02-26,Rabi,High,0
Banana,Madurai,34.27,473.9,2,8,2023,2023-02-26,Rabi,High,0
Groundnut,Coimbatore,68.66,509.6,2,8,2023,2023-02-26,Rabi,Medium,0
Carrot,Trichy,48.92,586.3,2,9,2023,2023-02-28,Rabi,Medium,0
Lady Finger,Coimbatore,40.64,362.9,2,9,2023,2023-02-28,Rabi,Medium,0
Potato,Salem,26.69,398.4,2,9,2023,2023-02-28,Rabi,Medium,0
Potato,Tirunelveli,28.5,348.7,2,9,2023,2023-02-28,Rabi,Medium,0
Onion,Thanjavur,26.55,614.7,3,9,2023,2023-03-01,Rabi,High,0
Brinjal,Coimbatore,23.75,695.8,3,9,2023,2023-03-01,Rabi,High,0
Sugarcane,Coimbatore,3.81,664.5,3,9,2023,2023-03-01,Rabi,Medium,0
Potato,Thanjavur,27.02,385.9,3,9,2023,2023-03-01,Rabi,Medium,0
Cabbage,Vellore,19.47,418.6,3,9,2023,2023-03-02,Rabi,Medium,0
Onion,Madurai,31.27,582.6,3,9,2023,2023-03-02,Rabi,Medium,0
Carrot,Thanjavur,46.82,456.7,3,9,2023,2023-03-02,Rabi,Medium,0
Lady Finger,Chennai,40.52,537.4,3,9,2023,2023-03-03,Rabi,Medium,0
Sugarcane,Dindigul,3.56,672.0,3,9,2023,2023-03-05,Rabi,Medium,0
Rice,Chennai,31.99,636.0,3,9,2023,2023-03-05,Rabi,Medium,0
Cauliflower,Erode,30.83,291.1,3,9,2023,2023-03-05,Rabi,Medium,0
Lady Finger,Thanjavur,42.79,1055.4,3,10,2023,2023-03-06,Rabi,Medium,0
Rice,Salem,30.97,137.7,3,10,2023,2023-03-06,Rabi,Medium,0
Rice,Salem,27.42,718.0,3,10,2023,2023-03-06,Rabi,High,0
Tomato,Trichy,37.59,450.3,3,10,2023,2023-03-06,Rabi,Medium,0
Chilli,Vellore,138.72,404.5,3,10,2023,2023-03-06,Rabi,Low,1
Cotton,Tirunelveli,58.73,595.8,3,10,2023,2023-03-06,Rabi,Medium,0
Rice,Trichy,33.34,479.6,3,10,2023,2023-03-07,Rabi,Medium,0
Tomato,Coimbatore,35.67,495.0,3,10,2023,2023-03-08,Rabi,Medium,0
Cauliflower,Tirunelveli,31.6,525.5,3,10,2023,2023-03-08,Rabi,Medium,0
Banana,Coimbatore,41.04,741.8,3,10,2023,2023-03-08,Rabi,Medium,0
Banana,Thanjavur,40.21,482.5,3,10,2023,2023-03-08,Rabi,Medium,0
Lady Finger,Thanjavur,41.53,791.8,3,10,2023,2023-03-08,Rabi,Medium,0
Chilli,Madurai,155.9,391.0,3,10,2023,2023-03-09,Rabi,Low,1
Rice,Tirunelveli,32.19,313.7,3,10,2023,2023-03-10,Rabi,Medium,0
Banana,Tirunelveli,44.41,342.8,3,10,2023,2023-03-10,Rabi,Medium,0
Cauliflower,Chennai,33.19,448.2,3,10,2023,2023-03-10,Rabi,Medium,0
Groundnut,Madurai,68.96,630.8,3,10,2023,2023-03-10,Rabi,Medium,0
Chilli,Tirunelveli,147.59,312.4,3,10,2023,2023-03-11,Rabi,Low,1
Potato,Erode,28.02,759.3,3,10,2023,2023-03-11,Rabi,Medium,0
Cauliflower,Dindigul,32.74,554.4,3,10,2023,2023-03-11,Rabi,Medium,0
Coconut,Vellore,35.57,322.7,3,10,2023,2023-03-11,Rabi,Low,1
Carrot,Erode,45.25,616.6,3,11,2023,2023-03-13,Rabi,High,0
Potato,Vellore,27.8,922.6,3,11,2023,2023-03-13,Rabi,Medium,0
Tomato,Vellore,35.51,838.0,3,11,2023,2023-03-14,Rabi,Medium,0
Onion,Chennai,31.25,541.3,3,11,2023,2023-03-14,Rabi,Medium,0
Sugarcane,Coimbatore,3.76,794.6,3,11,2023,2023-03-15,Rabi,Medium,0
Cabbage,Dindigul,17.79,637.4,3,11,2023,2023-03-15,Rabi,Medium,0
Banana,Erode,44.55,612.0,3,11,2023,2023-03-15,Rabi,Medium,0
Banana,Erode,37.99,702.4,3,11,2023,2023-03-15,Rabi,High,0
Banana,Madurai,43.88,795.0,3,11,2023,2023-03-15,Rabi,Medium,0
Sugarcane,Erode,3.36,250.8,3,11,2023,2023-03-16,Rabi,High,0
Rice,Coimbatore,32.53,556.3,3,11,2023,2023-03-17,Rabi,Medium,0
Banana,Madurai,36.76,329.2,3,11,2023,2023-03-17,Rabi,High,0
Sugarcane,Thanjavur,3.79,544.5,3,11,2023,2023-03-17,Rabi,Medium,0
Onion,Thanjavur,31.42,289.3,3,11,2023,2023-03-17,Rabi,Medium,0
Potato,Chennai,23.81,607.4,3,11,2023,2023-03-18,Rabi,Medium,0
Cauliflower,Tirunelveli,32.63,473.8,3,11,2023,2023-03-18,Rabi,Medium,0
Tomato,Trichy,37.17,703.9,3,11,2023,2023-03-18,Rabi,Medium,0
Onion,Salem,32.34,731.1,3,11,2023,2023-03-18,Rabi,Medium,0
Carrot,Tirunelveli,51.1,777.4,3,11,2023,2023-03-19,Rabi,Medium,0
Lady Finger,Madurai,47.12,840.3,3,11,2023,2023-03-19,Rabi,Medium,0
Carrot,Thanjavur,55.16,217.0,3,11,2023,2023-03-19,Rabi,Medium,0
Chilli,Madurai,142.47,534.4,3,12,2023,2023-03-20,Rabi,Low,1
Potato,Salem,27.56,532.3,3,12,2023,2023-03-20,Rabi,Medium,0
Tomato,Vellore,36.35,821.6,3,12,2023,2023-03-21,Rabi,Medium,0
Carrot,Erode,56.57,634.9,3,12,2023,2023-03-21,Rabi,Medium,0
Brinjal,Chennai,27.02,521.9,3,12,2023,2023-03-22,Rabi,Medium,0
Rice,Trichy,30.51,902.1,3,12,2023,2023-03-22,Rabi,Medium,0
Onion,Dindigul,35.05,645.7,3,12,2023,2023-03-23,Rabi,Medium,0
Cabbage,Thanjavur,19.42,352.3,3,12,2023,2023-03-23,Rabi,Medium,0
Brinjal,Trichy,26.14,717.2,3,12,2023,2023-03-23,Rabi,Medium,0
Sugarcane,Tirunelveli,3.44,414.6,3,12,2023,2023-03-23,Rabi,Medium,0
Tomato,Coimbatore,34.85,584.0,3,12,2023,2023-03-24,Rabi,Medium,0
Lady Finger,Tirunelveli,41.42,693.5,3,12,2023,2023-03-24,Rabi,Medium,0
Chilli,Vellore,157.21,400.6,3,12,2023,2023-03-24,Rabi,Low,1
Rice,Dindigul,31.73,384.6,3,12,2023,2023-03-25,Rabi,Medium,0
Cauliflower,Madurai,33.01,268.0,3,12,2023,2023-03-25,Rabi,Medium,0
Carrot,Salem,52.47,663.6,3,12,2023,2023-03-25,Rabi,Medium,0
Chilli,Chennai,148.41,442.9,3,12,2023,2023-03-25,Rabi,Low,1
Cotton,Vellore,49.42,131.1,3,12,2023,2023-03-25,Rabi,High,0
Cotton,Tirunelveli,50.99,403.1,3,12,2023,2023-03-25,Rabi,High,0
Rice,Thanjavur,30.86,848.7,3,12,2023,2023-03-26,Rabi,Medium,0
Tomato,Salem,35.03,686.9,3,12,2023,2023-03-26,Rabi,Medium,0
Lady Finger,Chennai,44.35,858.4,3,12,2023,2023-03-26,Rabi,Medium,0
Cauliflower,Thanjavur,31.87,549.6,3,12,2023,2023-03-26,Rabi,Medium,0
Rice,Coimbatore,31.88,902.4,3,12,2023,2023-03-26,Rabi,Medium,0
Chilli,Madurai,152.49,249.9,3,13,2023,2023-03-27,Rabi,Low,1
Groundnut,Coimbatore,73.82,439.5,3,13,2023,2023-03-27,Rabi,Medium,0
Rice,Erode,28.44,305.0,3,13,2023,2023-03-28,Rabi,High,0
Sugarcane,Vellore,3.94,733.8,3,13,2023,2023-03-28,Rabi,Medium,0
Cotton,Trichy,60.97,559.0,3,13,2023,2023-03-28,Rabi,Medium,0
Coconut,Coimbatore,36.99,528.8,3,13,2023,2023-03-28,Rabi,Low,1
Potato,Madurai,23.94,547.9,3,13,2023,2023-03-29,Rabi,Medium,0
Tomato,Vellore,40.49,330.7,3,13,2023,2023-03-29,Rabi,Medium,0
Chilli,Dindigul,163.39,563.8,3,13,2023,2023-03-29,Rabi,Low,1
Chilli,Dindigul,165.6,508.0,3,13,2023,2023-03-30,Rabi,Low,1
Chilli,Salem,146.67,204.1,3,13,2023,2023-03-30,Rabi,Low,1
Sugarcane,Salem,3.85,746.1,3,13,2023,2023-03-31,Rabi,Medium,0
Lady Finger,Coimbatore,37.7,703.7,3,13,2023,2023-03-31,Rabi,High,0
Tomato,Trichy,32.52,515.4,3,13,2023,2023-03-31,Rabi,High,0
Banana,Tirunelveli,45.97,434.1,3,13,2023,2023-03-31,Rabi,Medium,0
Sugarcane,Coimbatore,3.98,507.0,4,13,2023,2023-04-01,Zaid,Medium,0
Tomato,Chennai,34.85,465.4,4,13,2023,2023-04-01,Zaid,Medium,0
Lady Finger,Madurai,39.78,394.9,4,13,2023,2023-04-02,Zaid,Medium,0
Chilli,Chennai,116.55,323.9,4,13,2023,2023-04-02,Zaid,Medium,0
Tomato,Thanjavur,36.64,616.3,4,13,2023,2023-04-02,Zaid,Medium,0
Banana,Tirunelveli,51.43,203.9,4,13,2023,2023-04-02,Zaid,Medium,1
Groundnut,Coimbatore,65.49,182.6,4,13,2023,2023-04-02,Zaid,Medium,0
Cotton,Salem,55.62,311.0,4,14,2023,2023-04-03,Zaid,Medium,0
Cotton,Vellore,60.85,531.9,4,14,2023,2023-04-04,Zaid,Medium,0
Onion,Madurai,29.56,855.7,4,14,2023,2023-04-04,Zaid,High,0
Sugarcane,Dindigul,3.65,685.9,4,14,2023,2023-04-04,Zaid,Medium,0
Carrot,Thanjavur,44.51,462.8,4,14,2023,2023-04-05,Zaid,High,0
Coconut,Erode,34.39,604.3,4,14,2023,2023-04-05,Zaid,Medium,1
Brinjal,Coimbatore,26.96,388.6,4,14,2023,2023-04-05,Zaid,Medium,0
Potato,Coimbatore,21.8,465.9,4,14,2023,2023-04-05,Zaid,High,0
Sugarcane,Erode,3.59,570.9,4,14,2023,2023-04-05,Zaid,Medium,0
Brinjal,Chennai,27.03,246.4,4,14,2023,2023-04-05,Zaid,Medium,0
Cotton,Tirunelveli,49.15,638.7,4,14,2023,2023-04-05,Zaid,High,0
Cotton,Chennai,56.09,295.7,4,14,2023,2023-04-05,Zaid,Medium,0
Coconut,Thanjavur,35.37,326.8,4,14,2023,2023-04-06,Zaid,Low,1
Groundnut,Coimbatore,67.25,775.7,4,14,2023,2023-04-06,Zaid,Medium,0
Tomato,Trichy,35.65,401.3,4,14,2023,2023-04-06,Zaid,Medium,0
Onion,Thanjavur,32.23,262.7,4,14,2023,2023-04-06,Zaid,Medium,0
Cabbage,Salem,16.95,743.5,4,14,2023,2023-04-06,Zaid,High,0
Onion,Salem,33.27,414.7,4,14,2023,2023-04-06,Zaid,Medium,0
Cauliflower,Thanjavur,31.75,302.4,4,14,2023,2023-04-06,Zaid,Medium,0
Carrot,Erode,52.0,605.4,4,14,2023,2023-04-07,Zaid,Medium,0
Cabbage,Salem,19.88,486.7,4,14,2023,2023-04-07,Zaid,Medium,0
Carrot,Dindigul,53.4,139.7,4,14,2023,2023-04-08,Zaid,Medium,0
Cotton,Chennai,54.31,422.1,4,14,2023,2023-04-08,Zaid,Medium,0
Chilli,Erode,108.07,338.0,4,14,2023,2023-04-08,Zaid,Medium,0
Cauliflower,Thanjavur,28.79,430.7,4,14,2023,2023-04-08,Zaid,High,0
Cabbage,Erode,17.39,410.6,4,14,2023,2023-04-08,Zaid,Medium,0
Brinjal,Trichy,29.3,523.5,4,14,2023,2023-04-09,Zaid,Medium,0
Potato,Trichy,26.72,473.7,4,14,2023,2023-04-09,Zaid,Medium,0
Tomato,Salem,31.43,650.1,4,14,2023,2023-04-09,Zaid,High,0
Cabbage,Tirunelveli,16.07,445.1,4,14,2023,2023-04-09,Zaid,High,0
Chilli,Trichy,121.44,505.2,4,14,2023,2023-04-09,Zaid,Medium,0
Cauliflower,Coimbatore,30.19,338.4,4,15,2023,2023-04-10,Zaid,Medium,0
Potato,Trichy,24.58,647.6,4,15,2023,2023-04-10,Zaid,Medium,0
Groundnut,Dindigul,58.67,361.5,4,15,2023,2023-04-11,Zaid,High,0
Rice,Trichy,29.1,850.2,4,15,2023,2023-04-11,Zaid,High,0
Chilli,Trichy,103.08,793.8,4,15,2023,2023-04-12,Zaid,Medium,0
Banana,Dindigul,54.73,750.2,4,15,2023,2023-04-12,Zaid,Low,1
Cabbage,Coimbatore,16.86,567.2,4,15,2023,2023-04-12,Zaid,High,0
Onion,Dindigul,27.39,359.9,4,15,2023,2023-04-12,Zaid,High,0
Groundnut,Erode,74.13,333.2,4,15,2023,2023-04-13,Zaid,Medium,0
Coconut,Trichy,39.22,332.4,4,15,2023,2023-04-13,Zaid,Low,1
Potato,Vellore,26.05,460.4,4,15,2023,2023-04-13,Zaid,Medium,0
Coconut,Coimbatore,34.22,688.3,4,15,2023,2023-04-13,Zaid,Medium,1
Onion,Chennai,32.04,610.0,4,15,2023,2023-04-14,Zaid,Medium,0
Coconut,Madurai,35.9,476.3,4,15,2023,2023-04-15,Zaid,Low,1
Carrot,Thanjavur,50.18,597.9,4,15,2023,2023-04-16,Zaid,Medium,0
Lady Finger,Tirunelveli,43.04,502.0,4,15,2023,2023-04-16,Zaid,Medium,0
Cauliflower,Chennai,28.68,683.6,4,15,2023,2023-04-16,Zaid,High,0
Cabbage,Coimbatore,20.85,862.8,4,15,2023,2023-04-16,Zaid,Medium,0
Lady Finger,Thanjavur,40.2,478.7,4,16,2023,2023-04-17,Zaid,Medium,0
Brinjal,Madurai,27.05,675.3,4,16,2023,2023-04-17,Zaid,Medium,0
Carrot,Thanjavur,47.34,229.3,4,16,2023,2023-04-17,Zaid,Medium,0
Cauliflower,Vellore,29.13,532.7,4,16,2023,2023-04-17,Zaid,High,0
Cabbage,Thanjavur,18.32,400.2,4,16,2023,2023-04-18,Zaid,Medium,0
Onion,Coimbatore,30.93,459.6,4,16,2023,2023-04-19,Zaid,Medium,0
Potato,Tirunelveli,24.32,187.3,4,16,2023,2023-04-19,Zaid,Medium,0
Potato,Madurai,25.56,310.5,4,16,2023,2023-04-19,Zaid,Medium,0
Brinjal,Vellore,28.12,357.6,4,16,2023,2023-04-20,Zaid,Medium,0
Cauliflower,Erode,32.86,394.9,4,16,2023,2023-04-20,Zaid,Medium,0
Groundnut,Erode,60.8,479.8,4,16,2023,2023-04-20,Zaid,High,0
Banana,Chennai,59.95,342.0,4,16,2023,2023-04-20,Zaid,Low,1
Cotton,Erode,56.2,199.5,4,16,2023,2023-04-20,Zaid,Medium,0
Onion,Tirunelveli,29.03,877.6,4,16,2023,2023-04-21,Zaid,High,0
Groundnut,Coimbatore,71.06,498.6,4,16,2023,2023-04-21,Zaid,Medium,0
Sugarcane,Chennai,3.5,372.2,4,16,2023,2023-04-22,Zaid,Medium,0
Chilli,Dindigul,98.9,818.7,4,16,2023,2023-04-22,Zaid,High,0
Carrot,Chennai,50.87,646.8,4,16,2023,2023-04-22,Zaid,Medium,0
Sugarcane,Dindigul,3.69,290.5,4,16,2023,2023-04-23,Zaid,Medium,0
Cotton,Tirunelveli,52.76,590.2,4,16,2023,2023-04-23,Zaid,Medium,0
Carrot,Salem,44.44,264.4,4,16,2023,2023-04-23,Zaid,High,0
Brinjal,Thanjavur,25.32,669.6,4,17,2023,2023-04-24,Zaid,High,0
Potato,Erode,26.27,514.2,4,17,2023,2023-04-24,Zaid,Medium,0
Brinjal,Trichy,26.46,750.3,4,17,2023,2023-04-24,Zaid,Medium,0
Banana,Salem,54.53,492.0,4,17,2023,2023-04-25,Zaid,Low,1
Lady Finger,Trichy,41.25,866.3,4,17,2023,2023-04-25,Zaid,Medium,0
Brinjal,Trichy,27.15,593.0,4,17,2023,2023-04-26,Zaid,Medium,0
Sugarcane,Salem,3.7,567.8,4,17,2023,2023-04-26,Zaid,Medium,0
Lady Finger,Vellore,39.07,414.1,4,17,2023,2023-04-28,Zaid,Medium,0
Banana,Coimbatore,57.14,335.9,4,17,2023,2023-04-28,Zaid,Low,1
Banana,Tirunelveli,56.7,380.1,4,17,2023,2023-04-28,Zaid,Low,1
Cauliflower,Chennai,35.78,454.8,4,17,2023,2023-04-28,Zaid,Medium,0
Coconut,Trichy,37.59,378.3,4,17,2023,2023-04-29,Zaid,Low,1
Cabbage,Madurai,19.12,403.8,4,17,2023,2023-04-29,Zaid,Medium,0
Potato,Coimbatore,28.17,830.3,4,17,2023,2023-04-29,Zaid,Medium,0
Rice,Coimbatore,30.95,108.7,4,17,2023,2023-04-29,Zaid,Medium,0
Lady Finger,Salem,37.74,569.1,4,17,2023,2023-04-29,Zaid,High,0
Sugarcane,Madurai,3.79,464.2,4,17,2023,2023-04-29,Zaid,Medium,0
Brinjal,Erode,31.03,640.7,4,17,2023,2023-04-29,Zaid,Medium,0
Onion,Thanjavur,24.89,433.3,4,17,2023,2023-04-30,Zaid,High,0
Rice,Madurai,29.37,681.9,4,17,2023,2023-04-30,Zaid,High,0
Groundnut,Madurai,71.42,477.3,4,17,2023,2023-04-30,Zaid,Medium,0
Carrot,Erode,53.69,561.0,4,17,2023,2023-04-30,Zaid,Medium,0
Sugarcane,Madurai,3.67,490.2,4,17,2023,2023-04-30,Zaid,Medium,0
Cabbage,Chennai,19.44,329.1,5,18,2023,2023-05-01,Zaid,Medium,0
Brinjal,Coimbatore,25.73,515.0,5,18,2023,2023-05-01,Zaid,Medium,0
Cabbage,Vellore,18.39,554.9,5,18,2023,2023-05-01,Zaid,Medium,0
Rice,Coimbatore,31.62,685.2,5,18,2023,2023-05-01,Zaid,Medium,0
Onion,Erode,30.43,615.9,5,18,2023,2023-05-02,Zaid,Medium,0
Rice,Chennai,37.06,371.0,5,18,2023,2023-05-03,Zaid,Medium,0
Cauliflower,Erode,32.67,535.0,5,18,2023,2023-05-03,Zaid,Medium,0
Chilli,Coimbatore,120.08,471.6,5,18,2023,2023-05-03,Zaid,Medium,0
Tomato,Thanjavur,31.9,1006.9,5,18,2023,2023-05-03,Zaid,High,0
Onion,Thanjavur,30.52,818.6,5,18,2023,2023-05-03,Zaid,Medium,0
Tomato,Vellore,35.53,469.5,5,18,2023,2023-05-03,Zaid,Medium,0
Groundnut,Chennai,71.66,588.4,5,18,2023,2023-05-03,Zaid,Medium,0
Carrot,Trichy,53.31,435.3,5,18,2023,2023-05-04,Zaid,Medium,0
Sugarcane,Tirunelveli,3.23,667.9,5,18,2023,2023-05-04,Zaid,High,0
Carrot,Madurai,44.45,797.4,5,18,2023,2023-05-04,Zaid,High,0
Tomato,Dindigul,39.01,521.1,5,18,2023,2023-05-04,Zaid,Medium,0
Rice,Vellore,33.46,484.4,5,18,2023,2023-05-04,Zaid,Medium,0
Carrot,Salem,51.16,363.2,5,18,2023,2023-05-05,Zaid,Medium,0
Rice,Thanjavur,34.74,534.6,5,18,2023,2023-05-05,Zaid,Medium,0
Cauliflower,Tirunelveli,32.67,727.1,5,18,2023,2023-05-05,Zaid,Medium,0
Brinjal,Tirunelveli,33.01,645.4,5,18,2023,2023-05-05,Zaid,Medium,0
Carrot,Dindigul,49.6,608.3,5,18,2023,2023-05-06,Zaid,Medium,0
Tomato,Dindigul,39.46,632.5,5,18,2023,2023-05-06,Zaid,Medium,0
Coconut,Chennai,36.31,577.2,5,18,2023,2023-05-06,Zaid,Low,1
Rice,Tirunelveli,31.84,430.3,5,18,2023,2023-05-06,Zaid,Medium,0
Tomato,Salem,35.77,669.6,5,18,2023,2023-05-06,Zaid,Medium,0
Cauliflower,Trichy,29.44,575.7,5,18,2023,2023-05-06,Zaid,High,0
Sugarcane,Chennai,4.01,621.3,5,18,2023,2023-05-06,Zaid,Medium,0
Onion,Madurai,32.07,707.4,5,18,2023,2023-05-07,Zaid,Medium,0
Brinjal,Thanjavur,26.47,316.8,5,19,2023,2023-05-08,Zaid,Medium,0
Potato,Thanjavur,27.15,503.3,5,19,2023,2023-05-08,Zaid,Medium,0
Cauliflower,Chennai,31.94,755.3,5,19,2023,2023-05-08,Zaid,Medium,0
Cotton,Chennai,55.05,642.4,5,19,2023,2023-05-08,Zaid,Medium,0
Tomato,Coimbatore,37.72,731.5,5,19,2023,2023-05-09,Zaid,Medium,0
Brinjal,Thanjavur,26.97,454.2,5,19,2023,2023-05-09,Zaid,Medium,0
Lady Finger,Erode,45.23,606.5,5,19,2023,2023-05-09,Zaid,Medium,0
Coconut,Trichy,34.15,323.4,5,19,2023,2023-05-11,Zaid,Medium,1
Sugarcane,Salem,3.95,709.6,5,19,2023,2023-05-12,Zaid,Medium,0
Cauliflower,Tirunelveli,29.76,476.6,5,19,2023,2023-05-12,Zaid,Medium,0
Cauliflower,Trichy,30.4,824.8,5,19,2023,2023-05-12,Zaid,Medium,0
Sugarcane,Erode,3.33,731.6,5,19,2023,2023-05-12,Zaid,High,0
Sugarcane,Chennai,3.42,740.3,5,19,2023,2023-05-13,Zaid,Medium,0
Carrot,Erode,55.07,421.4,5,19,2023,2023-05-13,Zaid,Medium,0
Potato,Erode,26.64,772.9,5,19,2023,2023-05-14,Zaid,Medium,0
Carrot,Erode,47.21,706.3,5,19,2023,2023-05-14,Zaid,Medium,0
Groundnut,Coimbatore,64.75,613.7,5,19,2023,2023-05-14,Zaid,Medium,0
Tomato,Vellore,36.97,397.2,5,19,2023,2023-05-14,Zaid,Medium,0
Cotton,Madurai,56.37,369.6,5,20,2023,2023-05-15,Zaid,Medium,0
Banana,Erode,56.16,289.0,5,20,2023,2023-05-15,Zaid,Low,1
Tomato,Chennai,35.39,608.4,5,20,2023,2023-05-16,Zaid,Medium,0
Groundnut,Madurai,71.62,715.8,5,20,2023,2023-05-16,Zaid,Medium,0
Lady Finger,Vellore,44.75,787.2,5,20,2023,2023-05-16,Zaid,Medium,0
Carrot,Chennai,47.44,963.7,5,20,2023,2023-05-17,Zaid,Medium,0
Sugarcane,Tirunelveli,3.94,440.0,5,20,2023,2023-05-17,Zaid,Medium,0
Potato,Salem,28.62,635.1,5,20,2023,2023-05-17,Zaid,Medium,0
Banana,Erode,47.5,616.2,5,20,2023,2023-05-17,Zaid,Medium,1
Sugarcane,Trichy,3.43,531.7,5,20,2023,2023-05-17,Zaid,Medium,0
Potato,Coimbatore,24.74,715.3,5,20,2023,2023-05-17,Zaid,Medium,0
Coconut,Chennai,39.44,401.0,5,20,2023,2023-05-17,Zaid,Low,1
Carrot,Chennai,49.9,589.1,5,20,2023,2023-05-17,Zaid,Medium,0
Sugarcane,Thanjavur,3.76,321.0,5,20,2023,2023-05-18,Zaid,Medium,0
Lady Finger,Madurai,43.53,425.7,5,20,2023,2023-05-18,Zaid,Medium,0
Rice,Chennai,32.61,527.9,5,20,2023,2023-05-18,Zaid,Medium,0
Rice,Thanjavur,37.0,539.7,5,20,2023,2023-05-18,Zaid,Medium,0
Groundnut,Chennai,70.92,337.3,5,20,2023,2023-05-18,Zaid,Medium,0
Cabbage,Chennai,21.41,496.9,5,20,2023,2023-05-19,Zaid,Medium,0
Chilli,Thanjavur,121.88,561.1,5,20,2023,2023-05-19,Zaid,Medium,0
Groundnut,Coimbatore,64.03,741.4,5,20,2023,2023-05-20,Zaid,Medium,0
Onion,Dindigul,31.79,580.6,5,20,2023,2023-05-20,Zaid,Medium,0
Carrot,Thanjavur,50.88,319.5,5,20,2023,2023-05-20,Zaid,Medium,0
Brinjal,Salem,27.57,459.8,5,20,2023,2023-05-20,Zaid,Medium,0
Banana,Madurai,54.04,561.4,5,20,2023,2023-05-21,Zaid,Low,1
Tomato,Tirunelveli,39.28,485.2,5,20,2023,2023-05-21,Zaid,Medium,0
Brinjal,Trichy,24.32,595.7,5,21,2023,2023-05-22,Zaid,High,0
Cotton,Erode,53.61,413.5,5,21,2023,2023-05-22,Zaid,Medium,0
Tomato,Erode,37.34,296.3,5,21,2023,2023-05-22,Zaid,Medium,0
Cabbage,Salem,18.85,684.7,5,21,2023,2023-05-22,Zaid,Medium,0
Potato,Trichy,26.38,320.9,5,21,2023,2023-05-22,Zaid,Medium,0
Potato,Vellore,28.19,513.8,5,21,2023,2023-05-22,Zaid,Medium,0
Tomato,Dindigul,35.31,760.3,5,21,2023,2023-05-22,Zaid,Medium,0
Tomato,Salem,40.03,501.0,5,21,2023,2023-05-23,Zaid,Medium,0
Banana,Erode,51.3,315.7,5,21,2023,2023-05-23,Zaid,Medium,1
Potato,Coimbatore,23.25,687.2,5,21,2023,2023-05-23,Zaid,High,0
Cabbage,Trichy,20.78,762.7,5,21,2023,2023-05-24,Zaid,Medium,0
Cauliflower,Trichy,32.01,412.1,5,21,2023,2023-05-25,Zaid,Medium,0
Chilli,Coimbatore,102.09,385.4,5,21,2023,2023-05-25,Zaid,Medium,0
Cauliflower,Vellore,28.88,89.6,5,21,2023,2023-05-25,Zaid,High,0
Tomato,Thanjavur,42.28,490.6,5,21,2023,2023-05-26,Zaid,Medium,0
Rice,Thanjavur,27.19,410.4,5,21,2023,2023-05-26,Zaid,High,0
Sugarcane,Thanjavur,3.84,550.2,5,21,2023,2023-05-27,Zaid,Medium,0
Tomato,Chennai,33.97,268.8,5,21,2023,2023-05-27,Zaid,High,0
Cabbage,Madurai,19.06,693.4,5,21,2023,2023-05-27,Zaid,Medium,0
Potato,Salem,25.73,655.0,5,21,2023,2023-05-28,Zaid,Medium,0
Carrot,Vellore,47.14,705.2,5,21,2023,2023-05-28,Zaid,Medium,0
Onion,Coimbatore,35.72,646.6,5,21,2023,2023-05-28,Zaid,Medium,0
Tomato,Dindigul,32.93,438.2,5,21,2023,2023-05-28,Zaid,High,0
Onion,Vellore,30.33,580.8,5,21,2023,2023-05-28,Zaid,Medium,0
Potato,Thanjavur,26.8,926.2,5,22,2023,2023-05-29,Zaid,Medium,0
Banana,Coimbatore,46.82,606.5,5,22,2023,2023-05-29,Zaid,Medium,1
Sugarcane,Madurai,3.79,748.9,5,22,2023,2023-05-29,Zaid,Medium,0
Rice,Trichy,31.87,724.8,5,22,2023,2023-05-30,Zaid,Medium,0
Brinjal,Thanjavur,29.93,567.5,5,22,2023,2023-05-30,Zaid,Medium,0
Rice,Tirunelveli,34.82,775.8,5,22,2023,2023-05-30,Zaid,Medium,0
Rice,Trichy,33.02,516.0,5,22,2023,2023-05-31,Zaid,Medium,0
Carrot,Thanjavur,58.48,522.8,6,22,2023,2023-06-01,Kharif,Medium,0
Banana,Tirunelveli,54.66,449.0,6,22,2023,2023-06-01,Kharif,Low,1
Groundnut,Trichy,70.57,696.4,6,22,2023,2023-06-01,Kharif,Medium,0
Onion,Trichy,32.05,874.4,6,22,2023,2023-06-01,Kharif,Medium,0
Groundnut,Madurai,73.88,536.5,6,22,2023,2023-06-01,Kharif,Medium,0
Potato,Tirunelveli,25.71,683.4,6,22,2023,2023-06-02,Kharif,Medium,0
Rice,Salem,30.36,761.0,6,22,2023,2023-06-02,Kharif,Medium,0
Brinjal,Madurai,29.85,762.4,6,22,2023,2023-06-02,Kharif,Medium,0
Coconut,Dindigul,27.64,598.2,6,22,2023,2023-06-03,Kharif,Medium,0
Cauliflower,Salem,34.32,502.5,6,22,2023,2023-06-03,Kharif,Medium,0
Lady Finger,Coimbatore,54.52,607.6,6,22,2023,2023-06-03,Kharif,Low,1
Tomato,Dindigul,33.26,771.5,6,22,2023,2023-06-03,Kharif,High,0
Groundnut,Dindigul,68.24,761.1,6,22,2023,2023-06-04,Kharif,Medium,0
Brinjal,Coimbatore,28.17,583.9,6,23,2023,2023-06-05,Kharif,Medium,0
Brinjal,Tirunelveli,23.42,503.6,6,23,2023,2023-06-05,Kharif,High,0
Cotton,Thanjavur,57.47,607.7,6,23,2023,2023-06-05,Kharif,Medium,0
Rice,Trichy,35.69,628.8,6,23,2023,2023-06-06,Kharif,Medium,0
Potato,Vellore,27.31,619.3,6,23,2023,2023-06-06,Kharif,Medium,0
Banana,Erode,56.8,451.6,6,23,2023,2023-06-07,Kharif,Low,1
Rice,Tirunelveli,33.28,495.5,6,23,2023,2023-06-07,Kharif,Medium,0
Onion,Thanjavur,28.02,426.3,6,23,2023,2023-06-07,Kharif,High,0
Chilli,Madurai,124.33,538.7,6,23,2023,2023-06-07,Kharif,Medium,0
Potato,Madurai,28.51,826.6,6,23,2023,2023-06-08,Kharif,Medium,0
Tomato,Tirunelveli,37.12,439.0,6,23,2023,2023-06-08,Kharif,Medium,0
Sugarcane,Dindigul,3.62,591.9,6,23,2023,2023-06-09,Kharif,Medium,0
Coconut,Thanjavur,29.96,749.6,6,23,2023,2023-06-09,Kharif,Medium,0
Rice,Salem,35.56,662.0,6,23,2023,2023-06-09,Kharif,Medium,0
Sugarcane,Coimbatore,3.62,574.9,6,23,2023,2023-06-09,Kharif,Medium,0
Onion,Madurai,29.69,518.2,6,23,2023,2023-06-09,Kharif,High,0
Chilli,Tirunelveli,110.15,725.7,6,23,2023,2023-06-11,Kharif,Medium,0
Lady Finger,Madurai,62.21,379.3,6,23,2023,2023-06-11,Kharif,Low,1
Sugarcane,Vellore,3.68,868.5,6,24,2023,2023-06-12,Kharif,Medium,0
Lady Finger,Vellore,56.0,416.8,6,24,2023,2023-06-12,Kharif,Low,1
Cotton,Thanjavur,50.44,604.8,6,24,2023,2023-06-12,Kharif,High,0
Cabbage,Dindigul,18.61,671.2,6,24,2023,2023-06-13,Kharif,Medium,0
Cotton,Erode,55.22,748.9,6,24,2023,2023-06-13,Kharif,Medium,0
Tomato,Madurai,37.81,494.2,6,24,2023,2023-06-13,Kharif,Medium,0
Brinjal,Madurai,25.96,785.6,6,24,2023,2023-06-13,Kharif,Medium,0
Rice,Erode,34.73,361.2,6,24,2023,2023-06-13,Kharif,Medium,0
Tomato,Coimbatore,32.97,459.8,6,24,2023,2023-06-14,Kharif,High,0
Sugarcane,Thanjavur,3.27,632.2,6,24,2023,2023-06-15,Kharif,High,0
Carrot,Madurai,48.96,568.6,6,24,2023,2023-06-15,Kharif,Medium,0
Brinjal,Trichy,27.68,619.6,6,24,2023,2023-06-16,Kharif,Medium,0
Tomato,Chennai,37.89,817.0,6,24,2023,2023-06-16,Kharif,Medium,0
Chilli,Dindigul,119.21,508.2,6,24,2023,2023-06-16,Kharif,Medium,0
Cabbage,Vellore,18.05,262.7,6,24,2023,2023-06-16,Kharif,Medium,0
Cotton,Trichy,54.86,600.6,6,24,2023,2023-06-16,Kharif,Medium,0
Cotton,Salem,57.78,778.1,6,24,2023,2023-06-16,Kharif,Medium,0
Coconut,Trichy,31.16,492.1,6,24,2023,2023-06-17,Kharif,Medium,0
Sugarcane,Vellore,3.56,603.3,6,24,2023,2023-06-17,Kharif,Medium,0
Sugarcane,Tirunelveli,3.92,482.4,6,24,2023,2023-06-18,Kharif,Medium,0
Onion,Trichy,30.04,754.4,6,24,2023,2023-06-18,Kharif,Medium,0
Carrot,Madurai,50.19,512.5,6,24,2023,2023-06-18,Kharif,Medium,0
Sugarcane,Dindigul,3.84,625.5,6,24,2023,2023-06-18,Kharif,Medium,0
Lady Finger,Vellore,60.85,411.3,6,25,2023,2023-06-19,Kharif,Low,1
Tomato,Coimbatore,35.34,509.0,6,25,2023,2023-06-19,Kharif,Medium,0
Cabbage,Thanjavur,17.55,337.3,6,25,2023,2023-06-19,Kharif,Medium,0
Tomato,Vellore,39.06,556.3,6,25,2023,2023-06-19,Kharif,Medium,0
Chilli,Trichy,116.5,503.8,6,25,2023,2023-06-19,Kharif,Medium,0
Cotton,Madurai,61.39,474.2,6,25,2023,2023-06-20,Kharif,Medium,0
Groundnut,Coimbatore,63.72,624.2,6,25,2023,2023-06-20,Kharif,High,0
Coconut,Madurai,30.3,401.8,6,25,2023,2023-06-20,Kharif,Medium,0
Tomato,Coimbatore,31.41,677.1,6,25,2023,2023-06-20,Kharif,High,0
Tomato,Trichy,41.59,643.2,6,25,2023,2023-06-21,Kharif,Medium,0
Brinjal,Salem,26.25,678.4,6,25,2023,2023-06-21,Kharif,Medium,0
Brinjal,Coimbatore,30.38,587.5,6,25,2023,2023-06-22,Kharif,Medium,0
Cotton,Tirunelveli,56.19,564.0,6,25,2023,2023-06-23,Kharif,Medium,0
Onion,Coimbatore,26.79,342.7,6,25,2023,2023-06-23,Kharif,High,0
Lady Finger,Coimbatore,59.86,471.9,6,25,2023,2023-06-23,Kharif,Low,1
Potato,Thanjavur,26.58,397.3,6,25,2023,2023-06-23,Kharif,Medium,0
Cabbage,Trichy,18.68,530.9,6,25,2023,2023-06-24,Kharif,Medium,0
Tomato,Tirunelveli,36.52,779.3,6,25,2023,2023-06-24,Kharif,Medium,0
Brinjal,Chennai,28.24,864.4,6,25,2023,2023-06-24,Kharif,Medium,0
Tomato,Madurai,33.3,581.5,6,25,2023,2023-06-25,Kharif,High,0
Cotton,Tirunelveli,58.64,556.8,6,25,2023,2023-06-25,Kharif,Medium,0
Cauliflower,Thanjavur,32.85,360.6,6,25,2023,2023-06-25,Kharif,Medium,0
Cauliflower,Tirunelveli,30.31,834.3,6,25,2023,2023-06-25,Kharif,Medium,0
Banana,Thanjavur,55.66,532.8,6,26,2023,2023-06-26,Kharif,Low,1
Carrot,Thanjavur,50.97,567.6,6,26,2023,2023-06-26,Kharif,Medium,0
Groundnut,Madurai,76.1,442.8,6,26,2023,2023-06-26,Kharif,Medium,0
Coconut,Salem,26.39,548.9,6,26,2023,2023-06-26,Kharif,Medium,0
Coconut,Vellore,28.43,535.1,6,26,2023,2023-06-26,Kharif,Medium,0
Brinjal,Dindigul,25.53,753.9,6,26,2023,2023-06-27,Kharif,Medium,0
Banana,Erode,58.3,439.1,6,26,2023,2023-06-27,Kharif,Low,1
Tomato,Dindigul,35.2,646.5,6,26,2023,2023-06-27,Kharif,Medium,0
Rice,Thanjavur,29.84,449.0,6,26,2023,2023-06-28,Kharif,Medium,0
Rice,Trichy,31.79,555.4,6,26,2023,2023-06-28,Kharif,Medium,0
Potato,Dindigul,26.02,647.5,6,26,2023,2023-06-28,Kharif,Medium,0
Sugarcane,Salem,3.96,383.3,6,26,2023,2023-06-28,Kharif,Medium,0
Carrot,Thanjavur,50.53,599.9,6,26,2023,2023-06-29,Kharif,Medium,0
Coconut,Madurai,28.37,470.8,6,26,2023,2023-06-29,Kharif,Medium,0
Coconut,Salem,29.58,537.3,6,26,2023,2023-06-30,Kharif,Medium,0
Rice,Coimbatore,33.52,327.8,6,26,2023,2023-06-30,Kharif,Medium,0
Coconut,Tirunelveli,29.0,712.8,6,26,2023,2023-06-30,Kharif,Medium,0
Cauliflower,Thanjavur,30.08,371.9,7,26,2023,2023-07-01,Kharif,Medium,0
Lady Finger,Tirunelveli,50.55,598.4,7,26,2023,2023-07-01,Kharif,Medium,1
Cotton,Salem,53.6,280.4,7,26,2023,2023-07-01,Kharif,Medium,0
Groundnut,Dindigul,72.92,658.8,7,26,2023,2023-07-02,Kharif,Medium,0
Cabbage,Vellore,18.62,530.2,7,26,2023,2023-07-02,Kharif,Medium,0
Cotton,Thanjavur,54.71,602.9,7,26,2023,2023-07-02,Kharif,Medium,0
Cauliflower,Thanjavur,34.02,743.7,7,26,2023,2023-07-02,Kharif,Medium,0
Chilli,Vellore,97.38,340.8,7,26,2023,2023-07-02,Kharif,High,0
Rice,Coimbatore,30.81,647.9,7,27,2023,2023-07-03,Kharif,Medium,0
Onion,Madurai,29.27,873.9,7,27,2023,2023-07-03,Kharif,High,0
Onion,Coimbatore,28.48,693.3,7,27,2023,2023-07-03,Kharif,High,0
Coconut,Erode,24.14,448.1,7,27,2023,2023-07-03,Kharif,High,0
Groundnut,Dindigul,71.03,795.4,7,27,2023,2023-07-04,Kharif,Medium,0
Banana,Trichy,40.82,707.1,7,27,2023,2023-07-04,Kharif,Medium,0
Cabbage,Madurai,17.32,617.8,7,27,2023,2023-07-05,Kharif,Medium,0
Chilli,Madurai,94.47,507.2,7,27,2023,2023-07-05,Kharif,High,0
Coconut,Thanjavur,26.88,629.4,7,27,2023,2023-07-05,Kharif,Medium,0
Rice,Salem,33.29,574.1,7,27,2023,2023-07-06,Kharif,Medium,0
Sugarcane,Thanjavur,3.65,458.2,7,27,2023,2023-07-06,Kharif,Medium,0
Rice,Chennai,35.97,532.1,7,27,2023,2023-07-06,Kharif,Medium,0
Cotton,Vellore,55.17,731.7,7,27,2023,2023-07-06,Kharif,Medium,0
Cauliflower,Dindigul,33.49,645.5,7,27,2023,2023-07-06,Kharif,Medium,0
Carrot,Tirunelveli,49.95,580.5,7,27,2023,2023-07-07,Kharif,Medium,0
Brinjal,Tirunelveli,35.93,247.4,7,27,2023,2023-07-07,Kharif,Low,1
Brinjal,Vellore,41.85,383.9,7,27,2023,2023-07-07,Kharif,Low,1
Coconut,Vellore,26.69,411.1,7,27,2023,2023-07-07,Kharif,Medium,0
Banana,Tirunelveli,39.82,803.3,7,27,2023,2023-07-07,Kharif,Medium,0
Rice,Coimbatore,30.53,463.5,7,27,2023,2023-07-07,Kharif,Medium,0
Groundnut,Chennai,66.91,232.8,7,27,2023,2023-07-07,Kharif,Medium,0
Chilli,Tirunelveli,104.64,756.5,7,27,2023,2023-07-08,Kharif,Medium,0
Rice,Thanjavur,36.35,639.3,7,28,2023,2023-07-10,Kharif,Medium,0
Coconut,Tirunelveli,26.96,645.5,7,28,2023,2023-07-10,Kharif,Medium,0
Cauliflower,Coimbatore,37.69,422.9,7,28,2023,2023-07-10,Kharif,Medium,0
Cotton,Trichy,54.5,508.6,7,28,2023,2023-07-10,Kharif,Medium,0
Cauliflower,Vellore,33.77,209.8,7,28,2023,2023-07-10,Kharif,Medium,0
Chilli,Tirunelveli,98.14,467.2,7,28,2023,2023-07-12,Kharif,High,0
Cabbage,Thanjavur,18.63,960.1,7,28,2023,2023-07-12,Kharif,Medium,0
Tomato,Coimbatore,35.05,497.8,7,28,2023,2023-07-12,Kharif,Medium,0
Tomato,Erode,33.28,861.0,7,28,2023,2023-07-13,Kharif,High,0
Tomato,Erode,40.92,307.0,7,28,2023,2023-07-14,Kharif,Medium,0
Banana,Erode,43.88,440.2,7,28,2023,2023-07-14,Kharif,Medium,0
Cauliflower,Vellore,34.14,626.9,7,28,2023,2023-07-14,Kharif,Medium,0
Carrot,Erode,49.16,662.1,7,28,2023,2023-07-15,Kharif,Medium,0
Potato,Coimbatore,26.25,430.4,7,28,2023,2023-07-15,Kharif,Medium,0
Cauliflower,Madurai,30.94,673.7,7,28,2023,2023-07-15,Kharif,Medium,0
Sugarcane,Coimbatore,4.0,426.1,7,28,2023,2023-07-15,Kharif,Medium,0
Potato,Salem,24.14,670.6,7,28,2023,2023-07-15,Kharif,Medium,0
Carrot,Salem,51.38,453.1,7,28,2023,2023-07-15,Kharif,Medium,0
Cauliflower,Thanjavur,27.65,460.3,7,28,2023,2023-07-16,Kharif,High,0
Groundnut,Tirunelveli,72.79,788.3,7,28,2023,2023-07-16,Kharif,Medium,0
Potato,Dindigul,25.78,523.3,7,28,2023,2023-07-16,Kharif,Medium,0
Banana,Madurai,39.42,421.9,7,28,2023,2023-07-16,Kharif,Medium,0
Tomato,Dindigul,40.07,540.1,7,28,2023,2023-07-16,Kharif,Medium,0
Lady Finger,Madurai,49.9,408.3,7,28,2023,2023-07-16,Kharif,Medium,1
Cauliflower,Dindigul,34.79,433.7,7,29,2023,2023-07-17,Kharif,Medium,0
Brinjal,Chennai,33.24,442.1,7,29,2023,2023-07-17,Kharif,Medium,1
Carrot,Tirunelveli,51.83,403.1,7,29,2023,2023-07-17,Kharif,Medium,0
Brinjal,Salem,35.2,441.5,7,29,2023,2023-07-17,Kharif,Low,1
Cabbage,Tirunelveli,19.4,757.0,7,29,2023,2023-07-17,Kharif,Medium,0
Potato,Salem,27.34,613.4,7,29,2023,2023-07-17,Kharif,Medium,0
Brinjal,Trichy,38.55,225.9,7,29,2023,2023-07-17,Kharif,Low,1
Cabbage,Tirunelveli,19.68,776.7,7,29,2023,2023-07-18,Kharif,Medium,0
Chilli,Erode,117.33,502.8,7,29,2023,2023-07-18,Kharif,Medium,0
Coconut,Chennai,29.9,548.1,7,29,2023,2023-07-18,Kharif,Medium,0
Rice,Madurai,32.87,452.9,7,29,2023,2023-07-18,Kharif,Medium,0
Sugarcane,Erode,3.34,530.1,7,29,2023,2023-07-19,Kharif,High,0
Potato,Tirunelveli,28.54,693.3,7,29,2023,2023-07-20,Kharif,Medium,0
Tomato,Madurai,38.37,717.4,7,29,2023,2023-07-20,Kharif,Medium,0
Sugarcane,Erode,3.8,579.2,7,29,2023,2023-07-21,Kharif,Medium,0
Coconut,Salem,25.7,747.7,7,29,2023,2023-07-21,Kharif,Medium,0
Onion,Tirunelveli,33.97,694.2,7,29,2023,2023-07-21,Kharif,Medium,0
Sugarcane,Tirunelveli,3.96,798.8,7,29,2023,2023-07-21,Kharif,Medium,0
Lady Finger,Coimbatore,49.71,595.5,7,29,2023,2023-07-21,Kharif,Medium,1
Brinjal,Erode,38.26,568.7,7,29,2023,2023-07-22,Kharif,Low,1
Potato,Coimbatore,21.38,466.2,7,29,2023,2023-07-22,Kharif,High,0
Lady Finger,Tirunelveli,57.24,329.8,7,29,2023,2023-07-22,Kharif,Low,1
Carrot,Vellore,53.97,452.2,7,29,2023,2023-07-23,Kharif,Medium,0
Groundnut,Coimbatore,72.21,690.0,7,29,2023,2023-07-23,Kharif,Medium,0
Carrot,Madurai,47.2,236.9,7,29,2023,2023-07-23,Kharif,Medium,0
Tomato,Trichy,34.19,608.5,7,29,2023,2023-07-23,Kharif,Medium,0
Coconut,Salem,27.98,596.8,7,29,2023,2023-07-23,Kharif,Medium,0
Onion,Madurai,28.48,525.4,7,29,2023,2023-07-23,Kharif,High,0
Cauliflower,Erode,32.89,503.1,7,29,2023,2023-07-23,Kharif,Medium,0
Rice,Vellore,33.17,559.2,7,30,2023,2023-07-24,Kharif,Medium,0
Lady Finger,Erode,57.88,556.0,7,30,2023,2023-07-24,Kharif,Low,1
Cauliflower,Thanjavur,29.14,648.5,7,30,2023,2023-07-24,Kharif,High,0
Brinjal,Madurai,32.21,510.4,7,30,2023,2023-07-25,Kharif,Medium,1
Sugarcane,Erode,3.45,728.5,7,30,2023,2023-07-25,Kharif,Medium,0
Rice,Salem,33.73,540.8,7,30,2023,2023-07-25,Kharif,Medium,0
Carrot,Tirunelveli,47.36,520.4,7,30,2023,2023-07-25,Kharif,Medium,0
Groundnut,Madurai,74.84,601.1,7,30,2023,2023-07-25,Kharif,Medium,0
Banana,Coimbatore,35.44,677.4,7,30,2023,2023-07-26,Kharif,High,0
Brinjal,Thanjavur,40.15,355.7,7,30,2023,2023-07-26,Kharif,Low,1
Brinjal,Erode,34.12,499.2,7,30,2023,2023-07-26,Kharif,Medium,1
Potato,Erode,26.44,540.0,7,30,2023,2023-07-26,Kharif,Medium,0
Carrot,Erode,50.14,626.3,7,30,2023,2023-07-27,Kharif,Medium,0
Carrot,Tirunelveli,53.53,732.7,7,30,2023,2023-07-27,Kharif,Medium,0
Tomato,Coimbatore,33.4,385.9,7,30,2023,2023-07-27,Kharif,High,0
Sugarcane,Thanjavur,3.76,488.3,7,30,2023,2023-07-27,Kharif,Medium,0
Cabbage,Tirunelveli,19.2,547.2,7,30,2023,2023-07-27,Kharif,Medium,0
Sugarcane,Thanjavur,4.13,484.1,7,30,2023,2023-07-27,Kharif,Medium,0
Banana,Erode,41.6,435.2,7,30,2023,2023-07-28,Kharif,Medium,0
Onion,Madurai,29.28,358.9,7,30,2023,2023-07-29,Kharif,High,0
Coconut,Erode,29.44,392.1,7,30,2023,2023-07-29,Kharif,Medium,0
Cauliflower,Chennai,30.79,531.3,7,30,2023,2023-07-29,Kharif,Medium,0
Potato,Dindigul,21.31,1107.4,7,30,2023,2023-07-30,Kharif,High,0
Chilli,Thanjavur,102.57,626.0,7,30,2023,2023-07-30,Kharif,Medium,0
Tomato,Chennai,32.92,549.8,7,31,2023,2023-07-31,Kharif,High,0
Potato,Thanjavur,27.92,408.7,7,31,2023,2023-07-31,Kharif,Medium,0
Rice,Salem,42.28,407.5,8,31,2023,2023-08-01,Kharif,Low,1
Brinjal,Trichy,39.46,345.0,8,31,2023,2023-08-01,Kharif,Low,1
Potato,Coimbatore,23.22,589.4,8,31,2023,2023-08-01,Kharif,High,0
Tomato,Trichy,35.57,441.9,8,31,2023,2023-08-01,Kharif,Medium,0
Carrot,Vellore,54.48,855.4,8,31,2023,2023-08-01,Kharif,Medium,0
Cabbage,Madurai,16.05,599.4,8,31,2023,2023-08-02,Kharif,High,0
Banana,Thanjavur,39.21,825.8,8,31,2023,2023-08-03,Kharif,Medium,0
Onion,Thanjavur,29.25,709.8,8,31,2023,2023-08-03,Kharif,High,0
Lady Finger,Vellore,55.73,62.5,8,31,2023,2023-08-03,Kharif,Low,1
Carrot,Salem,55.54,310.3,8,31,2023,2023-08-03,Kharif,Medium,0
Cauliflower,Tirunelveli,31.61,391.2,8,31,2023,2023-08-03,Kharif,Medium,0
Cabbage,Chennai,16.05,393.9,8,31,2023,2023-08-03,Kharif,High,0
Onion,Tirunelveli,33.91,430.3,8,31,2023,2023-08-04,Kharif,Medium,0
Tomato,Trichy,32.78,644.8,8,31,2023,2023-08-04,Kharif,High,0
Coconut,Tirunelveli,25.48,533.7,8,31,2023,2023-08-05,Kharif,High,0
Lady Finger,Thanjavur,54.96,326.7,8,31,2023,2023-08-05,Kharif,Low,1
Coconut,Dindigul,28.39,392.6,8,31,2023,2023-08-05,Kharif,Medium,0
Onion,Tirunelveli,30.82,511.0,8,31,2023,2023-08-05,Kharif,Medium,0
Rice,Salem,41.34,451.4,8,31,2023,2023-08-05,Kharif,Low,1
Cauliflower,Erode,28.1,568.6,8,31,2023,2023-08-06,Kharif,High,0
Carrot,Vellore,52.18,712.2,8,31,2023,2023-08-06,Kharif,Medium,0
Coconut,Vellore,29.71,626.0,8,32,2023,2023-08-07,Kharif,Medium,0
Groundnut,Tirunelveli,75.96,290.1,8,32,2023,2023-08-07,Kharif,Medium,0
Coconut,Trichy,27.98,728.8,8,32,2023,2023-08-07,Kharif,Medium,0
Sugarcane,Thanjavur,3.96,464.7,8,32,2023,2023-08-08,Kharif,Medium,0
Rice,Trichy,43.0,470.3,8,32,2023,2023-08-08,Kharif,Low,1
Lady Finger,Madurai,53.7,293.9,8,32,2023,2023-08-08,Kharif,Low,1
Carrot,Coimbatore,49.09,494.9,8,32,2023,2023-08-09,Kharif,Medium,0
Sugarcane,Thanjavur,3.77,663.5,8,32,2023,2023-08-09,Kharif,Medium,0
Brinjal,Coimbatore,35.05,459.5,8,32,2023,2023-08-09,Kharif,Low,1
Rice,Thanjavur,39.59,451.3,8,32,2023,2023-08-09,Kharif,Medium,1
Coconut,Erode,29.31,470.3,8,32,2023,2023-08-09,Kharif,Medium,0
Groundnut,Dindigul,71.22,644.4,8,32,2023,2023-08-10,Kharif,Medium,0
Coconut,Thanjavur,31.05,410.5,8,32,2023,2023-08-10,Kharif,Medium,0
Rice,Salem,46.18,394.5,8,32,2023,2023-08-10,Kharif,Low,1
Banana,Madurai,45.13,408.6,8,32,2023,2023-08-10,Kharif,Medium,0
Sugarcane,Erode,3.82,562.5,8,32,2023,2023-08-10,Kharif,Medium,0
Cotton,Chennai,55.09,565.7,8,32,2023,2023-08-11,Kharif,Medium,0
Tomato,Vellore,34.52,518.5,8,32,2023,2023-08-11,Kharif,Medium,0
Coconut,Salem,29.84,377.8,8,32,2023,2023-08-12,Kharif,Medium,0
Cabbage,Madurai,18.84,435.0,8,32,2023,2023-08-13,Kharif,Medium,0
Banana,Chennai,43.25,652.3,8,32,2023,2023-08-13,Kharif,Medium,0
Cabbage,Trichy,18.16,458.1,8,32,2023,2023-08-13,Kharif,Medium,0
Cauliflower,Trichy,30.09,356.7,8,32,2023,2023-08-13,Kharif,Medium,0
Tomato,Coimbatore,35.78,573.6,8,32,2023,2023-08-13,Kharif,Medium,0
Carrot,Madurai,55.52,702.0,8,32,2023,2023-08-13,Kharif,Medium,0
Groundnut,Coimbatore,67.81,679.7,8,33,2023,2023-08-14,Kharif,Medium,0
Carrot,Vellore,52.24,607.0,8,33,2023,2023-08-14,Kharif,Medium,0
Groundnut,Erode,70.74,217.1,8,33,2023,2023-08-14,Kharif,Medium,0
Brinjal,Vellore,37.97,317.8,8,33,2023,2023-08-14,Kharif,Low,1
Rice,Trichy,44.17,376.2,8,33,2023,2023-08-15,Kharif,Low,1
Potato,Erode,23.66,720.5,8,33,2023,2023-08-15,Kharif,High,0
Carrot,Dindigul,54.78,529.3,8,33,2023,2023-08-15,Kharif,Medium,0
Chilli,Trichy,103.57,820.8,8,33,2023,2023-08-16,Kharif,Medium,0
Chilli,Trichy,110.87,547.3,8,33,2023,2023-08-16,Kharif,Medium,0
Sugarcane,Tirunelveli,3.71,553.0,8,33,2023,2023-08-16,Kharif,Medium,0
Cotton,Trichy,53.66,196.3,8,33,2023,2023-08-16,Kharif,Medium,0
Sugarcane,Madurai,3.68,873.8,8,33,2023,2023-08-17,Kharif,Medium,0
Brinjal,Erode,36.9,429.7,8,33,2023,2023-08-17,Kharif,Low,1
Cabbage,Erode,17.87,593.1,8,33,2023,2023-08-17,Kharif,Medium,0
Potato,Madurai,25.52,114.9,8,33,2023,2023-08-17,Kharif,Medium,0
Carrot,Chennai,50.64,840.0,8,33,2023,2023-08-18,Kharif,Medium,0
Cabbage,Coimbatore,19.06,567.7,8,33,2023,2023-08-18,Kharif,Medium,0
Potato,Coimbatore,24.5,351.6,8,33,2023,2023-08-19,Kharif,Medium,0
Lady Finger,Tirunelveli,56.8,463.3,8,33,2023,2023-08-19,Kharif,Low,1
Banana,Coimbatore,38.38,605.6,8,33,2023,2023-08-19,Kharif,Medium,0
Cabbage,Chennai,16.97,909.2,8,33,2023,2023-08-19,Kharif,High,0
Carrot,Coimbatore,50.55,654.3,8,33,2023,2023-08-19,Kharif,Medium,0
Carrot,Thanjavur,56.62,389.7,8,33,2023,2023-08-19,Kharif,Medium,0
Carrot,Vellore,57.02,661.8,8,33,2023,2023-08-20,Kharif,Medium,0
Tomato,Salem,39.14,467.3,8,33,2023,2023-08-20,Kharif,Medium,0
Rice,Madurai,43.9,319.5,8,33,2023,2023-08-20,Kharif,Low,1
Rice,Erode,41.4,498.4,8,33,2023,2023-08-20,Kharif,Low,1
Rice,Salem,43.8,442.5,8,33,2023,2023-08-20,Kharif,Low,1
Cauliflower,Thanjavur,32.54,585.2,8,34,2023,2023-08-21,Kharif,Medium,0
Brinjal,Chennai,39.76,429.1,8,34,2023,2023-08-21,Kharif,Low,1
Tomato,Salem,39.54,308.3,8,34,2023,2023-08-22,Kharif,Medium,0
Cabbage,Thanjavur,18.81,459.3,8,34,2023,2023-08-22,Kharif,Medium,0
Coconut,Salem,26.06,405.3,8,34,2023,2023-08-22,Kharif,Medium,0
Cotton,Thanjavur,56.74,323.2,8,34,2023,2023-08-23,Kharif,Medium,0
Onion,Thanjavur,30.57,420.8,8,34,2023,2023-08-24,Kharif,Medium,0
Coconut,Chennai,25.95,512.4,8,34,2023,2023-08-24,Kharif,Medium,0
Cauliflower,Dindigul,29.4,589.1,8,34,2023,2023-08-24,Kharif,High,0
Tomato,Thanjavur,32.78,613.3,8,34,2023,2023-08-24,Kharif,High,0
Banana,Erode,41.76,606.5,8,34,2023,2023-08-25,Kharif,Medium,0
Cotton,Salem,59.35,506.1,8,34,2023,2023-08-26,Kharif,Medium,0
Onion,Madurai,29.28,324.8,8,34,2023,2023-08-26,Kharif,High,0
Potato,Tirunelveli,26.72,324.5,8,34,2023,2023-08-26,Kharif,Medium,0
Banana,Dindigul,44.34,228.3,8,34,2023,2023-08-26,Kharif,Medium,0
Groundnut,Vellore,71.21,342.1,8,34,2023,2023-08-26,Kharif,Medium,0
Potato,Trichy,23.74,748.1,8,34,2023,2023-08-27,Kharif,High,0
Cauliflower,Coimbatore,32.99,239.6,8,34,2023,2023-08-27,Kharif,Medium,0
Rice,Salem,38.64,550.2,8,34,2023,2023-08-27,Kharif,Medium,1
Cabbage,Madurai,17.78,609.0,8,34,2023,2023-08-27,Kharif,Medium,0
Cauliflower,Dindigul,32.99,457.4,8,34,2023,2023-08-27,Kharif,Medium,0
Groundnut,Coimbatore,73.02,604.5,8,34,2023,2023-08-27,Kharif,Medium,0
Carrot,Thanjavur,56.73,486.5,8,34,2023,2023-08-27,Kharif,Medium,0
Cotton,Coimbatore,54.27,576.6,8,35,2023,2023-08-28,Kharif,Medium,0
Sugarcane,Tirunelveli,3.91,324.3,8,35,2023,2023-08-28,Kharif,Medium,0
Sugarcane,Vellore,3.38,613.4,8,35,2023,2023-08-28,Kharif,High,0
Banana,Erode,38.79,870.7,8,35,2023,2023-08-28,Kharif,Medium,0
Lady Finger,Tirunelveli,56.66,402.4,8,35,2023,2023-08-29,Kharif,Low,1
Potato,Vellore,25.14,692.7,8,35,2023,2023-08-29,Kharif,Medium,0
Rice,Tirunelveli,39.69,577.9,8,35,2023,2023-08-29,Kharif,Medium,1
Tomato,Thanjavur,39.9,410.3,8,35,2023,2023-08-29,Kharif,Medium,0
Potato,Erode,29.85,435.1,8,35,2023,2023-08-29,Kharif,Medium,0
Rice,Thanjavur,39.53,697.2,8,35,2023,2023-08-29,Kharif,Medium,1
Onion,Trichy,27.34,504.7,8,35,2023,2023-08-30,Kharif,High,0
Cabbage,Salem,15.9,470.7,8,35,2023,2023-08-30,Kharif,High,0
Banana,Salem,42.27,682.6,8,35,2023,2023-08-30,Kharif,Medium,0
Chilli,Madurai,116.12,417.8,8,35,2023,2023-08-31,Kharif,Medium,0
Brinjal,Chennai,41.45,338.4,8,35,2023,2023-08-31,Kharif,Low,1
Chilli,Erode,105.25,718.5,8,35,2023,2023-08-31,Kharif,Medium,0
Brinjal,Erode,36.74,420.8,9,35,2023,2023-09-01,Kharif,Low,1
Rice,Salem,44.92,666.4,9,35,2023,2023-09-01,Kharif,Low,1
Onion,Salem,26.82,557.5,9,35,2023,2023-09-02,Kharif,High,0
Cotton,Tirunelveli,62.32,446.9,9,35,2023,2023-09-02,Kharif,Medium,0
Banana,Trichy,46.27,421.3,9,35,2023,2023-09-02,Kharif,Medium,0
Cotton,Thanjavur,57.07,575.4,9,35,2023,2023-09-03,Kharif,Medium,0
Onion,Erode,30.72,533.6,9,35,2023,2023-09-03,Kharif,Medium,0
Banana,Madurai,41.84,540.7,9,35,2023,2023-09-03,Kharif,Medium,0
Sugarcane,Chennai,3.5,433.1,9,35,2023,2023-09-03,Kharif,Medium,0
Groundnut,Coimbatore,68.8,631.1,9,35,2023,2023-09-03,Kharif,Medium,0
Carrot,Dindigul,49.52,520.6,9,36,2023,2023-09-04,Kharif,Medium,0
Banana,Thanjavur,43.75,396.0,9,36,2023,2023-09-04,Kharif,Medium,0
Coconut,Tirunelveli,28.17,952.7,9,36,2023,2023-09-04,Kharif,Medium,0
Cauliflower,Thanjavur,32.5,744.3,9,36,2023,2023-09-05,Kharif,Medium,0
Coconut,Salem,29.24,723.0,9,36,2023,2023-09-05,Kharif,Medium,0
Chilli,Vellore,102.6,579.0,9,36,2023,2023-09-05,Kharif,Medium,0
Rice,Vellore,42.54,375.6,9,36,2023,2023-09-05,Kharif,Low,1
Cauliflower,Vellore,32.79,781.0,9,36,2023,2023-09-06,Kharif,Medium,0
Cabbage,Thanjavur,20.38,259.4,9,36,2023,2023-09-06,Kharif,Medium,0
Cabbage,Thanjavur,18.47,470.2,9,36,2023,2023-09-06,Kharif,Medium,0
Chilli,Thanjavur,128.47,535.5,9,36,2023,2023-09-07,Kharif,Medium,0
Cabbage,Coimbatore,21.43,602.2,9,36,2023,2023-09-07,Kharif,Medium,0
Lady Finger,Trichy,45.12,305.6,9,36,2023,2023-09-07,Kharif,Medium,0
Rice,Salem,47.31,375.4,9,36,2023,2023-09-08,Kharif,Low,1
Chilli,Coimbatore,105.31,615.6,9,36,2023,2023-09-08,Kharif,Medium,0
Carrot,Madurai,53.41,330.8,9,36,2023,2023-09-08,Kharif,Medium,0
Onion,Erode,35.47,438.4,9,36,2023,2023-09-08,Kharif,Medium,0
Tomato,Salem,30.83,552.5,9,36,2023,2023-09-08,Kharif,High,0
Sugarcane,Chennai,3.65,327.3,9,36,2023,2023-09-09,Kharif,Medium,0
Rice,Madurai,37.54,671.8,9,36,2023,2023-09-09,Kharif,Medium,1
Onion,Tirunelveli,31.06,236.3,9,36,2023,2023-09-09,Kharif,Medium,0
Groundnut,Salem,69.08,788.6,9,36,2023,2023-09-10,Kharif,Medium,0
Groundnut,Erode,71.19,353.7,9,36,2023,2023-09-10,Kharif,Medium,0
Tomato,Thanjavur,32.17,380.1,9,36,2023,2023-09-10,Kharif,High,0
Potato,Thanjavur,24.21,334.0,9,36,2023,2023-09-10,Kharif,Medium,0
Cotton,Coimbatore,59.62,584.4,9,36,2023,2023-09-10,Kharif,Medium,0
Banana,Erode,38.99,369.9,9,37,2023,2023-09-11,Kharif,Medium,0
Lady Finger,Madurai,39.37,523.0,9,37,2023,2023-09-11,Kharif,Medium,0
Onion,Vellore,33.0,630.0,9,37,2023,2023-09-11,Kharif,Medium,0
Chilli,Erode,121.54,358.9,9,37,2023,2023-09-12,Kharif,Medium,0
Groundnut,Erode,79.11,584.6,9,37,2023,2023-09-12,Kharif,Medium,0
Rice,Thanjavur,38.5,559.4,9,37,2023,2023-09-12,Kharif,Medium,1
Chilli,Tirunelveli,111.25,373.3,9,37,2023,2023-09-12,Kharif,Medium,0
Chilli,Trichy,109.34,391.0,9,37,2023,2023-09-12,Kharif,Medium,0
Tomato,Vellore,35.59,386.0,9,37,2023,2023-09-13,Kharif,Medium,0
Chilli,Madurai,110.06,593.6,9,37,2023,2023-09-13,Kharif,Medium,0
Rice,Vellore,40.29,438.2,9,37,2023,2023-09-13,Kharif,Low,1
Tomato,Dindigul,33.8,414.7,9,37,2023,2023-09-13,Kharif,High,0
Banana,Vellore,45.0,936.7,9,37,2023,2023-09-14,Kharif,Medium,0
Coconut,Madurai,30.31,568.4,9,37,2023,2023-09-14,Kharif,Medium,0
Cauliflower,Dindigul,32.6,851.9,9,37,2023,2023-09-15,Kharif,Medium,0
Potato,Dindigul,29.21,525.3,9,37,2023,2023-09-15,Kharif,Medium,0
Lady Finger,Chennai,45.23,597.1,9,37,2023,2023-09-15,Kharif,Medium,0
Sugarcane,Coimbatore,3.72,481.8,9,37,2023,2023-09-15,Kharif,Medium,0
Brinjal,Erode,31.87,513.0,9,37,2023,2023-09-15,Kharif,Medium,1
Banana,Salem,43.95,795.5,9,37,2023,2023-09-15,Kharif,Medium,0
Brinjal,Tirunelveli,34.73,366.7,9,37,2023,2023-09-16,Kharif,Low,1
Coconut,Chennai,29.83,589.4,9,37,2023,2023-09-16,Kharif,Medium,0
Coconut,Madurai,24.98,256.1,9,37,2023,2023-09-16,Kharif,High,0
Sugarcane,Thanjavur,3.9,581.6,9,37,2023,2023-09-16,Kharif,Medium,0
Rice,Thanjavur,44.33,328.5,9,37,2023,2023-09-17,Kharif,Low,1
Cotton,Coimbatore,52.68,620.9,9,37,2023,2023-09-17,Kharif,Medium,0
Cauliflower,Salem,35.67,620.2,9,37,2023,2023-09-17,Kharif,Medium,0
Rice,Trichy,37.63,590.2,9,37,2023,2023-09-17,Kharif,Medium,1
Onion,Coimbatore,30.4,386.9,9,37,2023,2023-09-17,Kharif,Medium,0
Coconut,Chennai,28.56,694.0,9,37,2023,2023-09-17,Kharif,Medium,0
Coconut,Coimbatore,29.89,793.0,9,38,2023,2023-09-18,Kharif,Medium,0
Lady Finger,Salem,42.93,504.4,9,38,2023,2023-09-18,Kharif,Medium,0
Carrot,Madurai,52.19,10.0,9,38,2023,2023-09-18,Kharif,Medium,0
Tomato,Erode,37.27,539.5,9,38,2023,2023-09-19,Kharif,Medium,0
Lady Finger,Dindigul,40.31,438.9,9,38,2023,2023-09-19,Kharif,Medium,0
Groundnut,Erode,75.95,198.9,9,38,2023,2023-09-19,Kharif,Medium,0
Sugarcane,Salem,3.58,516.0,9,38,2023,2023-09-20,Kharif,Medium,0
Brinjal,Trichy,37.51,431.6,9,38,2023,2023-09-20,Kharif,Low,1
Groundnut,Thanjavur,64.78,554.6,9,38,2023,2023-09-20,Kharif,Medium,0
Carrot,Madurai,48.8,281.1,9,38,2023,2023-09-20,Kharif,Medium,0
Tomato,Madurai,37.84,824.1,9,38,2023,2023-09-22,Kharif,Medium,0
Cabbage,Madurai,18.04,774.3,9,38,2023,2023-09-22,Kharif,Medium,0
Tomato,Tirunelveli,31.45,607.5,9,38,2023,2023-09-22,Kharif,High,0
Potato,Chennai,25.29,746.8,9,38,2023,2023-09-22,Kharif,Medium,0
Cotton,Coimbatore,56.91,620.5,9,38,2023,2023-09-23,Kharif,Medium,0
Brinjal,Vellore,34.36,184.5,9,38,2023,2023-09-24,Kharif,Medium,1
Onion,Chennai,29.18,429.4,9,38,2023,2023-09-24,Kharif,High,0
Coconut,Vellore,27.91,720.7,9,38,2023,2023-09-24,Kharif,Medium,0
Cabbage,Coimbatore,17.74,780.1,9,38,2023,2023-09-24,Kharif,Medium,0
Potato,Chennai,24.61,421.1,9,38,2023,2023-09-24,Kharif,Medium,0
Potato,Erode,26.0,792.6,9,39,2023,2023-09-25,Kharif,Medium,0
Onion,Chennai,28.52,124.1,9,39,2023,2023-09-25,Kharif,High,0
Lady Finger,Tirunelveli,39.72,263.9,9,39,2023,2023-09-26,Kharif,Medium,0
Onion,Tirunelveli,26.07,492.4,9,39,2023,2023-09-26,Kharif,High,0
Carrot,Coimbatore,49.7,480.9,9,39,2023,2023-09-27,Kharif,Medium,0
Lady Finger,Thanjavur,43.36,853.9,9,39,2023,2023-09-27,Kharif,Medium,0
Cabbage,Salem,18.77,879.8,9,39,2023,2023-09-27,Kharif,Medium,0
Carrot,Dindigul,51.45,871.6,9,39,2023,2023-09-28,Kharif,Medium,0
Lady Finger,Coimbatore,40.5,527.4,9,39,2023,2023-09-28,Kharif,Medium,0
Banana,Chennai,39.02,329.4,9,39,2023,2023-09-28,Kharif,Medium,0
Carrot,Coimbatore,57.48,476.3,9,39,2023,2023-09-28,Kharif,Medium,0
Sugarcane,Thanjavur,4.12,797.9,9,39,2023,2023-09-28,Kharif,Medium,0
Potato,Vellore,26.57,719.0,9,39,2023,2023-09-29,Kharif,Medium,0
Cabbage,Trichy,19.5,538.6,9,39,2023,2023-09-29,Kharif,Medium,0
Sugarcane,Madurai,4.06,514.0,9,39,2023,2023-09-29,Kharif,Medium,0
Cotton,Vellore,53.74,430.0,9,39,2023,2023-09-30,Kharif,Medium,0
Sugarcane,Erode,3.45,424.5,9,39,2023,2023-09-30,Kharif,Medium,0
Brinjal,Vellore,30.78,605.8,10,39,2023,2023-10-01,Kharif,Medium,0
Lady Finger,Vellore,45.52,238.5,10,39,2023,2023-10-01,Kharif,Medium,0
Banana,Dindigul,40.9,501.2,10,40,2023,2023-10-02,Kharif,Medium,0
Sugarcane,Vellore,4.95,325.2,10,40,2023,2023-10-02,Kharif,Low,1
Sugarcane,Tirunelveli,4.41,563.7,10,40,2023,2023-10-03,Kharif,Medium,1
Chilli,Tirunelveli,108.91,562.7,10,40,2023,2023-10-03,Kharif,Medium,0
Coconut,Thanjavur,25.86,247.5,10,40,2023,2023-10-04,Kharif,Medium,0
Cotton,Coimbatore,87.67,416.6,10,40,2023,2023-10-04,Kharif,Low,1
Chilli,Madurai,106.34,499.8,10,40,2023,2023-10-04,Kharif,Medium,0
Chilli,Madurai,118.48,474.4,10,40,2023,2023-10-04,Kharif,Medium,0
Brinjal,Erode,27.77,363.3,10,40,2023,2023-10-04,Kharif,Medium,0
Cauliflower,Trichy,34.81,608.5,10,40,2023,2023-10-05,Kharif,Medium,0
Groundnut,Vellore,88.26,489.7,10,40,2023,2023-10-05,Kharif,Low,1
Cabbage,Coimbatore,18.68,565.0,10,40,2023,2023-10-05,Kharif,Medium,0
Cabbage,Thanjavur,20.24,442.3,10,40,2023,2023-10-05,Kharif,Medium,0
Lady Finger,Dindigul,41.65,503.0,10,40,2023,2023-10-05,Kharif,Medium,0
Groundnut,Tirunelveli,87.31,149.0,10,40,2023,2023-10-05,Kharif,Low,1
Tomato,Erode,51.36,725.0,10,40,2023,2023-10-05,Kharif,Low,1
Onion,Erode,31.23,271.9,10,40,2023,2023-10-05,Kharif,Medium,0
Rice,Erode,47.06,373.9,10,40,2023,2023-10-06,Kharif,Low,1
Brinjal,Erode,27.97,297.6,10,40,2023,2023-10-06,Kharif,Medium,0
Rice,Dindigul,42.62,182.5,10,40,2023,2023-10-07,Kharif,Low,1
Potato,Madurai,24.93,599.6,10,40,2023,2023-10-07,Kharif,Medium,0
Lady Finger,Salem,47.71,615.1,10,40,2023,2023-10-07,Kharif,Medium,0
Rice,Madurai,36.4,815.4,10,40,2023,2023-10-08,Kharif,Medium,1
Banana,Trichy,44.59,463.3,10,40,2023,2023-10-08,Kharif,Medium,0
Coconut,Vellore,26.09,487.8,10,40,2023,2023-10-08,Kharif,Medium,0
Lady Finger,Coimbatore,42.47,524.1,10,41,2023,2023-10-09,Kharif,Medium,0
Sugarcane,Salem,4.88,243.3,10,41,2023,2023-10-09,Kharif,Low,1
Rice,Chennai,40.15,420.0,10,41,2023,2023-10-09,Kharif,Medium,1
Sugarcane,Salem,4.7,551.6,10,41,2023,2023-10-09,Kharif,Low,1
Groundnut,Tirunelveli,86.72,369.0,10,41,2023,2023-10-10,Kharif,Low,1
Lady Finger,Erode,39.75,460.8,10,41,2023,2023-10-10,Kharif,Medium,0
Carrot,Vellore,49.34,127.5,10,41,2023,2023-10-10,Kharif,Medium,0
Sugarcane,Coimbatore,4.41,698.1,10,41,2023,2023-10-11,Kharif,Medium,1
Brinjal,Salem,29.31,693.1,10,41,2023,2023-10-11,Kharif,Medium,0
Potato,Coimbatore,25.45,808.9,10,41,2023,2023-10-12,Kharif,Medium,0
Sugarcane,Erode,4.21,512.4,10,41,2023,2023-10-12,Kharif,Medium,1
Chilli,Erode,107.72,576.3,10,41,2023,2023-10-12,Kharif,Medium,0
Onion,Madurai,29.08,457.8,10,41,2023,2023-10-12,Kharif,High,0
Cauliflower,Salem,32.03,699.3,10,41,2023,2023-10-13,Kharif,Medium,0
Cabbage,Dindigul,17.5,546.6,10,41,2023,2023-10-13,Kharif,Medium,0
Groundnut,Tirunelveli,95.5,505.9,10,41,2023,2023-10-13,Kharif,Low,1
Carrot,Thanjavur,50.01,642.5,10,41,2023,2023-10-14,Kharif,Medium,0
Rice,Dindigul,44.53,322.5,10,41,2023,2023-10-14,Kharif,Low,1
Cabbage,Vellore,21.39,477.2,10,41,2023,2023-10-14,Kharif,Medium,0
Sugarcane,Vellore,5.02,582.5,10,41,2023,2023-10-14,Kharif,Low,1
Chilli,Dindigul,109.71,666.3,10,41,2023,2023-10-15,Kharif,Medium,0
Carrot,Trichy,54.02,465.8,10,41,2023,2023-10-15,Kharif,Medium,0
Banana,Chennai,42.34,369.9,10,41,2023,2023-10-15,Kharif,Medium,0
Rice,Chennai,40.57,397.1,10,41,2023,2023-10-15,Kharif,Low,1
Potato,Vellore,24.32,390.7,10,42,2023,2023-10-16,Kharif,Medium,0
Potato,Chennai,28.26,811.8,10,42,2023,2023-10-16,Kharif,Medium,0
Banana,Thanjavur,47.63,653.4,10,42,2023,2023-10-16,Kharif,Medium,0
Cauliflower,Trichy,33.19,544.1,10,42,2023,2023-10-16,Kharif,Medium,0
Lady Finger,Coimbatore,42.22,249.7,10,42,2023,2023-10-16,Kharif,Medium,0
Potato,Tirunelveli,28.85,373.7,10,42,2023,2023-10-16,Kharif,Medium,0
Cabbage,Dindigul,19.29,556.3,10,42,2023,2023-10-16,Kharif,Medium,0
Coconut,Tirunelveli,29.23,652.3,10,42,2023,2023-10-17,Kharif,Medium,0
Onion,Erode,34.76,571.1,10,42,2023,2023-10-18,Kharif,Medium,0
Groundnut,Salem,90.7,515.2,10,42,2023,2023-10-18,Kharif,Low,1
Groundnut,Coimbatore,87.04,248.4,10,42,2023,2023-10-18,Kharif,Low,1
Potato,Salem,27.12,289.7,10,42,2023,2023-10-18,Kharif,Medium,0
Cauliflower,Salem,30.86,505.7,10,42,2023,2023-10-19,Kharif,Medium,0
Cotton,Erode,73.02,387.5,10,42,2023,2023-10-19,Kharif,Low,1
Cauliflower,Salem,31.12,354.0,10,42,2023,2023-10-20,Kharif,Medium,0
Brinjal,Dindigul,28.14,772.8,10,42,2023,2023-10-21,Kharif,Medium,0
Cauliflower,Coimbatore,28.97,470.8,10,42,2023,2023-10-22,Kharif,High,0
Carrot,Tirunelveli,49.01,413.0,10,43,2023,2023-10-23,Kharif,Medium,0
Carrot,Trichy,46.83,591.8,10,43,2023,2023-10-23,Kharif,Medium,0
Cabbage,Vellore,17.05,494.6,10,43,2023,2023-10-23,Kharif,Medium,0
Cauliflower,Tirunelveli,34.17,78.1,10,43,2023,2023-10-23,Kharif,Medium,0
Cotton,Trichy,74.62,350.5,10,43,2023,2023-10-24,Kharif,Low,1
Coconut,Chennai,29.87,278.4,10,43,2023,2023-10-24,Kharif,Medium,0
Potato,Coimbatore,27.57,511.6,10,43,2023,2023-10-24,Kharif,Medium,0
Brinjal,Trichy,29.81,187.7,10,43,2023,2023-10-24,Kharif,Medium,0
Coconut,Dindigul,30.57,533.1,10,43,2023,2023-10-24,Kharif,Medium,0
Potato,Coimbatore,24.94,669.7,10,43,2023,2023-10-24,Kharif,Medium,0
Groundnut,Trichy,87.42,270.3,10,43,2023,2023-10-24,Kharif,Low,1
Onion,Madurai,29.07,792.0,10,43,2023,2023-10-25,Kharif,High,0
Cotton,Tirunelveli,67.04,324.0,10,43,2023,2023-10-25,Kharif,Medium,1
Potato,Erode,23.41,485.6,10,43,2023,2023-10-25,Kharif,High,0
Chilli,Trichy,97.73,667.5,10,43,2023,2023-10-25,Kharif,High,0
Cotton,Tirunelveli,69.18,309.4,10,43,2023,2023-10-25,Kharif,Low,1
Sugarcane,Madurai,5.24,509.7,10,43,2023,2023-10-25,Kharif,Low,1
Onion,Trichy,30.86,705.9,10,43,2023,2023-10-26,Kharif,Medium,0
Potato,Tirunelveli,27.62,567.2,10,43,2023,2023-10-26,Kharif,Medium,0
Coconut,Tirunelveli,27.14,537.2,10,43,2023,2023-10-27,Kharif,Medium,0
Brinjal,Madurai,29.63,517.0,10,43,2023,2023-10-28,Kharif,Medium,0
Potato,Vellore,24.24,602.9,10,43,2023,2023-10-28,Kharif,Medium,0
Tomato,Erode,48.24,370.9,10,43,2023,2023-10-28,Kharif,Low,1
Carrot,Coimbatore,49.61,769.6,10,43,2023,2023-10-29,Kharif,Medium,0
Tomato,Vellore,50.41,441.7,10,43,2023,2023-10-29,Kharif,Low,1
Groundnut,Thanjavur,93.49,416.7,10,44,2023,2023-10-30,Kharif,Low,1
Carrot,Dindigul,46.59,322.4,10,44,2023,2023-10-30,Kharif,High,0
Lady Finger,Trichy,41.99,668.6,10,44,2023,2023-10-30,Kharif,Medium,0
Cotton,Coimbatore,72.52,405.7,10,44,2023,2023-10-30,Kharif,Low,1
Cotton,Salem,74.66,356.5,10,44,2023,2023-10-30,Kharif,Low,1
Tomato,Thanjavur,42.21,730.9,10,44,2023,2023-10-30,Kharif,Medium,1
Chilli,Coimbatore,113.36,552.7,10,44,2023,2023-10-31,Kharif,Medium,0
Cauliflower,Madurai,45.82,556.7,11,44,2023,2023-11-01,Rabi,Low,1
Onion,Trichy,29.15,741.5,11,44,2023,2023-11-01,Rabi,High,0
Sugarcane,Thanjavur,4.67,596.6,11,44,2023,2023-11-01,Rabi,Low,1
Potato,Madurai,35.56,775.9,11,44,2023,2023-11-03,Rabi,Low,1
Banana,Madurai,43.23,518.2,11,44,2023,2023-11-03,Rabi,Medium,0
Rice,Tirunelveli,31.72,675.2,11,44,2023,2023-11-04,Rabi,Medium,0
Carrot,Erode,73.1,428.0,11,44,2023,2023-11-04,Rabi,Low,1
Brinjal,Erode,27.55,340.9,11,44,2023,2023-11-04,Rabi,Medium,0
Brinjal,Coimbatore,28.87,479.0,11,44,2023,2023-11-05,Rabi,Medium,0
Banana,Tirunelveli,41.46,522.1,11,44,2023,2023-11-05,Rabi,Medium,0
Coconut,Madurai,31.28,592.7,11,44,2023,2023-11-05,Rabi,Medium,0
Cotton,Vellore,76.84,408.5,11,45,2023,2023-11-06,Rabi,Low,1
Cabbage,Trichy,20.98,378.3,11,45,2023,2023-11-06,Rabi,Medium,0
Coconut,Chennai,26.44,536.4,11,45,2023,2023-11-06,Rabi,Medium,0
Onion,Madurai,29.77,679.0,11,45,2023,2023-11-07,Rabi,Medium,0
Brinjal,Trichy,28.69,788.3,11,45,2023,2023-11-07,Rabi,Medium,0
Rice,Thanjavur,33.61,466.6,11,45,2023,2023-11-07,Rabi,Medium,0
Potato,Salem,32.98,343.1,11,45,2023,2023-11-07,Rabi,Low,1
Onion,Chennai,27.31,503.1,11,45,2023,2023-11-08,Rabi,High,0
Rice,Tirunelveli,30.8,607.5,11,45,2023,2023-11-08,Rabi,Medium,0
Onion,Tirunelveli,29.36,539.5,11,45,2023,2023-11-08,Rabi,High,0
Cotton,Chennai,72.59,429.8,11,45,2023,2023-11-08,Rabi,Low,1
Cauliflower,Erode,44.5,350.8,11,45,2023,2023-11-09,Rabi,Low,1
Cotton,Coimbatore,77.06,546.8,11,45,2023,2023-11-09,Rabi,Low,1
Potato,Coimbatore,29.7,457.6,11,45,2023,2023-11-10,Rabi,Medium,1
Tomato,Coimbatore,57.21,300.9,11,45,2023,2023-11-10,Rabi,Low,1
Coconut,Thanjavur,29.13,396.8,11,45,2023,2023-11-10,Rabi,Medium,0
Banana,Vellore,41.7,809.6,11,45,2023,2023-11-10,Rabi,Medium,0
Groundnut,Tirunelveli,84.7,407.8,11,45,2023,2023-11-10,Rabi,Medium,1
Lady Finger,Madurai,42.88,287.8,11,45,2023,2023-11-10,Rabi,Medium,0
Cabbage,Erode,17.86,624.7,11,45,2023,2023-11-11,Rabi,Medium,0
Coconut,Thanjavur,27.92,762.6,11,45,2023,2023-11-11,Rabi,Medium,0
Carrot,Tirunelveli,72.26,332.1,11,45,2023,2023-11-11,Rabi,Low,1
Cauliflower,Madurai,48.62,538.6,11,45,2023,2023-11-12,Rabi,Low,1
Chilli,Trichy,122.43,415.0,11,45,2023,2023-11-12,Rabi,Medium,0
Brinjal,Tirunelveli,28.48,597.4,11,46,2023,2023-11-13,Rabi,Medium,0
Tomato,Madurai,51.18,393.7,11,46,2023,2023-11-14,Rabi,Low,1
Onion,Dindigul,30.31,684.6,11,46,2023,2023-11-15,Rabi,Medium,0
Groundnut,Thanjavur,91.45,368.8,11,46,2023,2023-11-15,Rabi,Low,1
Groundnut,Chennai,101.23,361.6,11,46,2023,2023-11-15,Rabi,Low,1
Tomato,Chennai,43.16,182.8,11,46,2023,2023-11-15,Rabi,Medium,1
Brinjal,Tirunelveli,28.7,459.3,11,46,2023,2023-11-16,Rabi,Medium,0
Brinjal,Vellore,27.9,282.2,11,46,2023,2023-11-16,Rabi,Medium,0
Onion,Chennai,28.77,792.8,11,46,2023,2023-11-16,Rabi,High,0
Coconut,Vellore,28.94,99.2,11,46,2023,2023-11-17,Rabi,Medium,0
Cauliflower,Trichy,41.99,425.7,11,46,2023,2023-11-18,Rabi,Low,1
Brinjal,Coimbatore,30.12,492.3,11,46,2023,2023-11-18,Rabi,Medium,0
Chilli,Chennai,106.1,576.4,11,46,2023,2023-11-18,Rabi,Medium,0
Carrot,Coimbatore,72.84,292.5,11,46,2023,2023-11-18,Rabi,Low,1
Cotton,Madurai,67.02,462.6,11,46,2023,2023-11-18,Rabi,Medium,1
Coconut,Dindigul,26.14,517.0,11,46,2023,2023-11-18,Rabi,Medium,0
Rice,Trichy,36.06,110.3,11,46,2023,2023-11-19,Rabi,Medium,0
Onion,Trichy,28.68,514.7,11,46,2023,2023-11-19,Rabi,High,0
Onion,Dindigul,32.39,353.3,11,46,2023,2023-11-19,Rabi,Medium,0
Carrot,Tirunelveli,76.16,347.2,11,47,2023,2023-11-20,Rabi,Low,1
Potato,Madurai,32.76,698.1,11,47,2023,2023-11-20,Rabi,Low,1
Cauliflower,Dindigul,42.14,535.4,11,47,2023,2023-11-20,Rabi,Low,1
Onion,Salem,26.61,309.3,11,47,2023,2023-11-20,Rabi,High,0
Onion,Dindigul,29.67,571.1,11,47,2023,2023-11-21,Rabi,High,0
Tomato,Chennai,51.28,341.4,11,47,2023,2023-11-22,Rabi,Low,1
Cabbage,Trichy,17.51,1108.9,11,47,2023,2023-11-23,Rabi,Medium,0
Groundnut,Thanjavur,103.15,444.3,11,47,2023,2023-11-23,Rabi,Low,1
Cotton,Coimbatore,72.47,373.8,11,47,2023,2023-11-23,Rabi,Low,1
Lady Finger,Tirunelveli,39.77,436.8,11,47,2023,2023-11-23,Rabi,Medium,0
Chilli,Coimbatore,103.58,258.5,11,47,2023,2023-11-24,Rabi,Medium,0
Cauliflower,Coimbatore,43.81,558.4,11,47,2023,2023-11-24,Rabi,Low,1
Onion,Coimbatore,29.28,516.8,11,47,2023,2023-11-24,Rabi,High,0
Tomato,Chennai,50.71,629.4,11,47,2023,2023-11-24,Rabi,Low,1
Brinjal,Salem,29.16,542.8,11,47,2023,2023-11-24,Rabi,Medium,0
Chilli,Salem,116.58,608.5,11,47,2023,2023-11-25,Rabi,Medium,0
Coconut,Dindigul,28.43,480.5,11,47,2023,2023-11-25,Rabi,Medium,0
Brinjal,Trichy,24.83,673.1,11,47,2023,2023-11-25,Rabi,High,0
Sugarcane,Erode,5.02,523.7,11,47,2023,2023-11-25,Rabi,Low,1
Coconut,Coimbatore,28.12,617.3,11,47,2023,2023-11-25,Rabi,Medium,0
Banana,Dindigul,44.66,614.1,11,47,2023,2023-11-25,Rabi,Medium,0
Cauliflower,Tirunelveli,46.8,272.0,11,47,2023,2023-11-26,Rabi,Low,1
Rice,Tirunelveli,36.05,561.3,11,47,2023,2023-11-26,Rabi,Medium,0
Cabbage,Chennai,16.79,553.6,11,47,2023,2023-11-26,Rabi,High,0
Coconut,Dindigul,30.19,375.3,11,47,2023,2023-11-26,Rabi,Medium,0
Brinjal,Madurai,29.14,481.4,11,47,2023,2023-11-26,Rabi,Medium,0
Cabbage,Trichy,17.97,289.3,11,48,2023,2023-11-27,Rabi,Medium,0
Cotton,Trichy,70.35,430.2,11,48,2023,2023-11-27,Rabi,Low,1
Cotton,Vellore,68.03,577.4,11,48,2023,2023-11-27,Rabi,Medium,1
Sugarcane,Tirunelveli,4.8,288.8,11,48,2023,2023-11-28,Rabi,Low,1
Banana,Tirunelveli,44.83,362.3,11,48,2023,2023-11-28,Rabi,Medium,0
Rice,Madurai,34.43,457.2,11,48,2023,2023-11-29,Rabi,Medium,0
Cabbage,Coimbatore,19.39,401.9,11,48,2023,2023-11-29,Rabi,Medium,0
Sugarcane,Erode,5.04,171.5,11,48,2023,2023-11-29,Rabi,Low,1
Chilli,Trichy,108.27,609.0,11,48,2023,2023-11-29,Rabi,Medium,0
Brinjal,Coimbatore,27.3,490.4,11,48,2023,2023-11-29,Rabi,Medium,0
Lady Finger,Coimbatore,40.73,444.1,11,48,2023,2023-11-29,Rabi,Medium,0
Coconut,Erode,28.46,411.8,11,48,2023,2023-11-30,Rabi,Medium,0
Rice,Chennai,30.25,1043.3,11,48,2023,2023-11-30,Rabi,Medium,0
Rice,Vellore,32.09,557.7,12,48,2023,2023-12-01,Rabi,Medium,0
Rice,Chennai,28.47,500.3,12,48,2023,2023-12-01,Rabi,High,0
Coconut,Thanjavur,26.72,591.4,12,48,2023,2023-12-01,Rabi,Medium,0
Cabbage,Erode,23.42,288.7,12,48,2023,2023-12-01,Rabi,Low,1
Coconut,Vellore,28.94,608.8,12,48,2023,2023-12-01,Rabi,Medium,0
Brinjal,Salem,27.06,337.9,12,48,2023,2023-12-02,Rabi,Medium,0
Cauliflower,Tirunelveli,44.0,440.1,12,48,2023,2023-12-02,Rabi,Low,1
Cauliflower,Thanjavur,48.45,561.8,12,48,2023,2023-12-03,Rabi,Low,1
Rice,Vellore,31.28,718.9,12,48,2023,2023-12-03,Rabi,Medium,0
Cauliflower,Madurai,45.3,273.3,12,48,2023,2023-12-03,Rabi,Low,1
Onion,Chennai,41.03,479.9,12,49,2023,2023-12-04,Rabi,Low,1
Chilli,Salem,112.78,615.6,12,49,2023,2023-12-04,Rabi,Medium,0
Groundnut,Madurai,68.3,576.9,12,49,2023,2023-12-05,Rabi,Medium,0
Carrot,Erode,76.79,212.0,12,49,2023,2023-12-05,Rabi,Low,1
Sugarcane,Vellore,5.42,454.5,12,49,2023,2023-12-06,Rabi,Low,1
Cabbage,Thanjavur,25.52,325.6,12,49,2023,2023-12-06,Rabi,Low,1
Lady Finger,Madurai,43.26,499.4,12,49,2023,2023-12-06,Rabi,Medium,0
Banana,Salem,38.5,553.2,12,49,2023,2023-12-06,Rabi,Medium,0
Lady Finger,Trichy,38.58,644.2,12,49,2023,2023-12-06,Rabi,Medium,0
Potato,Madurai,31.77,378.9,12,49,2023,2023-12-06,Rabi,Medium,1
Lady Finger,Erode,44.82,473.6,12,49,2023,2023-12-06,Rabi,Medium,0
Brinjal,Chennai,25.84,669.7,12,49,2023,2023-12-07,Rabi,Medium,0
Onion,Dindigul,46.32,459.1,12,49,2023,2023-12-07,Rabi,Low,1
Brinjal,Thanjavur,26.48,409.2,12,49,2023,2023-12-07,Rabi,Medium,0
Lady Finger,Vellore,45.86,352.7,12,49,2023,2023-12-07,Rabi,Medium,0
Lady Finger,Madurai,41.31,345.4,12,49,2023,2023-12-08,Rabi,Medium,0
Cotton,Coimbatore,52.86,433.3,12,49,2023,2023-12-08,Rabi,Medium,0
Onion,Tirunelveli,45.11,408.3,12,49,2023,2023-12-08,Rabi,Low,1
Banana,Vellore,41.13,68.9,12,49,2023,2023-12-10,Rabi,Medium,0
Cabbage,Chennai,26.8,490.9,12,49,2023,2023-12-10,Rabi,Low,1
Rice,Erode,32.13,414.3,12,49,2023,2023-12-10,Rabi,Medium,0
Sugarcane,Coimbatore,4.74,510.7,12,50,2023,2023-12-11,Rabi,Low,1
Onion,Chennai,45.09,517.8,12,50,2023,2023-12-11,Rabi,Low,1
Onion,Vellore,47.69,464.6,12,50,2023,2023-12-12,Rabi,Low,1
Coconut,Erode,27.0,189.0,12,50,2023,2023-12-12,Rabi,Medium,0
Cotton,Chennai,58.11,460.4,12,50,2023,2023-12-13,Rabi,Medium,0
Groundnut,Salem,68.98,439.9,12,50,2023,2023-12-13,Rabi,Medium,0
Potato,Thanjavur,32.12,650.4,12,50,2023,2023-12-14,Rabi,Medium,1
Cauliflower,Dindigul,45.18,470.3,12,50,2023,2023-12-14,Rabi,Low,1
Onion,Trichy,46.08,651.3,12,50,2023,2023-12-14,Rabi,Low,1
Carrot,Coimbatore,63.45,742.4,12,50,2023,2023-12-14,Rabi,Low,1
Groundnut,Erode,72.66,574.0,12,50,2023,2023-12-15,Rabi,Medium,0
Onion,Madurai,46.38,407.9,12,50,2023,2023-12-15,Rabi,Low,1
Cabbage,Trichy,24.05,610.8,12,50,2023,2023-12-15,Rabi,Low,1
Cotton,Coimbatore,63.45,612.5,12,50,2023,2023-12-15,Rabi,Medium,0
Cauliflower,Tirunelveli,44.9,423.3,12,50,2023,2023-12-16,Rabi,Low,1
Cabbage,Vellore,25.68,284.1,12,50,2023,2023-12-16,Rabi,Low,1
Groundnut,Coimbatore,76.09,417.4,12,50,2023,2023-12-17,Rabi,Medium,0
Coconut,Madurai,28.59,411.1,12,51,2023,2023-12-18,Rabi,Medium,0
Cabbage,Coimbatore,23.71,552.0,12,51,2023,2023-12-19,Rabi,Low,1
Banana,Madurai,46.82,300.2,12,51,2023,2023-12-19,Rabi,Medium,0
Rice,Coimbatore,29.74,589.1,12,51,2023,2023-12-19,Rabi,High,0
Brinjal,Erode,24.72,525.9,12,51,2023,2023-12-20,Rabi,High,0
Banana,Vellore,43.46,456.7,12,51,2023,2023-12-21,Rabi,Medium,0
Chilli,Tirunelveli,107.5,538.6,12,51,2023,2023-12-21,Rabi,Medium,0
Rice,Vellore,31.65,330.4,12,51,2023,2023-12-21,Rabi,Medium,0
Sugarcane,Erode,4.45,419.0,12,51,2023,2023-12-21,Rabi,Medium,1
Sugarcane,Tirunelveli,4.79,389.4,12,51,2023,2023-12-21,Rabi,Low,1
Onion,Erode,48.63,204.6,12,51,2023,2023-12-21,Rabi,Low,1
Cauliflower,Tirunelveli,44.58,345.4,12,51,2023,2023-12-21,Rabi,Low,1
Carrot,Chennai,70.45,436.9,12,51,2023,2023-12-22,Rabi,Low,1
Lady Finger,Dindigul,40.38,655.2,12,51,2023,2023-12-22,Rabi,Medium,0
Brinjal,Chennai,25.54,701.6,12,51,2023,2023-12-22,Rabi,Medium,0
Coconut,Madurai,28.49,521.1,12,51,2023,2023-12-22,Rabi,Medium,0
Brinjal,Thanjavur,26.93,345.3,12,51,2023,2023-12-22,Rabi,Medium,0
Carrot,Vellore,68.18,482.4,12,51,2023,2023-12-23,Rabi,Low,1
Tomato,Tirunelveli,52.03,314.5,12,51,2023,2023-12-23,Rabi,Low,1
Groundnut,Vellore,75.37,311.1,12,51,2023,2023-12-23,Rabi,Medium,0
Carrot,Erode,72.92,548.9,12,51,2023,2023-12-23,Rabi,Low,1
Rice,Dindigul,35.23,488.0,12,51,2023,2023-12-24,Rabi,Medium,0
Brinjal,Chennai,28.72,539.3,12,51,2023,2023-12-24,Rabi,Medium,0
Sugarcane,Coimbatore,5.15,374.4,12,51,2023,2023-12-24,Rabi,Low,1
Lady Finger,Tirunelveli,40.18,583.4,12,51,2023,2023-12-24,Rabi,Medium,0
Brinjal,Chennai,29.75,735.7,12,51,2023,2023-12-24,Rabi,Medium,0
Groundnut,Madurai,72.74,455.4,12,52,2023,2023-12-26,Rabi,Medium,0
Carrot,Vellore,67.01,211.2,12,52,2023,2023-12-26,Rabi,Low,1
Onion,Tirunelveli,42.64,382.6,12,52,2023,2023-12-26,Rabi,Low,1
Coconut,Tirunelveli,26.57,803.0,12,52,2023,2023-12-27,Rabi,Medium,0
Banana,Thanjavur,41.72,432.2,12,52,2023,2023-12-27,Rabi,Medium,0
Carrot,Tirunelveli,70.13,563.0,12,52,2023,2023-12-28,Rabi,Low,1
Chilli,Vellore,112.98,711.3,12,52,2023,2023-12-29,Rabi,Medium,0
Onion,Salem,47.69,247.3,12,52,2023,2023-12-29,Rabi,Low,1
Cotton,Trichy,57.9,749.9,12,52,2023,2023-12-29,Rabi,Medium,0
Brinjal,Salem,26.8,487.7,12,52,2023,2023-12-30,Rabi,Medium,0
Cabbage,Chennai,24.54,546.4,12,52,2023,2023-12-30,Rabi,Low,1
Cotton,Tirunelveli,51.07,420.3,12,52,2023,2023-12-30,Rabi,Medium,0
Onion,Salem,49.62,455.9,12,52,2023,2023-12-30,Rabi,Low,1
Banana,Tirunelveli,44.61,471.5,12,52,2023,2023-12-31,Rabi,Medium,0
Carrot,Chennai,70.38,387.6,12,52,2023,2023-12-31,Rabi,Low,1
Cauliflower,Dindigul,43.66,594.5,1,1,2024,2024-01-01,Rabi,Low,1
Banana,Chennai,45.37,575.4,1,1,2024,2024-01-01,Rabi,Medium,0
Rice,Coimbatore,35.3,525.3,1,1,2024,2024-01-01,Rabi,Medium,0
Banana,Chennai,43.01,632.2,1,1,2024,2024-01-02,Rabi,Medium,0
Rice,Trichy,32.23,513.8,1,1,2024,2024-01-02,Rabi,Medium,0
Brinjal,Vellore,29.37,709.5,1,1,2024,2024-01-02,Rabi,Medium,0
Onion,Trichy,46.21,459.6,1,1,2024,2024-01-02,Rabi,Low,1
Tomato,Madurai,35.73,605.5,1,1,2024,2024-01-03,Rabi,Medium,0
Chilli,Chennai,144.64,364.3,1,1,2024,2024-01-03,Rabi,Low,1
Tomato,Coimbatore,39.87,462.4,1,1,2024,2024-01-03,Rabi,Medium,0
Cotton,Madurai,58.14,325.3,1,1,2024,2024-01-03,Rabi,Medium,0
Sugarcane,Coimbatore,3.42,304.7,1,1,2024,2024-01-03,Rabi,Medium,0
Cabbage,Dindigul,22.65,293.7,1,1,2024,2024-01-04,Rabi,Medium,1
Sugarcane,Tirunelveli,3.91,783.4,1,1,2024,2024-01-04,Rabi,Medium,0
Brinjal,Erode,26.98,609.3,1,1,2024,2024-01-05,Rabi,Medium,0
Carrot,Thanjavur,63.89,395.9,1,1,2024,2024-01-06,Rabi,Low,1
Tomato,Thanjavur,36.63,267.5,1,1,2024,2024-01-06,Rabi,Medium,0
Carrot,Madurai,64.78,559.4,1,1,2024,2024-01-06,Rabi,Low,1
Banana,Coimbatore,39.39,390.7,1,1,2024,2024-01-06,Rabi,Medium,0
Cauliflower,Erode,43.14,363.0,1,1,2024,2024-01-06,Rabi,Low,1
Coconut,Chennai,30.26,339.2,1,1,2024,2024-01-07,Rabi,Medium,0
Sugarcane,Tirunelveli,3.44,513.2,1,1,2024,2024-01-07,Rabi,Medium,0
Brinjal,Dindigul,29.27,460.5,1,2,2024,2024-01-08,Rabi,Medium,0
Rice,Dindigul,34.23,451.8,1,2,2024,2024-01-08,Rabi,Medium,0
Onion,Coimbatore,48.52,416.1,1,2,2024,2024-01-08,Rabi,Low,1
Chilli,Vellore,139.65,450.4,1,2,2024,2024-01-09,Rabi,Low,1
Sugarcane,Tirunelveli,3.91,251.4,1,2,2024,2024-01-09,Rabi,Medium,0
Brinjal,Trichy,26.68,756.8,1,2,2024,2024-01-09,Rabi,Medium,0
Potato,Erode,36.89,504.4,1,2,2024,2024-01-10,Rabi,Low,1
Cabbage,Salem,25.82,583.6,1,2,2024,2024-01-10,Rabi,Low,1
Cotton,Chennai,58.82,582.6,1,2,2024,2024-01-10,Rabi,Medium,0
Tomato,Trichy,38.36,594.1,1,2,2024,2024-01-10,Rabi,Medium,0
Cauliflower,Vellore,46.28,485.2,1,2,2024,2024-01-10,Rabi,Low,1
Cauliflower,Chennai,41.1,515.3,1,2,2024,2024-01-10,Rabi,Low,1
Rice,Thanjavur,32.89,625.3,1,2,2024,2024-01-10,Rabi,Medium,0
Cotton,Coimbatore,53.28,616.8,1,2,2024,2024-01-10,Rabi,Medium,0
Sugarcane,Madurai,3.55,122.4,1,2,2024,2024-01-11,Rabi,Medium,0
Onion,Salem,48.44,705.1,1,2,2024,2024-01-11,Rabi,Low,1
Brinjal,Chennai,30.98,548.9,1,2,2024,2024-01-11,Rabi,Medium,0
Onion,Dindigul,38.55,487.9,1,2,2024,2024-01-11,Rabi,Medium,1
Cabbage,Dindigul,24.91,569.7,1,2,2024,2024-01-11,Rabi,Low,1
Sugarcane,Chennai,3.41,395.8,1,2,2024,2024-01-12,Rabi,Medium,0
Potato,Madurai,35.92,449.3,1,2,2024,2024-01-12,Rabi,Low,1
Onion,Tirunelveli,48.6,440.4,1,2,2024,2024-01-12,Rabi,Low,1
Cotton,Vellore,60.27,417.0,1,2,2024,2024-01-12,Rabi,Medium,0
Chilli,Chennai,146.48,282.3,1,2,2024,2024-01-13,Rabi,Low,1
Cabbage,Chennai,23.48,492.1,1,2,2024,2024-01-14,Rabi,Low,1
Cauliflower,Erode,42.14,330.7,1,2,2024,2024-01-14,Rabi,Low,1
Tomato,Coimbatore,38.49,651.0,1,2,2024,2024-01-14,Rabi,Medium,0
Chilli,Coimbatore,136.48,398.8,1,2,2024,2024-01-14,Rabi,Medium,1
Cauliflower,Madurai,45.73,435.6,1,2,2024,2024-01-14,Rabi,Low,1
Coconut,Tirunelveli,25.89,548.7,1,3,2024,2024-01-15,Rabi,Medium,0
Onion,Trichy,53.51,350.7,1,3,2024,2024-01-15,Rabi,Low,1
Cauliflower,Tirunelveli,45.46,570.0,1,3,2024,2024-01-15,Rabi,Low,1
Onion,Tirunelveli,42.89,398.8,1,3,2024,2024-01-16,Rabi,Low,1
Sugarcane,Salem,4.02,443.9,1,3,2024,2024-01-16,Rabi,Medium,0
Tomato,Erode,37.07,784.4,1,3,2024,2024-01-16,Rabi,Medium,0
Brinjal,Trichy,26.0,569.6,1,3,2024,2024-01-17,Rabi,Medium,0
Cotton,Vellore,52.57,450.1,1,3,2024,2024-01-18,Rabi,Medium,0
Cabbage,Thanjavur,23.67,321.1,1,3,2024,2024-01-18,Rabi,Low,1
Groundnut,Vellore,60.65,509.6,1,3,2024,2024-01-18,Rabi,High,0
Tomato,Madurai,33.75,392.9,1,3,2024,2024-01-19,Rabi,High,0
Tomato,Coimbatore,34.58,476.8,1,3,2024,2024-01-19,Rabi,Medium,0
Onion,Tirunelveli,44.58,238.4,1,3,2024,2024-01-19,Rabi,Low,1
Carrot,Vellore,69.05,408.3,1,3,2024,2024-01-20,Rabi,Low,1
Brinjal,Trichy,28.37,535.0,1,3,2024,2024-01-20,Rabi,Medium,0
Brinjal,Madurai,24.37,779.2,1,3,2024,2024-01-20,Rabi,High,0
Brinjal,Trichy,29.88,423.6,1,4,2024,2024-01-22,Rabi,Medium,0
Potato,Thanjavur,34.26,275.4,1,4,2024,2024-01-22,Rabi,Low,1
Potato,Erode,32.69,172.9,1,4,2024,2024-01-22,Rabi,Low,1
Potato,Coimbatore,35.98,344.3,1,4,2024,2024-01-22,Rabi,Low,1
Coconut,Erode,29.65,710.3,1,4,2024,2024-01-23,Rabi,Medium,0
Cabbage,Thanjavur,25.96,592.9,1,4,2024,2024-01-23,Rabi,Low,1
Coconut,Coimbatore,31.08,384.2,1,4,2024,2024-01-23,Rabi,Medium,0
Onion,Trichy,46.83,536.9,1,4,2024,2024-01-23,Rabi,Low,1
Cauliflower,Dindigul,42.78,575.6,1,4,2024,2024-01-24,Rabi,Low,1
Brinjal,Dindigul,26.54,359.5,1,4,2024,2024-01-24,Rabi,Medium,0
Rice,Erode,31.12,504.5,1,4,2024,2024-01-25,Rabi,Medium,0
Onion,Erode,48.95,283.4,1,4,2024,2024-01-25,Rabi,Low,1
Rice,Trichy,33.73,913.4,1,4,2024,2024-01-25,Rabi,Medium,0
Banana,Salem,43.55,400.5,1,4,2024,2024-01-25,Rabi,Medium,0
Cabbage,Chennai,25.18,448.4,1,4,2024,2024-01-25,Rabi,Low,1
Brinjal,Chennai,29.86,499.9,1,4,2024,2024-01-25,Rabi,Medium,0
Brinjal,Chennai,27.11,463.9,1,4,2024,2024-01-26,Rabi,Medium,0
Chilli,Dindigul,163.01,430.3,1,4,2024,2024-01-26,Rabi,Low,1
Brinjal,Trichy,29.54,689.4,1,4,2024,2024-01-26,Rabi,Medium,0
Lady Finger,Tirunelveli,41.04,445.1,1,4,2024,2024-01-26,Rabi,Medium,0
Coconut,Dindigul,29.19,690.6,1,4,2024,2024-01-26,Rabi,Medium,0
Cauliflower,Salem,50.3,332.4,1,4,2024,2024-01-27,Rabi,Low,1
Onion,Trichy,49.89,320.3,1,4,2024,2024-01-27,Rabi,Low,1
Chilli,Madurai,145.78,369.3,1,4,2024,2024-01-28,Rabi,Low,1
Coconut,Erode,28.76,737.8,1,4,2024,2024-01-28,Rabi,Medium,0
Brinjal,Trichy,28.08,381.9,1,4,2024,2024-01-28,Rabi,Medium,0
Cauliflower,Salem,43.42,306.5,1,4,2024,2024-01-28,Rabi,Low,1
Brinjal,Salem,29.48,645.8,1,4,2024,2024-01-28,Rabi,Medium,0
Sugarcane,Tirunelveli,4.02,665.5,1,4,2024,2024-01-28,Rabi,Medium,0
Brinjal,Madurai,29.98,555.1,1,5,2024,2024-01-29,Rabi,Medium,0
Cauliflower,Salem,41.6,515.1,1,5,2024,2024-01-30,Rabi,Low,1
Groundnut,Vellore,70.32,713.6,1,5,2024,2024-01-30,Rabi,Medium,0
Cabbage,Erode,26.86,330.3,1,5,2024,2024-01-31,Rabi,Low,1
Coconut,Erode,30.13,636.2,1,5,2024,2024-01-31,Rabi,Medium,0
Potato,Coimbatore,33.0,414.8,1,5,2024,2024-01-31,Rabi,Low,1
Potato,Chennai,38.33,532.1,1,5,2024,2024-01-31,Rabi,Low,1
Coconut,Vellore,25.23,838.1,2,5,2024,2024-02-01,Rabi,High,0
Cotton,Vellore,60.41,757.9,2,5,2024,2024-02-01,Rabi,Medium,0
Brinjal,Vellore,25.04,396.9,2,5,2024,2024-02-01,Rabi,High,0
Lady Finger,Dindigul,44.74,525.9,2,5,2024,2024-02-01,Rabi,Medium,0
Tomato,Salem,36.63,648.6,2,5,2024,2024-02-02,Rabi,Medium,0
Onion,Trichy,43.93,602.2,2,5,2024,2024-02-02,Rabi,Low,1
Cauliflower,Trichy,30.12,727.4,2,5,2024,2024-02-02,Rabi,Medium,0
Sugarcane,Salem,3.69,463.2,2,5,2024,2024-02-02,Rabi,Medium,0
Onion,Chennai,48.82,349.8,2,5,2024,2024-02-03,Rabi,Low,1
Banana,Coimbatore,45.57,699.6,2,5,2024,2024-02-03,Rabi,Medium,0
Tomato,Coimbatore,38.83,533.5,2,5,2024,2024-02-03,Rabi,Medium,0
Potato,Vellore,26.82,581.2,2,5,2024,2024-02-03,Rabi,Medium,0
Groundnut,Coimbatore,62.88,593.9,2,5,2024,2024-02-03,Rabi,High,0
Carrot,Thanjavur,48.39,452.1,2,5,2024,2024-02-04,Rabi,Medium,0
Cotton,Madurai,57.03,701.0,2,5,2024,2024-02-04,Rabi,Medium,0
Cabbage,Coimbatore,26.37,476.7,2,5,2024,2024-02-04,Rabi,Low,1
Potato,Tirunelveli,22.56,472.5,2,5,2024,2024-02-04,Rabi,High,0
Onion,Tirunelveli,47.41,749.9,2,5,2024,2024-02-04,Rabi,Low,1
Coconut,Tirunelveli,29.32,531.4,2,5,2024,2024-02-04,Rabi,Medium,0
Rice,Madurai,31.06,1036.1,2,6,2024,2024-02-05,Rabi,Medium,0
Brinjal,Dindigul,27.84,419.1,2,6,2024,2024-02-05,Rabi,Medium,0
Cabbage,Coimbatore,25.16,201.6,2,6,2024,2024-02-05,Rabi,Low,1
Carrot,Vellore,54.41,529.6,2,6,2024,2024-02-05,Rabi,Medium,0
Cotton,Thanjavur,50.71,718.4,2,6,2024,2024-02-06,Rabi,High,0
Tomato,Thanjavur,39.64,311.1,2,6,2024,2024-02-06,Rabi,Medium,0
Coconut,Trichy,25.39,575.1,2,6,2024,2024-02-06,Rabi,High,0
Sugarcane,Tirunelveli,3.77,443.5,2,6,2024,2024-02-06,Rabi,Medium,0
Potato,Coimbatore,24.95,436.0,2,6,2024,2024-02-06,Rabi,Medium,0
Brinjal,Tirunelveli,26.61,548.9,2,6,2024,2024-02-06,Rabi,Medium,0
Groundnut,Coimbatore,68.6,431.1,2,6,2024,2024-02-07,Rabi,Medium,0
Brinjal,Thanjavur,29.88,463.8,2,6,2024,2024-02-07,Rabi,Medium,0
Potato,Madurai,25.35,524.5,2,6,2024,2024-02-07,Rabi,Medium,0
Tomato,Thanjavur,33.04,476.4,2,6,2024,2024-02-07,Rabi,High,0
Cauliflower,Salem,33.48,186.4,2,6,2024,2024-02-07,Rabi,Medium,0
Banana,Vellore,42.67,669.8,2,6,2024,2024-02-07,Rabi,Medium,0
Brinjal,Trichy,30.97,705.7,2,6,2024,2024-02-08,Rabi,Medium,0
Chilli,Madurai,156.42,458.9,2,6,2024,2024-02-08,Rabi,Low,1
Chilli,Chennai,149.44,271.7,2,6,2024,2024-02-08,Rabi,Low,1
Lady Finger,Salem,40.04,646.8,2,6,2024,2024-02-08,Rabi,Medium,0
Banana,Tirunelveli,43.41,734.5,2,6,2024,2024-02-08,Rabi,Medium,0
Cotton,Chennai,51.21,312.5,2,6,2024,2024-02-09,Rabi,Medium,0
Rice,Madurai,35.32,583.5,2,6,2024,2024-02-09,Rabi,Medium,0
Brinjal,Vellore,28.12,363.8,2,6,2024,2024-02-09,Rabi,Medium,0
Cabbage,Tirunelveli,26.57,364.4,2,6,2024,2024-02-09,Rabi,Low,1
Potato,Trichy,29.69,636.4,2,6,2024,2024-02-10,Rabi,Medium,0
Onion,Vellore,42.47,482.2,2,6,2024,2024-02-10,Rabi,Low,1
Brinjal,Vellore,28.8,554.2,2,6,2024,2024-02-10,Rabi,Medium,0
Sugarcane,Chennai,3.46,496.9,2,6,2024,2024-02-11,Rabi,Medium,0
Onion,Erode,47.37,478.0,2,6,2024,2024-02-11,Rabi,Low,1
Brinjal,Thanjavur,26.47,565.5,2,6,2024,2024-02-11,Rabi,Medium,0
Coconut,Madurai,29.35,840.5,2,6,2024,2024-02-11,Rabi,Medium,0
Potato,Dindigul,28.63,667.9,2,6,2024,2024-02-11,Rabi,Medium,0
Onion,Vellore,43.63,461.5,2,7,2024,2024-02-12,Rabi,Low,1
Cauliflower,Vellore,31.74,523.1,2,7,2024,2024-02-12,Rabi,Medium,0
Groundnut,Tirunelveli,67.31,71.5,2,7,2024,2024-02-12,Rabi,Medium,0
Tomato,Coimbatore,30.93,489.2,2,7,2024,2024-02-12,Rabi,High,0
Cotton,Thanjavur,56.45,779.9,2,7,2024,2024-02-12,Rabi,Medium,0
Banana,Erode,42.71,735.7,2,7,2024,2024-02-12,Rabi,Medium,0
Banana,Coimbatore,42.47,426.4,2,7,2024,2024-02-13,Rabi,Medium,0
Sugarcane,Madurai,3.39,607.0,2,7,2024,2024-02-13,Rabi,High,0
Brinjal,Dindigul,25.6,548.1,2,7,2024,2024-02-13,Rabi,Medium,0
Tomato,Vellore,34.22,752.6,2,7,2024,2024-02-13,Rabi,Medium,0
Rice,Thanjavur,33.26,323.2,2,7,2024,2024-02-14,Rabi,Medium,0
Sugarcane,Tirunelveli,3.87,606.5,2,7,2024,2024-02-14,Rabi,Medium,0
Coconut,Tirunelveli,26.89,166.7,2,7,2024,2024-02-15,Rabi,Medium,0
Lady Finger,Coimbatore,41.08,635.2,2,7,2024,2024-02-15,Rabi,Medium,0
Carrot,Madurai,54.8,339.5,2,7,2024,2024-02-15,Rabi,Medium,0
Chilli,Vellore,136.84,464.0,2,7,2024,2024-02-16,Rabi,Medium,1
Cabbage,Dindigul,19.31,380.0,2,7,2024,2024-02-16,Rabi,Medium,1
Cotton,Thanjavur,55.89,269.7,2,7,2024,2024-02-16,Rabi,Medium,0
Tomato,Trichy,36.09,714.7,2,7,2024,2024-02-16,Rabi,Medium,0
Chilli,Tirunelveli,141.7,533.6,2,7,2024,2024-02-16,Rabi,Low,1
Tomato,Madurai,38.1,374.1,2,7,2024,2024-02-16,Rabi,Medium,0
Coconut,Salem,30.24,652.3,2,7,2024,2024-02-17,Rabi,Medium,0
Cabbage,Vellore,25.74,407.1,2,7,2024,2024-02-17,Rabi,Low,1
Onion,Chennai,45.53,251.5,2,7,2024,2024-02-18,Rabi,Low,1
Coconut,Dindigul,29.74,411.1,2,7,2024,2024-02-18,Rabi,Medium,0
Cabbage,Thanjavur,23.37,353.1,2,7,2024,2024-02-18,Rabi,Low,1
Groundnut,Salem,72.66,624.1,2,8,2024,2024-02-19,Rabi,Medium,0
Cotton,Thanjavur,62.57,638.6,2,8,2024,2024-02-19,Rabi,Medium,0
Tomato,Dindigul,36.49,503.1,2,8,2024,2024-02-19,Rabi,Medium,0
Coconut,Tirunelveli,28.81,468.7,2,8,2024,2024-02-19,Rabi,Medium,0
Cotton,Vellore,55.0,460.8,2,8,2024,2024-02-19,Rabi,Medium,0
Coconut,Erode,26.7,677.3,2,8,2024,2024-02-20,Rabi,Medium,0
Sugarcane,Vellore,3.88,687.4,2,8,2024,2024-02-20,Rabi,Medium,0
Banana,Madurai,44.45,824.2,2,8,2024,2024-02-20,Rabi,Medium,0
Rice,Erode,30.06,291.8,2,8,2024,2024-02-20,Rabi,Medium,0
Carrot,Tirunelveli,54.87,717.2,2,8,2024,2024-02-20,Rabi,Medium,0
Rice,Madurai,36.31,452.7,2,8,2024,2024-02-21,Rabi,Medium,0
Sugarcane,Dindigul,4.06,385.2,2,8,2024,2024-02-21,Rabi,Medium,0
Onion,Salem,47.36,424.5,2,8,2024,2024-02-21,Rabi,Low,1
Cauliflower,Vellore,31.53,439.4,2,8,2024,2024-02-21,Rabi,Medium,0
Lady Finger,Tirunelveli,45.6,594.6,2,8,2024,2024-02-21,Rabi,Medium,0
Tomato,Trichy,38.29,436.4,2,8,2024,2024-02-21,Rabi,Medium,0
Banana,Chennai,42.96,652.1,2,8,2024,2024-02-21,Rabi,Medium,0
Potato,Vellore,26.72,638.6,2,8,2024,2024-02-21,Rabi,Medium,0
Rice,Trichy,28.92,408.2,2,8,2024,2024-02-21,Rabi,High,0
Sugarcane,Erode,4.26,372.3,2,8,2024,2024-02-22,Rabi,Medium,0
Potato,Coimbatore,27.35,663.5,2,8,2024,2024-02-22,Rabi,Medium,0
Brinjal,Trichy,35.32,669.1,2,8,2024,2024-02-22,Rabi,Low,0
Banana,Erode,35.92,964.6,2,8,2024,2024-02-22,Rabi,High,0
Cotton,Chennai,57.93,30.0,2,8,2024,2024-02-23,Rabi,Medium,0
Potato,Coimbatore,24.87,313.7,2,8,2024,2024-02-23,Rabi,Medium,0
Cauliflower,Salem,33.79,406.6,2,8,2024,2024-02-24,Rabi,Medium,0
Cotton,Tirunelveli,52.64,734.2,2,8,2024,2024-02-24,Rabi,Medium,0
Chilli,Dindigul,156.53,515.3,2,8,2024,2024-02-24,Rabi,Low,1
Cauliflower,Vellore,32.41,694.1,2,8,2024,2024-02-25,Rabi,Medium,0
Cauliflower,Coimbatore,33.3,610.9,2,8,2024,2024-02-25,Rabi,Medium,0
Potato,Coimbatore,24.65,683.0,2,8,2024,2024-02-25,Rabi,Medium,0
Cotton,Thanjavur,61.03,758.8,2,9,2024,2024-02-26,Rabi,Medium,0
Lady Finger,Chennai,42.84,207.8,2,9,2024,2024-02-26,Rabi,Medium,0
Groundnut,Vellore,69.62,363.7,2,9,2024,2024-02-26,Rabi,Medium,0
Cauliflower,Madurai,31.24,589.2,2,9,2024,2024-02-26,Rabi,Medium,0
Onion,Tirunelveli,43.47,541.6,2,9,2024,2024-02-26,Rabi,Low,1
Cabbage,Erode,23.36,591.4,2,9,2024,2024-02-27,Rabi,Low,1
Cabbage,Tirunelveli,23.74,608.5,2,9,2024,2024-02-27,Rabi,Low,1
Carrot,Chennai,49.55,465.5,2,9,2024,2024-02-27,Rabi,Medium,0
Carrot,Thanjavur,52.21,367.7,2,9,2024,2024-02-27,Rabi,Medium,0
Cotton,Vellore,53.24,558.5,2,9,2024,2024-02-28,Rabi,Medium,0
Potato,Madurai,23.68,775.9,2,9,2024,2024-02-28,Rabi,High,0
Cotton,Thanjavur,52.95,568.7,2,9,2024,2024-02-28,Rabi,Medium,0
Cotton,Salem,53.25,604.6,2,9,2024,2024-02-28,Rabi,Medium,0
Cabbage,Coimbatore,27.3,511.0,2,9,2024,2024-02-28,Rabi,Low,1
Cauliflower,Vellore,31.7,730.7,2,9,2024,2024-02-29,Rabi,Medium,0
Brinjal,Trichy,27.1,349.0,2,9,2024,2024-02-29,Rabi,Medium,0
Rice,Tirunelveli,38.85,327.5,2,9,2024,2024-02-29,Rabi,Medium,0
Rice,Tirunelveli,30.48,768.5,2,9,2024,2024-02-29,Rabi,Medium,0
Sugarcane,Tirunelveli,4.06,484.0,3,9,2024,2024-03-01,Rabi,Medium,0
Banana,Tirunelveli,43.16,187.4,3,9,2024,2024-03-01,Rabi,Medium,0
Cauliflower,Coimbatore,32.84,648.7,3,9,2024,2024-03-01,Rabi,Medium,0
Banana,Coimbatore,43.11,625.3,3,9,2024,2024-03-02,Rabi,Medium,0
Brinjal,Chennai,31.25,605.5,3,9,2024,2024-03-03,Rabi,Medium,0
Coconut,Trichy,38.94,199.5,3,9,2024,2024-03-03,Rabi,Low,1
Lady Finger,Chennai,40.68,276.6,3,9,2024,2024-03-03,Rabi,Medium,0
Coconut,Thanjavur,38.63,743.4,3,10,2024,2024-03-04,Rabi,Low,1
Cauliflower,Trichy,34.14,669.9,3,10,2024,2024-03-04,Rabi,Medium,0
Carrot,Tirunelveli,55.21,555.5,3,10,2024,2024-03-04,Rabi,Medium,0
Coconut,Thanjavur,39.54,595.3,3,10,2024,2024-03-04,Rabi,Low,1
Potato,Thanjavur,26.1,450.5,3,10,2024,2024-03-05,Rabi,Medium,0
Lady Finger,Salem,40.11,400.1,3,10,2024,2024-03-05,Rabi,Medium,0
Potato,Thanjavur,27.45,370.5,3,10,2024,2024-03-06,Rabi,Medium,0
Lady Finger,Madurai,38.9,576.8,3,10,2024,2024-03-06,Rabi,Medium,0
Cabbage,Erode,18.71,652.4,3,10,2024,2024-03-06,Rabi,Medium,0
Brinjal,Chennai,27.25,606.6,3,10,2024,2024-03-07,Rabi,Medium,0
Potato,Trichy,27.99,532.6,3,10,2024,2024-03-07,Rabi,Medium,0
Sugarcane,Coimbatore,3.51,594.1,3,10,2024,2024-03-07,Rabi,Medium,0
Rice,Dindigul,34.54,566.8,3,10,2024,2024-03-07,Rabi,Medium,0
Sugarcane,Thanjavur,3.86,732.0,3,10,2024,2024-03-07,Rabi,Medium,0
Carrot,Dindigul,53.23,411.5,3,10,2024,2024-03-08,Rabi,Medium,0
Rice,Tirunelveli,35.02,608.5,3,10,2024,2024-03-08,Rabi,Medium,0
Cotton,Madurai,62.73,558.3,3,10,2024,2024-03-08,Rabi,Medium,0
Onion,Dindigul,32.26,442.9,3,10,2024,2024-03-08,Rabi,Medium,0
Lady Finger,Trichy,41.5,329.4,3,10,2024,2024-03-09,Rabi,Medium,0
Cabbage,Dindigul,18.83,657.2,3,10,2024,2024-03-09,Rabi,Medium,0
Lady Finger,Chennai,42.89,576.1,3,10,2024,2024-03-10,Rabi,Medium,0
Chilli,Thanjavur,155.96,608.9,3,10,2024,2024-03-10,Rabi,Low,1
Coconut,Coimbatore,37.7,464.9,3,10,2024,2024-03-10,Rabi,Low,1
Lady Finger,Vellore,42.69,801.1,3,11,2024,2024-03-11,Rabi,Medium,0
Chilli,Tirunelveli,156.55,500.9,3,11,2024,2024-03-11,Rabi,Low,1
Onion,Thanjavur,31.45,156.1,3,11,2024,2024-03-11,Rabi,Medium,0
Sugarcane,Trichy,3.81,487.4,3,11,2024,2024-03-11,Rabi,Medium,0
Cotton,Tirunelveli,55.29,631.5,3,11,2024,2024-03-11,Rabi,Medium,0
Potato,Vellore,25.18,499.5,3,11,2024,2024-03-12,Rabi,Medium,0
Banana,Dindigul,47.34,557.6,3,11,2024,2024-03-12,Rabi,Medium,0
Cauliflower,Vellore,31.93,464.3,3,11,2024,2024-03-13,Rabi,Medium,0
Sugarcane,Tirunelveli,3.72,103.9,3,11,2024,2024-03-13,Rabi,Medium,0
Onion,Dindigul,28.25,524.3,3,11,2024,2024-03-13,Rabi,High,0
Cabbage,Erode,19.02,318.2,3,11,2024,2024-03-13,Rabi,Medium,0
Groundnut,Dindigul,79.82,434.9,3,11,2024,2024-03-14,Rabi,Medium,0
Groundnut,Trichy,73.63,549.9,3,11,2024,2024-03-15,Rabi,Medium,0
Coconut,Trichy,40.81,335.2,3,11,2024,2024-03-15,Rabi,Low,1
Cotton,Madurai,48.98,386.5,3,11,2024,2024-03-15,Rabi,High,0
Lady Finger,Erode,43.75,609.7,3,11,2024,2024-03-15,Rabi,Medium,0
Potato,Thanjavur,28.4,588.9,3,11,2024,2024-03-15,Rabi,Medium,0
Tomato,Coimbatore,33.82,557.7,3,11,2024,2024-03-16,Rabi,High,0
Carrot,Chennai,53.55,473.8,3,11,2024,2024-03-16,Rabi,Medium,0
Lady Finger,Madurai,44.02,473.8,3,11,2024,2024-03-16,Rabi,Medium,0
Chilli,Madurai,137.79,510.6,3,11,2024,2024-03-16,Rabi,Medium,1
Carrot,Coimbatore,54.27,639.5,3,11,2024,2024-03-16,Rabi,Medium,0
Groundnut,Chennai,62.77,602.0,3,11,2024,2024-03-16,Rabi,High,0
Chilli,Erode,137.68,266.4,3,11,2024,2024-03-16,Rabi,Medium,1
Cabbage,Thanjavur,18.25,624.5,3,11,2024,2024-03-17,Rabi,Medium,0
Cotton,Trichy,54.31,604.8,3,11,2024,2024-03-17,Rabi,Medium,0
Lady Finger,Vellore,39.33,578.5,3,11,2024,2024-03-17,Rabi,Medium,0
Sugarcane,Dindigul,4.0,550.0,3,11,2024,2024-03-17,Rabi,Medium,0
Groundnut,Thanjavur,70.68,706.6,3,12,2024,2024-03-18,Rabi,Medium,0
Potato,Madurai,29.87,632.7,3,12,2024,2024-03-18,Rabi,Medium,0
Banana,Coimbatore,41.77,423.5,3,12,2024,2024-03-18,Rabi,Medium,0
Carrot,Dindigul,49.82,313.4,3,12,2024,2024-03-18,Rabi,Medium,0
Groundnut,Trichy,73.73,474.0,3,12,2024,2024-03-18,Rabi,Medium,0
Chilli,Dindigul,151.06,531.2,3,12,2024,2024-03-19,Rabi,Low,1
Chilli,Coimbatore,171.25,356.0,3,12,2024,2024-03-19,Rabi,Low,1
Lady Finger,Tirunelveli,48.14,700.9,3,12,2024,2024-03-19,Rabi,Medium,0
Banana,Coimbatore,41.33,504.8,3,12,2024,2024-03-19,Rabi,Medium,0
Groundnut,Trichy,72.73,307.2,3,12,2024,2024-03-19,Rabi,Medium,0
Rice,Coimbatore,32.77,663.1,3,12,2024,2024-03-20,Rabi,Medium,0
Rice,Thanjavur,40.92,496.0,3,12,2024,2024-03-20,Rabi,Low,0
Rice,Erode,33.49,944.3,3,12,2024,2024-03-21,Rabi,Medium,0
Lady Finger,Thanjavur,45.83,588.8,3,12,2024,2024-03-21,Rabi,Medium,0
Lady Finger,Coimbatore,41.87,855.9,3,12,2024,2024-03-21,Rabi,Medium,0
Coconut,Tirunelveli,33.51,437.3,3,12,2024,2024-03-21,Rabi,Medium,1
Cabbage,Salem,19.94,344.5,3,12,2024,2024-03-21,Rabi,Medium,0
Carrot,Coimbatore,49.87,541.7,3,12,2024,2024-03-21,Rabi,Medium,0
Potato,Chennai,25.35,614.0,3,12,2024,2024-03-22,Rabi,Medium,0
Groundnut,Chennai,70.58,625.0,3,12,2024,2024-03-22,Rabi,Medium,0
Sugarcane,Coimbatore,3.9,646.7,3,12,2024,2024-03-23,Rabi,Medium,0
Coconut,Tirunelveli,39.31,410.7,3,12,2024,2024-03-23,Rabi,Low,1
Coconut,Coimbatore,35.48,421.5,3,12,2024,2024-03-23,Rabi,Low,1
Lady Finger,Dindigul,41.23,530.7,3,12,2024,2024-03-24,Rabi,Medium,0
Potato,Dindigul,25.54,254.7,3,13,2024,2024-03-25,Rabi,Medium,0
Sugarcane,Tirunelveli,3.65,521.6,3,13,2024,2024-03-25,Rabi,Medium,0
Cotton,Thanjavur,54.86,771.7,3,13,2024,2024-03-25,Rabi,Medium,0
Lady Finger,Madurai,46.43,510.2,3,13,2024,2024-03-25,Rabi,Medium,0
Cotton,Salem,66.66,335.2,3,13,2024,2024-03-25,Rabi,Medium,0
Onion,Vellore,33.63,416.5,3,13,2024,2024-03-26,Rabi,Medium,0
Cotton,Trichy,57.79,720.5,3,13,2024,2024-03-26,Rabi,Medium,0
Tomato,Chennai,35.22,303.0,3,13,2024,2024-03-26,Rabi,Medium,0
Onion,Trichy,34.77,596.6,3,13,2024,2024-03-26,Rabi,Medium,0
Sugarcane,Salem,3.93,260.7,3,13,2024,2024-03-26,Rabi,Medium,0
Lady Finger,Vellore,41.52,599.0,3,13,2024,2024-03-26,Rabi,Medium,0
Sugarcane,Vellore,3.72,555.0,3,13,2024,2024-03-27,Rabi,Medium,0
Brinjal,Coimbatore,26.59,408.5,3,13,2024,2024-03-28,Rabi,Medium,0
Cauliflower,Dindigul,33.06,542.2,3,13,2024,2024-03-28,Rabi,Medium,0
Banana,Coimbatore,44.65,571.3,3,13,2024,2024-03-28,Rabi,Medium,0
Rice,Trichy,37.32,239.7,3,13,2024,2024-03-28,Rabi,Medium,0
Lady Finger,Trichy,39.27,704.6,3,13,2024,2024-03-28,Rabi,Medium,0
Chilli,Thanjavur,143.6,367.9,3,13,2024,2024-03-29,Rabi,Low,1
Onion,Trichy,32.06,668.0,3,13,2024,2024-03-29,Rabi,Medium,0
Tomato,Erode,35.05,455.7,3,13,2024,2024-03-29,Rabi,Medium,0
Onion,Tirunelveli,33.01,597.1,3,13,2024,2024-03-30,Rabi,Medium,0
Cauliflower,Madurai,34.69,684.4,3,13,2024,2024-03-30,Rabi,Medium,0
Chilli,Chennai,141.19,326.4,3,13,2024,2024-03-31,Rabi,Low,1
Potato,Tirunelveli,26.53,591.5,3,13,2024,2024-03-31,Rabi,Medium,0
Rice,Thanjavur,36.09,646.8,3,13,2024,2024-03-31,Rabi,Medium,0
Onion,Coimbatore,31.48,625.8,3,13,2024,2024-03-31,Rabi,Medium,0
Groundnut,Dindigul,66.95,731.6,3,13,2024,2024-03-31,Rabi,Medium,0
Chilli,Trichy,153.23,292.2,3,13,2024,2024-03-31,Rabi,Low,1
Lady Finger,Tirunelveli,43.26,562.6,3,13,2024,2024-03-31,Rabi,Medium,0
Potato,Salem,25.86,733.2,3,13,2024,2024-03-31,Rabi,Medium,0
Chilli,Trichy,122.67,718.5,4,14,2024,2024-04-01,Zaid,Medium,0
Onion,Madurai,33.35,645.2,4,14,2024,2024-04-01,Zaid,Medium,0
Banana,Dindigul,58.4,386.0,4,14,2024,2024-04-01,Zaid,Low,1
Banana,Chennai,56.59,311.1,4,14,2024,2024-04-02,Zaid,Low,1
Carrot,Thanjavur,56.39,426.1,4,14,2024,2024-04-02,Zaid,Medium,0
Sugarcane,Chennai,4.16,453.2,4,14,2024,2024-04-03,Zaid,Medium,0
Rice,Tirunelveli,34.58,461.6,4,14,2024,2024-04-03,Zaid,Medium,0
Chilli,Thanjavur,95.03,620.6,4,14,2024,2024-04-04,Zaid,High,0
Groundnut,Vellore,68.99,622.2,4,14,2024,2024-04-04,Zaid,Medium,0
Lady Finger,Tirunelveli,37.58,559.9,4,14,2024,2024-04-05,Zaid,High,0
Sugarcane,Vellore,3.8,509.6,4,14,2024,2024-04-05,Zaid,Medium,0
Potato,Trichy,28.11,705.7,4,14,2024,2024-04-05,Zaid,Medium,0
Cotton,Coimbatore,60.38,523.3,4,14,2024,2024-04-05,Zaid,Medium,0
Banana,Thanjavur,48.46,315.6,4,14,2024,2024-04-06,Zaid,Medium,1
Cabbage,Salem,17.02,316.4,4,14,2024,2024-04-06,Zaid,Medium,0
Cabbage,Vellore,17.65,778.6,4,14,2024,2024-04-07,Zaid,Medium,0
Rice,Dindigul,34.62,471.5,4,14,2024,2024-04-07,Zaid,Medium,0
Cauliflower,Tirunelveli,34.52,339.6,4,15,2024,2024-04-08,Zaid,Medium,0
Groundnut,Dindigul,77.65,794.7,4,15,2024,2024-04-08,Zaid,Medium,0
Banana,Salem,56.55,535.1,4,15,2024,2024-04-08,Zaid,Low,1
Brinjal,Dindigul,29.99,764.3,4,15,2024,2024-04-08,Zaid,Medium,0
Onion,Chennai,34.6,723.6,4,15,2024,2024-04-08,Zaid,Medium,0
Chilli,Chennai,105.41,428.6,4,15,2024,2024-04-10,Zaid,Medium,0
Banana,Madurai,59.03,388.5,4,15,2024,2024-04-10,Zaid,Low,1
Chilli,Tirunelveli,103.28,721.8,4,15,2024,2024-04-10,Zaid,Medium,0
Carrot,Salem,49.71,665.7,4,15,2024,2024-04-11,Zaid,Medium,0
Chilli,Tirunelveli,109.52,654.9,4,15,2024,2024-04-11,Zaid,Medium,0
Carrot,Trichy,48.63,470.7,4,15,2024,2024-04-11,Zaid,Medium,0
Onion,Salem,31.9,880.8,4,15,2024,2024-04-12,Zaid,Medium,0
Cotton,Erode,58.53,398.1,4,15,2024,2024-04-13,Zaid,Medium,0
Lady Finger,Madurai,37.94,708.4,4,15,2024,2024-04-13,Zaid,High,0
Brinjal,Salem,27.57,768.5,4,15,2024,2024-04-13,Zaid,Medium,0
Cauliflower,Trichy,31.65,184.9,4,15,2024,2024-04-14,Zaid,Medium,0
Brinjal,Vellore,27.07,518.7,4,16,2024,2024-04-16,Zaid,Medium,0
Chilli,Tirunelveli,92.69,514.4,4,16,2024,2024-04-16,Zaid,High,0
Potato,Chennai,27.05,655.4,4,16,2024,2024-04-16,Zaid,Medium,0
Sugarcane,Madurai,3.88,443.9,4,16,2024,2024-04-16,Zaid,Medium,0
Rice,Vellore,33.8,500.2,4,16,2024,2024-04-17,Zaid,Medium,0
Brinjal,Tirunelveli,34.14,568.9,4,16,2024,2024-04-17,Zaid,Medium,0
Lady Finger,Erode,48.82,735.0,4,16,2024,2024-04-17,Zaid,Medium,0
Cabbage,Coimbatore,18.49,350.1,4,16,2024,2024-04-17,Zaid,Medium,0
Tomato,Trichy,42.55,336.4,4,16,2024,2024-04-17,Zaid,Medium,0
Carrot,Coimbatore,47.34,786.4,4,16,2024,2024-04-17,Zaid,Medium,0
Brinjal,Madurai,26.22,419.6,4,16,2024,2024-04-18,Zaid,Medium,0
Rice,Vellore,29.32,570.2,4,16,2024,2024-04-18,Zaid,High,0
Rice,Salem,35.38,391.4,4,16,2024,2024-04-18,Zaid,Medium,0
Banana,Dindigul,55.84,392.4,4,16,2024,2024-04-19,Zaid,Low,1
Lady Finger,Vellore,42.22,469.5,4,16,2024,2024-04-19,Zaid,Medium,0
Sugarcane,Madurai,3.59,519.6,4,16,2024,2024-04-19,Zaid,Medium,0
Brinjal,Erode,30.53,684.7,4,16,2024,2024-04-19,Zaid,Medium,0
Potato,Chennai,23.58,396.6,4,16,2024,2024-04-19,Zaid,High,0
Sugarcane,Salem,3.55,638.8,4,16,2024,2024-04-20,Zaid,Medium,0
Groundnut,Salem,70.67,307.7,4,16,2024,2024-04-21,Zaid,Medium,0
Onion,Salem,33.32,565.4,4,16,2024,2024-04-21,Zaid,Medium,0
Lady Finger,Madurai,44.93,540.2,4,16,2024,2024-04-21,Zaid,Medium,0
Coconut,Vellore,38.97,503.2,4,17,2024,2024-04-23,Zaid,Low,1
Chilli,Salem,120.87,392.4,4,17,2024,2024-04-23,Zaid,Medium,0
Sugarcane,Madurai,4.02,533.6,4,17,2024,2024-04-23,Zaid,Medium,0
Potato,Vellore,30.21,733.5,4,17,2024,2024-04-23,Zaid,Medium,0
Banana,Erode,47.71,644.8,4,17,2024,2024-04-23,Zaid,Medium,1
Chilli,Erode,110.82,284.0,4,17,2024,2024-04-23,Zaid,Medium,0
Tomato,Chennai,37.63,531.0,4,17,2024,2024-04-24,Zaid,Medium,0
Coconut,Salem,34.56,384.0,4,17,2024,2024-04-24,Zaid,Low,1
Chilli,Vellore,121.62,683.1,4,17,2024,2024-04-24,Zaid,Medium,0
Tomato,Salem,35.87,551.1,4,17,2024,2024-04-25,Zaid,Medium,0
Groundnut,Madurai,68.51,806.8,4,17,2024,2024-04-25,Zaid,Medium,0
Chilli,Erode,98.37,741.0,4,17,2024,2024-04-25,Zaid,High,0
Cotton,Dindigul,55.64,692.9,4,17,2024,2024-04-26,Zaid,Medium,0
Cotton,Tirunelveli,59.76,305.0,4,17,2024,2024-04-26,Zaid,Medium,0
Lady Finger,Salem,41.28,722.4,4,17,2024,2024-04-26,Zaid,Medium,0
Coconut,Madurai,38.51,190.5,4,17,2024,2024-04-26,Zaid,Low,1
Cotton,Chennai,59.55,308.5,4,17,2024,2024-04-27,Zaid,Medium,0
Brinjal,Erode,31.05,469.3,4,17,2024,2024-04-27,Zaid,Medium,0
Tomato,Trichy,42.61,269.9,4,17,2024,2024-04-27,Zaid,Medium,0
Tomato,Trichy,34.17,764.5,4,17,2024,2024-04-27,Zaid,Medium,0
Cotton,Vellore,57.67,854.4,4,17,2024,2024-04-27,Zaid,Medium,0
Rice,Coimbatore,36.08,405.7,4,17,2024,2024-04-28,Zaid,Medium,0
Carrot,Erode,47.58,745.0,4,17,2024,2024-04-28,Zaid,Medium,0
Cauliflower,Trichy,33.49,488.0,4,17,2024,2024-04-28,Zaid,Medium,0
Banana,Trichy,59.24,352.1,4,18,2024,2024-04-29,Zaid,Low,1
Carrot,Madurai,53.29,585.7,4,18,2024,2024-04-29,Zaid,Medium,0
Cotton,Dindigul,53.3,738.2,4,18,2024,2024-04-29,Zaid,Medium,0
Rice,Coimbatore,34.53,681.9,4,18,2024,2024-04-29,Zaid,Medium,0
Sugarcane,Trichy,3.57,140.5,4,18,2024,2024-04-30,Zaid,Medium,0
Sugarcane,Thanjavur,3.88,502.8,4,18,2024,2024-04-30,Zaid,Medium,0
Carrot,Madurai,52.75,346.3,4,18,2024,2024-04-30,Zaid,Medium,0
Potato,Thanjavur,25.31,661.6,4,18,2024,2024-04-30,Zaid,Medium,0
Coconut,Erode,38.91,409.9,5,18,2024,2024-05-01,Zaid,Low,1
Brinjal,Coimbatore,31.23,410.4,5,18,2024,2024-05-01,Zaid,Medium,0
Brinjal,Tirunelveli,22.29,443.5,5,18,2024,2024-05-01,Zaid,High,0
Coconut,Tirunelveli,34.35,543.5,5,18,2024,2024-05-01,Zaid,Medium,1
Chilli,Salem,125.7,409.9,5,18,2024,2024-05-02,Zaid,Medium,0
Tomato,Coimbatore,33.42,533.7,5,18,2024,2024-05-02,Zaid,High,0
Chilli,Coimbatore,121.81,377.4,5,18,2024,2024-05-03,Zaid,Medium,0
Groundnut,Thanjavur,71.49,770.5,5,18,2024,2024-05-03,Zaid,Medium,0
Sugarcane,Coimbatore,3.83,421.9,5,18,2024,2024-05-03,Zaid,Medium,0
Chilli,Tirunelveli,115.12,384.2,5,18,2024,2024-05-03,Zaid,Medium,0
Cauliflower,Erode,37.12,834.0,5,18,2024,2024-05-03,Zaid,Medium,0
Coconut,Salem,37.42,459.0,5,18,2024,2024-05-04,Zaid,Low,1
Cotton,Coimbatore,55.24,506.1,5,18,2024,2024-05-04,Zaid,Medium,0
Groundnut,Vellore,67.63,623.5,5,18,2024,2024-05-04,Zaid,Medium,0
Coconut,Trichy,39.05,322.7,5,18,2024,2024-05-04,Zaid,Low,1
Groundnut,Dindigul,73.85,667.0,5,18,2024,2024-05-04,Zaid,Medium,0
Potato,Salem,27.3,704.6,5,19,2024,2024-05-06,Zaid,Medium,0
Sugarcane,Salem,4.07,696.1,5,19,2024,2024-05-06,Zaid,Medium,0
Lady Finger,Thanjavur,41.53,594.4,5,19,2024,2024-05-07,Zaid,Medium,0
Carrot,Madurai,52.71,434.8,5,19,2024,2024-05-07,Zaid,Medium,0
Cabbage,Thanjavur,18.14,613.6,5,19,2024,2024-05-07,Zaid,Medium,0
Cauliflower,Tirunelveli,36.42,583.0,5,19,2024,2024-05-07,Zaid,Medium,0
Chilli,Thanjavur,105.51,700.0,5,19,2024,2024-05-08,Zaid,Medium,0
Carrot,Coimbatore,48.87,540.1,5,19,2024,2024-05-08,Zaid,Medium,0
Groundnut,Madurai,74.36,427.8,5,19,2024,2024-05-08,Zaid,Medium,0
Rice,Vellore,34.94,390.7,5,19,2024,2024-05-08,Zaid,Medium,0
Onion,Erode,30.46,438.1,5,19,2024,2024-05-08,Zaid,Medium,0
Banana,Tirunelveli,53.96,576.2,5,19,2024,2024-05-08,Zaid,Low,1
Cabbage,Erode,20.93,80.3,5,19,2024,2024-05-09,Zaid,Medium,0
Cotton,Chennai,61.39,979.2,5,19,2024,2024-05-09,Zaid,Medium,0
Tomato,Salem,40.13,629.2,5,19,2024,2024-05-09,Zaid,Medium,0
Sugarcane,Thanjavur,3.89,349.6,5,19,2024,2024-05-09,Zaid,Medium,0
Tomato,Trichy,38.94,267.5,5,19,2024,2024-05-10,Zaid,Medium,0
Brinjal,Vellore,29.46,573.2,5,19,2024,2024-05-10,Zaid,Medium,0
Groundnut,Dindigul,73.44,495.6,5,19,2024,2024-05-11,Zaid,Medium,0
Rice,Trichy,33.84,276.9,5,19,2024,2024-05-11,Zaid,Medium,0
Potato,Salem,25.24,598.4,5,19,2024,2024-05-11,Zaid,Medium,0
Carrot,Vellore,52.24,465.0,5,19,2024,2024-05-12,Zaid,Medium,0
Cotton,Dindigul,52.99,392.6,5,20,2024,2024-05-13,Zaid,Medium,0
Cotton,Thanjavur,53.97,547.9,5,20,2024,2024-05-13,Zaid,Medium,0
Sugarcane,Erode,4.1,527.4,5,20,2024,2024-05-13,Zaid,Medium,0
Onion,Chennai,34.05,600.3,5,20,2024,2024-05-13,Zaid,Medium,0
Coconut,Vellore,34.46,467.8,5,20,2024,2024-05-13,Zaid,Medium,1
Potato,Erode,25.04,419.0,5,20,2024,2024-05-14,Zaid,Medium,0
Cabbage,Chennai,20.73,631.5,5,20,2024,2024-05-14,Zaid,Medium,0
Potato,Dindigul,28.21,424.0,5,20,2024,2024-05-14,Zaid,Medium,0
Cotton,Tirunelveli,58.07,116.0,5,20,2024,2024-05-15,Zaid,Medium,0
Groundnut,Coimbatore,67.83,598.9,5,20,2024,2024-05-15,Zaid,Medium,0
Chilli,Chennai,120.8,629.0,5,20,2024,2024-05-15,Zaid,Medium,0
Coconut,Tirunelveli,38.2,275.4,5,20,2024,2024-05-15,Zaid,Low,1
Cabbage,Dindigul,17.85,681.7,5,20,2024,2024-05-16,Zaid,Medium,0
Lady Finger,Salem,41.8,526.7,5,20,2024,2024-05-16,Zaid,Medium,0
Cotton,Salem,54.48,466.3,5,20,2024,2024-05-16,Zaid,Medium,0
Carrot,Tirunelveli,57.74,246.2,5,20,2024,2024-05-16,Zaid,Medium,0
Tomato,Thanjavur,36.75,653.9,5,20,2024,2024-05-16,Zaid,Medium,0
Onion,Trichy,33.19,405.6,5,20,2024,2024-05-16,Zaid,Medium,0
Banana,Madurai,55.49,701.7,5,20,2024,2024-05-16,Zaid,Low,1
Banana,Thanjavur,56.32,312.7,5,20,2024,2024-05-17,Zaid,Low,1
Cauliflower,Erode,33.59,586.2,5,20,2024,2024-05-17,Zaid,Medium,0
Sugarcane,Trichy,4.0,598.4,5,20,2024,2024-05-17,Zaid,Medium,0
Onion,Tirunelveli,34.96,509.2,5,20,2024,2024-05-17,Zaid,Medium,0
Potato,Chennai,27.42,628.6,5,20,2024,2024-05-17,Zaid,Medium,0
Onion,Chennai,27.94,530.9,5,20,2024,2024-05-17,Zaid,High,0
Banana,Madurai,56.86,472.6,5,20,2024,2024-05-18,Zaid,Low,1
Sugarcane,Thanjavur,3.61,390.4,5,20,2024,2024-05-18,Zaid,Medium,0
Tomato,Tirunelveli,34.71,701.1,5,20,2024,2024-05-18,Zaid,Medium,0
Potato,Erode,29.9,660.4,5,20,2024,2024-05-18,Zaid,Medium,0
Onion,Salem,33.66,485.9,5,20,2024,2024-05-19,Zaid,Medium,0
Banana,Coimbatore,56.34,306.8,5,20,2024,2024-05-19,Zaid,Low,1
Onion,Chennai,31.99,496.4,5,21,2024,2024-05-20,Zaid,Medium,0
Lady Finger,Salem,41.86,332.6,5,21,2024,2024-05-20,Zaid,Medium,0
Onion,Thanjavur,33.98,654.0,5,21,2024,2024-05-20,Zaid,Medium,0
Rice,Trichy,31.08,693.6,5,21,2024,2024-05-20,Zaid,Medium,0
Cotton,Salem,57.54,644.3,5,21,2024,2024-05-20,Zaid,Medium,0
Cauliflower,Dindigul,30.98,511.0,5,21,2024,2024-05-21,Zaid,Medium,0
Rice,Tirunelveli,34.26,266.8,5,21,2024,2024-05-21,Zaid,Medium,0
Carrot,Coimbatore,60.86,605.6,5,21,2024,2024-05-21,Zaid,Medium,0
Cabbage,Thanjavur,19.97,649.1,5,21,2024,2024-05-22,Zaid,Medium,0
Chilli,Vellore,111.81,453.4,5,21,2024,2024-05-22,Zaid,Medium,0
Lady Finger,Coimbatore,40.71,405.1,5,21,2024,2024-05-22,Zaid,Medium,0
Cauliflower,Madurai,31.46,535.7,5,21,2024,2024-05-23,Zaid,Medium,0
Brinjal,Tirunelveli,27.56,282.1,5,21,2024,2024-05-23,Zaid,Medium,0
Cabbage,Thanjavur,16.25,529.9,5,21,2024,2024-05-23,Zaid,High,0
Brinjal,Trichy,27.58,761.4,5,21,2024,2024-05-24,Zaid,Medium,0
Tomato,Thanjavur,34.51,504.8,5,21,2024,2024-05-24,Zaid,Medium,0
Carrot,Tirunelveli,53.31,845.8,5,21,2024,2024-05-25,Zaid,Medium,0
Cauliflower,Salem,30.88,415.6,5,21,2024,2024-05-25,Zaid,Medium,0
Cotton,Tirunelveli,56.41,799.2,5,21,2024,2024-05-25,Zaid,Medium,0
Banana,Trichy,54.41,398.8,5,21,2024,2024-05-26,Zaid,Low,1
Groundnut,Erode,77.81,381.9,5,21,2024,2024-05-26,Zaid,Medium,0
Brinjal,Chennai,30.84,631.3,5,21,2024,2024-05-26,Zaid,Medium,0
Potato,Madurai,24.48,340.4,5,22,2024,2024-05-27,Zaid,Medium,0
Banana,Salem,50.38,577.3,5,22,2024,2024-05-27,Zaid,Medium,1
Banana,Dindigul,53.04,767.3,5,22,2024,2024-05-27,Zaid,Low,1
Banana,Vellore,61.84,539.3,5,22,2024,2024-05-27,Zaid,Low,1
Groundnut,Chennai,70.54,350.5,5,22,2024,2024-05-27,Zaid,Medium,0
Sugarcane,Thanjavur,3.83,397.7,5,22,2024,2024-05-28,Zaid,Medium,0
Cotton,Dindigul,53.96,788.8,5,22,2024,2024-05-28,Zaid,Medium,0
Cabbage,Dindigul,17.57,788.5,5,22,2024,2024-05-28,Zaid,Medium,0
Cabbage,Salem,20.75,505.0,5,22,2024,2024-05-28,Zaid,Medium,0
Groundnut,Tirunelveli,74.77,257.5,5,22,2024,2024-05-28,Zaid,Medium,0
Brinjal,Coimbatore,30.14,588.7,5,22,2024,2024-05-28,Zaid,Medium,0
Groundnut,Dindigul,72.39,451.0,5,22,2024,2024-05-28,Zaid,Medium,0
Cabbage,Vellore,17.36,358.5,5,22,2024,2024-05-29,Zaid,Medium,0
Cotton,Salem,56.15,219.3,5,22,2024,2024-05-29,Zaid,Medium,0
Brinjal,Dindigul,26.87,571.7,5,22,2024,2024-05-29,Zaid,Medium,0
Cotton,Vellore,56.9,783.9,5,22,2024,2024-05-29,Zaid,Medium,0
Onion,Vellore,33.02,462.1,5,22,2024,2024-05-30,Zaid,Medium,0
Lady Finger,Madurai,44.4,382.0,5,22,2024,2024-05-30,Zaid,Medium,0
Cauliflower,Vellore,30.97,726.2,5,22,2024,2024-05-30,Zaid,Medium,0
Banana,Salem,56.96,147.8,5,22,2024,2024-05-30,Zaid,Low,1
Tomato,Chennai,35.14,786.8,5,22,2024,2024-05-31,Zaid,Medium,0
Banana,Chennai,50.18,248.3,5,22,2024,2024-05-31,Zaid,Medium,1
Potato,Erode,26.65,702.6,6,22,2024,2024-06-01,Kharif,Medium,0
Coconut,Trichy,27.02,520.8,6,22,2024,2024-06-01,Kharif,Medium,0
Tomato,Erode,35.88,619.9,6,22,2024,2024-06-02,Kharif,Medium,0
Sugarcane,Chennai,4.21,594.3,6,22,2024,2024-06-02,Kharif,Medium,0
Sugarcane,Salem,3.99,515.4,6,23,2024,2024-06-03,Kharif,Medium,0
Lady Finger,Tirunelveli,47.84,750.2,6,23,2024,2024-06-03,Kharif,Medium,1
Banana,Erode,54.09,354.9,6,23,2024,2024-06-04,Kharif,Low,1
Cotton,Trichy,58.01,399.8,6,23,2024,2024-06-05,Kharif,Medium,0
Sugarcane,Thanjavur,3.99,651.4,6,23,2024,2024-06-05,Kharif,Medium,0
Brinjal,Thanjavur,26.82,599.0,6,23,2024,2024-06-06,Kharif,Medium,0
Sugarcane,Erode,3.61,420.9,6,23,2024,2024-06-06,Kharif,Medium,0
Potato,Dindigul,27.85,442.3,6,23,2024,2024-06-06,Kharif,Medium,0
Lady Finger,Vellore,52.56,543.1,6,23,2024,2024-06-07,Kharif,Low,1
Sugarcane,Dindigul,4.02,339.9,6,23,2024,2024-06-07,Kharif,Medium,0
Brinjal,Salem,31.46,547.5,6,23,2024,2024-06-07,Kharif,Medium,0
Sugarcane,Madurai,4.07,926.0,6,23,2024,2024-06-07,Kharif,Medium,0
Sugarcane,Coimbatore,3.59,541.8,6,23,2024,2024-06-07,Kharif,Medium,0
Banana,Coimbatore,58.6,564.9,6,23,2024,2024-06-07,Kharif,Low,1
Potato,Vellore,25.49,557.2,6,23,2024,2024-06-07,Kharif,Medium,0
Groundnut,Thanjavur,64.89,547.7,6,23,2024,2024-06-08,Kharif,Medium,0
Rice,Vellore,36.08,675.9,6,23,2024,2024-06-08,Kharif,Medium,0
Carrot,Chennai,55.21,462.5,6,23,2024,2024-06-08,Kharif,Medium,0
Coconut,Dindigul,29.09,473.8,6,23,2024,2024-06-09,Kharif,Medium,0
Carrot,Trichy,49.79,399.8,6,23,2024,2024-06-09,Kharif,Medium,0
Cauliflower,Dindigul,36.97,405.1,6,24,2024,2024-06-10,Kharif,Medium,0
Sugarcane,Thanjavur,3.81,482.7,6,24,2024,2024-06-10,Kharif,Medium,0
Carrot,Tirunelveli,44.34,397.3,6,24,2024,2024-06-10,Kharif,High,0
Sugarcane,Trichy,3.62,541.4,6,24,2024,2024-06-10,Kharif,Medium,0
Potato,Dindigul,26.24,485.5,6,24,2024,2024-06-11,Kharif,Medium,0
Rice,Trichy,38.98,541.1,6,24,2024,2024-06-11,Kharif,Medium,0
Banana,Vellore,57.77,406.0,6,24,2024,2024-06-11,Kharif,Low,1
Coconut,Coimbatore,33.15,455.9,6,24,2024,2024-06-12,Kharif,Medium,0
Brinjal,Thanjavur,26.68,556.5,6,24,2024,2024-06-12,Kharif,Medium,0
Sugarcane,Erode,3.78,410.5,6,24,2024,2024-06-12,Kharif,Medium,0
Sugarcane,Erode,3.35,526.3,6,24,2024,2024-06-12,Kharif,High,0
Groundnut,Chennai,77.37,513.2,6,24,2024,2024-06-12,Kharif,Medium,0
Cotton,Vellore,56.48,662.7,6,24,2024,2024-06-13,Kharif,Medium,0
Coconut,Thanjavur,25.96,389.3,6,24,2024,2024-06-13,Kharif,Medium,0
Potato,Tirunelveli,24.27,630.9,6,24,2024,2024-06-13,Kharif,Medium,0
Cauliflower,Thanjavur,34.15,621.1,6,24,2024,2024-06-14,Kharif,Medium,0
Banana,Erode,56.84,262.0,6,24,2024,2024-06-14,Kharif,Low,1
Onion,Madurai,29.25,648.1,6,24,2024,2024-06-15,Kharif,High,0
Lady Finger,Erode,56.24,343.3,6,24,2024,2024-06-15,Kharif,Low,1
Lady Finger,Salem,58.83,511.3,6,24,2024,2024-06-15,Kharif,Low,1
Onion,Trichy,29.36,533.7,6,24,2024,2024-06-15,Kharif,High,0
Tomato,Tirunelveli,35.65,555.7,6,24,2024,2024-06-16,Kharif,Medium,0
Brinjal,Vellore,27.14,378.6,6,24,2024,2024-06-16,Kharif,Medium,0
Onion,Tirunelveli,33.77,585.4,6,24,2024,2024-06-16,Kharif,Medium,0
Banana,Madurai,54.31,273.3,6,24,2024,2024-06-16,Kharif,Low,1
Coconut,Vellore,25.23,477.2,6,24,2024,2024-06-16,Kharif,High,0
Banana,Madurai,57.17,295.0,6,24,2024,2024-06-16,Kharif,Low,1
Cauliflower,Trichy,34.91,626.0,6,24,2024,2024-06-16,Kharif,Medium,0
Tomato,Madurai,40.89,587.6,6,25,2024,2024-06-17,Kharif,Medium,0
Brinjal,Madurai,28.7,538.9,6,25,2024,2024-06-17,Kharif,Medium,0
Cotton,Coimbatore,53.56,421.8,6,25,2024,2024-06-17,Kharif,Medium,0
Lady Finger,Vellore,61.98,383.8,6,25,2024,2024-06-17,Kharif,Low,1
Rice,Erode,29.3,735.9,6,25,2024,2024-06-18,Kharif,High,0
Cabbage,Salem,18.76,482.6,6,25,2024,2024-06-18,Kharif,Medium,0
Tomato,Trichy,32.33,611.1,6,25,2024,2024-06-19,Kharif,High,0
Brinjal,Chennai,25.19,711.3,6,25,2024,2024-06-19,Kharif,High,0
Cauliflower,Tirunelveli,31.22,458.8,6,25,2024,2024-06-19,Kharif,Medium,0
Tomato,Madurai,35.98,566.7,6,25,2024,2024-06-19,Kharif,Medium,0
Carrot,Madurai,50.88,652.0,6,25,2024,2024-06-19,Kharif,Medium,0
Potato,Trichy,28.5,470.8,6,25,2024,2024-06-20,Kharif,Medium,0
Groundnut,Vellore,69.0,666.8,6,25,2024,2024-06-20,Kharif,Medium,0
Carrot,Madurai,51.16,307.1,6,25,2024,2024-06-20,Kharif,Medium,0
Cauliflower,Tirunelveli,34.97,523.6,6,25,2024,2024-06-21,Kharif,Medium,0
Chilli,Dindigul,111.49,751.5,6,25,2024,2024-06-21,Kharif,Medium,0
Cauliflower,Tirunelveli,30.73,701.3,6,25,2024,2024-06-21,Kharif,Medium,0
Banana,Madurai,53.71,353.9,6,25,2024,2024-06-21,Kharif,Low,1
Cabbage,Chennai,17.15,509.4,6,25,2024,2024-06-22,Kharif,Medium,0
Onion,Madurai,37.55,379.8,6,25,2024,2024-06-22,Kharif,Medium,0
Cabbage,Thanjavur,17.45,534.0,6,25,2024,2024-06-23,Kharif,Medium,0
Banana,Madurai,59.65,254.0,6,25,2024,2024-06-23,Kharif,Low,1
Carrot,Coimbatore,51.2,326.0,6,25,2024,2024-06-23,Kharif,Medium,0
Lady Finger,Salem,60.06,159.8,6,26,2024,2024-06-24,Kharif,Low,1
Brinjal,Trichy,28.95,790.8,6,26,2024,2024-06-24,Kharif,Medium,0
Chilli,Madurai,112.38,731.2,6,26,2024,2024-06-24,Kharif,Medium,0
Sugarcane,Tirunelveli,3.56,501.6,6,26,2024,2024-06-25,Kharif,Medium,0
Chilli,Chennai,104.74,461.6,6,26,2024,2024-06-25,Kharif,Medium,0
Potato,Trichy,30.67,431.5,6,26,2024,2024-06-26,Kharif,Medium,0
Groundnut,Trichy,75.43,655.6,6,26,2024,2024-06-26,Kharif,Medium,0
Onion,Coimbatore,30.59,643.0,6,26,2024,2024-06-27,Kharif,Medium,0
Cauliflower,Dindigul,30.7,766.5,6,26,2024,2024-06-27,Kharif,Medium,0
Cabbage,Madurai,18.47,548.2,6,26,2024,2024-06-27,Kharif,Medium,0
Cauliflower,Coimbatore,28.07,527.1,6,26,2024,2024-06-27,Kharif,High,0
Cabbage,Thanjavur,17.12,607.0,6,26,2024,2024-06-27,Kharif,Medium,0
Groundnut,Vellore,78.66,517.2,6,26,2024,2024-06-28,Kharif,Medium,0
Sugarcane,Trichy,3.66,497.6,6,26,2024,2024-06-28,Kharif,Medium,0
Onion,Salem,31.57,578.0,6,26,2024,2024-06-28,Kharif,Medium,0
Brinjal,Dindigul,26.84,124.8,6,26,2024,2024-06-28,Kharif,Medium,0
Sugarcane,Salem,3.91,481.4,6,26,2024,2024-06-28,Kharif,Medium,0
Rice,Dindigul,34.61,411.1,6,26,2024,2024-06-28,Kharif,Medium,0
Cauliflower,Salem,34.5,406.4,6,26,2024,2024-06-29,Kharif,Medium,0
Tomato,Dindigul,35.46,456.9,6,26,2024,2024-06-29,Kharif,Medium,0
Chilli,Salem,117.2,842.0,6,26,2024,2024-06-29,Kharif,Medium,0
Sugarcane,Dindigul,3.65,491.6,6,26,2024,2024-06-29,Kharif,Medium,0
Coconut,Thanjavur,26.55,541.3,6,26,2024,2024-06-30,Kharif,Medium,0
Carrot,Salem,54.99,621.0,7,27,2024,2024-07-01,Kharif,Medium,0
Coconut,Vellore,28.32,548.7,7,27,2024,2024-07-01,Kharif,Medium,0
Tomato,Tirunelveli,36.26,612.1,7,27,2024,2024-07-01,Kharif,Medium,0
Chilli,Madurai,118.63,311.4,7,27,2024,2024-07-01,Kharif,Medium,0
Lady Finger,Thanjavur,60.88,288.9,7,27,2024,2024-07-01,Kharif,Low,1
Cabbage,Thanjavur,19.65,838.6,7,27,2024,2024-07-02,Kharif,Medium,0
Carrot,Trichy,50.92,504.2,7,27,2024,2024-07-02,Kharif,Medium,0
Carrot,Tirunelveli,43.71,610.7,7,27,2024,2024-07-02,Kharif,High,0
Carrot,Salem,54.36,658.9,7,27,2024,2024-07-02,Kharif,Medium,0
Brinjal,Dindigul,36.51,656.5,7,27,2024,2024-07-02,Kharif,Low,1
Banana,Trichy,40.19,533.9,7,27,2024,2024-07-02,Kharif,Medium,0
Banana,Trichy,45.15,602.9,7,27,2024,2024-07-02,Kharif,Medium,0
Carrot,Chennai,53.19,531.1,7,27,2024,2024-07-03,Kharif,Medium,0
Coconut,Vellore,28.15,418.3,7,27,2024,2024-07-03,Kharif,Medium,0
Carrot,Dindigul,53.1,699.0,7,27,2024,2024-07-04,Kharif,Medium,0
Chilli,Erode,89.6,292.6,7,27,2024,2024-07-05,Kharif,High,0
Sugarcane,Erode,3.92,531.8,7,27,2024,2024-07-06,Kharif,Medium,0
Chilli,Vellore,98.89,645.1,7,27,2024,2024-07-07,Kharif,High,0
Cauliflower,Tirunelveli,35.04,357.0,7,27,2024,2024-07-07,Kharif,Medium,0
Coconut,Vellore,30.85,405.8,7,27,2024,2024-07-07,Kharif,Medium,0
Carrot,Trichy,49.35,617.5,7,28,2024,2024-07-08,Kharif,Medium,0
Potato,Tirunelveli,28.33,409.2,7,28,2024,2024-07-08,Kharif,Medium,0
Coconut,Thanjavur,27.44,483.3,7,28,2024,2024-07-09,Kharif,Medium,0
Cauliflower,Coimbatore,32.36,781.5,7,28,2024,2024-07-09,Kharif,Medium,0
Coconut,Erode,26.69,684.8,7,28,2024,2024-07-10,Kharif,Medium,0
Chilli,Coimbatore,106.39,599.6,7,28,2024,2024-07-10,Kharif,Medium,0
Cabbage,Coimbatore,19.92,437.4,7,28,2024,2024-07-10,Kharif,Medium,0
Cabbage,Chennai,16.23,434.3,7,28,2024,2024-07-10,Kharif,High,0
Cotton,Chennai,56.64,715.4,7,28,2024,2024-07-10,Kharif,Medium,0
Groundnut,Thanjavur,65.79,441.3,7,28,2024,2024-07-10,Kharif,Medium,0
Coconut,Coimbatore,29.46,737.3,7,28,2024,2024-07-10,Kharif,Medium,0
Coconut,Trichy,28.33,723.9,7,28,2024,2024-07-11,Kharif,Medium,0
Lady Finger,Chennai,56.22,323.3,7,28,2024,2024-07-11,Kharif,Low,1
Rice,Dindigul,36.14,721.4,7,28,2024,2024-07-12,Kharif,Medium,0
Chilli,Tirunelveli,113.17,535.9,7,28,2024,2024-07-12,Kharif,Medium,0
Cauliflower,Salem,32.59,449.5,7,28,2024,2024-07-12,Kharif,Medium,0
Groundnut,Vellore,66.13,563.9,7,28,2024,2024-07-12,Kharif,Medium,0
Cauliflower,Thanjavur,31.25,381.3,7,28,2024,2024-07-13,Kharif,Medium,0
Carrot,Coimbatore,49.86,394.5,7,28,2024,2024-07-14,Kharif,Medium,0
Chilli,Salem,113.48,494.5,7,28,2024,2024-07-14,Kharif,Medium,0
Cauliflower,Salem,32.42,423.0,7,28,2024,2024-07-14,Kharif,Medium,0
Tomato,Chennai,38.88,113.4,7,28,2024,2024-07-14,Kharif,Medium,0
Brinjal,Vellore,37.58,465.8,7,29,2024,2024-07-15,Kharif,Low,1
Brinjal,Coimbatore,35.99,376.7,7,29,2024,2024-07-15,Kharif,Low,1
Banana,Dindigul,40.84,425.8,7,29,2024,2024-07-15,Kharif,Medium,0
Coconut,Madurai,26.54,677.3,7,29,2024,2024-07-16,Kharif,Medium,0
Brinjal,Thanjavur,35.0,348.6,7,29,2024,2024-07-16,Kharif,Low,1
Tomato,Dindigul,35.07,396.6,7,29,2024,2024-07-16,Kharif,Medium,0
Groundnut,Trichy,77.58,116.2,7,29,2024,2024-07-17,Kharif,Medium,0
Potato,Vellore,24.5,548.3,7,29,2024,2024-07-17,Kharif,Medium,0
Carrot,Chennai,54.17,640.7,7,29,2024,2024-07-17,Kharif,Medium,0
Carrot,Chennai,52.82,570.1,7,29,2024,2024-07-17,Kharif,Medium,0
Chilli,Dindigul,109.96,557.4,7,29,2024,2024-07-17,Kharif,Medium,0
Brinjal,Chennai,39.1,404.0,7,29,2024,2024-07-17,Kharif,Low,1
Groundnut,Vellore,65.73,625.5,7,29,2024,2024-07-17,Kharif,Medium,0
Groundnut,Tirunelveli,75.07,706.1,7,29,2024,2024-07-18,Kharif,Medium,0
Tomato,Madurai,31.37,909.8,7,29,2024,2024-07-18,Kharif,High,0
Coconut,Chennai,27.34,450.5,7,29,2024,2024-07-18,Kharif,Medium,0
Potato,Tirunelveli,26.97,500.2,7,29,2024,2024-07-18,Kharif,Medium,0
Cabbage,Erode,19.33,362.4,7,29,2024,2024-07-18,Kharif,Medium,0
Banana,Thanjavur,43.85,440.2,7,29,2024,2024-07-18,Kharif,Medium,0
Potato,Coimbatore,23.98,640.3,7,29,2024,2024-07-19,Kharif,Medium,0
Carrot,Madurai,53.05,651.1,7,29,2024,2024-07-19,Kharif,Medium,0
Rice,Vellore,33.99,530.3,7,29,2024,2024-07-19,Kharif,Medium,0
Carrot,Salem,52.84,710.8,7,29,2024,2024-07-20,Kharif,Medium,0
Groundnut,Trichy,71.36,717.9,7,29,2024,2024-07-20,Kharif,Medium,0
Cauliflower,Vellore,32.73,509.7,7,29,2024,2024-07-20,Kharif,Medium,0
Onion,Tirunelveli,30.12,532.4,7,29,2024,2024-07-20,Kharif,Medium,0
Rice,Dindigul,34.59,630.9,7,29,2024,2024-07-20,Kharif,Medium,0
Chilli,Salem,108.81,257.3,7,29,2024,2024-07-20,Kharif,Medium,0
Carrot,Salem,46.87,564.0,7,29,2024,2024-07-20,Kharif,Medium,0
Groundnut,Erode,74.46,493.9,7,29,2024,2024-07-20,Kharif,Medium,0
Groundnut,Salem,73.61,541.4,7,29,2024,2024-07-20,Kharif,Medium,0
Onion,Erode,37.04,619.6,7,29,2024,2024-07-21,Kharif,Medium,0
Banana,Vellore,43.24,463.9,7,29,2024,2024-07-21,Kharif,Medium,0
Cabbage,Coimbatore,18.18,561.8,7,29,2024,2024-07-21,Kharif,Medium,0
Onion,Salem,27.63,614.0,7,29,2024,2024-07-21,Kharif,High,0
Potato,Vellore,28.31,459.8,7,29,2024,2024-07-21,Kharif,Medium,0
Brinjal,Coimbatore,40.15,441.2,7,30,2024,2024-07-22,Kharif,Low,1
Rice,Thanjavur,31.57,762.5,7,30,2024,2024-07-22,Kharif,Medium,0
Potato,Tirunelveli,29.33,694.6,7,30,2024,2024-07-22,Kharif,Medium,0
Banana,Trichy,43.11,618.8,7,30,2024,2024-07-22,Kharif,Medium,0
Chilli,Trichy,102.1,563.4,7,30,2024,2024-07-22,Kharif,Medium,0
Cabbage,Coimbatore,17.78,470.8,7,30,2024,2024-07-23,Kharif,Medium,0
Cauliflower,Coimbatore,31.66,269.9,7,30,2024,2024-07-23,Kharif,Medium,0
Rice,Chennai,30.8,505.5,7,30,2024,2024-07-23,Kharif,Medium,0
Onion,Erode,31.86,749.2,7,30,2024,2024-07-24,Kharif,Medium,0
Carrot,Dindigul,49.84,284.7,7,30,2024,2024-07-24,Kharif,Medium,0
Coconut,Salem,28.88,456.5,7,30,2024,2024-07-24,Kharif,Medium,0
Groundnut,Trichy,69.82,344.7,7,30,2024,2024-07-24,Kharif,Medium,0
Tomato,Erode,35.08,625.9,7,30,2024,2024-07-25,Kharif,Medium,0
Cotton,Erode,57.0,342.3,7,30,2024,2024-07-25,Kharif,Medium,0
Tomato,Trichy,36.73,648.2,7,30,2024,2024-07-25,Kharif,Medium,0
Cabbage,Madurai,16.31,444.9,7,30,2024,2024-07-25,Kharif,High,0
Coconut,Dindigul,29.04,250.9,7,30,2024,2024-07-25,Kharif,Medium,0
Coconut,Trichy,29.42,609.3,7,30,2024,2024-07-25,Kharif,Medium,0
Brinjal,Vellore,40.97,302.1,7,30,2024,2024-07-26,Kharif,Low,1
Lady Finger,Erode,58.62,493.0,7,30,2024,2024-07-26,Kharif,Low,1
Cabbage,Trichy,21.02,655.2,7,30,2024,2024-07-26,Kharif,Medium,0
Sugarcane,Tirunelveli,3.97,385.7,7,30,2024,2024-07-26,Kharif,Medium,0
Groundnut,Vellore,75.11,584.5,7,30,2024,2024-07-27,Kharif,Medium,0
Coconut,Thanjavur,29.47,814.2,7,30,2024,2024-07-27,Kharif,Medium,0
Tomato,Coimbatore,39.42,774.7,7,30,2024,2024-07-27,Kharif,Medium,0
Cauliflower,Madurai,31.76,719.2,7,30,2024,2024-07-28,Kharif,Medium,0
Cotton,Vellore,61.27,561.9,7,30,2024,2024-07-28,Kharif,Medium,0
Cauliflower,Tirunelveli,33.55,524.0,7,30,2024,2024-07-28,Kharif,Medium,0
Cabbage,Erode,20.09,589.3,7,30,2024,2024-07-28,Kharif,Medium,0
Groundnut,Salem,70.51,524.1,7,30,2024,2024-07-28,Kharif,Medium,0
Chilli,Tirunelveli,115.1,382.5,7,31,2024,2024-07-29,Kharif,Medium,0
Banana,Chennai,38.2,603.1,7,31,2024,2024-07-29,Kharif,High,0
Sugarcane,Chennai,3.93,504.5,7,31,2024,2024-07-29,Kharif,Medium,0
Potato,Chennai,26.0,557.7,7,31,2024,2024-07-29,Kharif,Medium,0
Chilli,Madurai,117.81,511.1,7,31,2024,2024-07-30,Kharif,Medium,0
Onion,Chennai,34.54,597.5,7,31,2024,2024-07-31,Kharif,Medium,0
Onion,Thanjavur,34.57,599.6,7,31,2024,2024-07-31,Kharif,Medium,0
Cotton,Thanjavur,53.72,684.2,7,31,2024,2024-07-31,Kharif,Medium,0
Rice,Salem,32.53,808.0,7,31,2024,2024-07-31,Kharif,Medium,0
Tomato,Coimbatore,37.76,704.8,7,31,2024,2024-07-31,Kharif,Medium,0
Potato,Erode,28.93,731.8,7,31,2024,2024-07-31,Kharif,Medium,0
Rice,Chennai,47.33,326.7,8,31,2024,2024-08-01,Kharif,Low,1
Sugarcane,Erode,3.55,615.4,8,31,2024,2024-08-01,Kharif,Medium,0
Tomato,Thanjavur,39.82,535.3,8,31,2024,2024-08-01,Kharif,Medium,0
Cabbage,Thanjavur,18.22,865.1,8,31,2024,2024-08-02,Kharif,Medium,0
Chilli,Erode,126.88,428.1,8,31,2024,2024-08-02,Kharif,Medium,0
Cotton,Trichy,58.09,571.9,8,31,2024,2024-08-02,Kharif,Medium,0
Groundnut,Tirunelveli,70.76,788.6,8,31,2024,2024-08-02,Kharif,Medium,0
Cabbage,Coimbatore,18.52,187.2,8,31,2024,2024-08-03,Kharif,Medium,0
Potato,Thanjavur,28.21,646.0,8,31,2024,2024-08-04,Kharif,Medium,0
Cabbage,Thanjavur,18.53,612.9,8,31,2024,2024-08-04,Kharif,Medium,0
Groundnut,Chennai,75.69,563.1,8,32,2024,2024-08-05,Kharif,Medium,0
Rice,Vellore,45.13,447.4,8,32,2024,2024-08-05,Kharif,Low,1
Cauliflower,Vellore,28.49,753.0,8,32,2024,2024-08-05,Kharif,High,0
Tomato,Coimbatore,40.19,499.7,8,32,2024,2024-08-05,Kharif,Medium,0
Chilli,Tirunelveli,108.69,791.4,8,32,2024,2024-08-06,Kharif,Medium,0
Lady Finger,Chennai,56.71,206.5,8,32,2024,2024-08-06,Kharif,Low,1
Cabbage,Madurai,16.74,424.8,8,32,2024,2024-08-06,Kharif,High,0
Carrot,Dindigul,55.19,674.3,8,32,2024,2024-08-06,Kharif,Medium,0
Onion,Trichy,30.88,548.2,8,32,2024,2024-08-07,Kharif,Medium,0
Lady Finger,Madurai,58.87,442.0,8,32,2024,2024-08-07,Kharif,Low,1
Lady Finger,Vellore,48.16,381.9,8,32,2024,2024-08-07,Kharif,Medium,1
Cotton,Coimbatore,62.4,344.7,8,32,2024,2024-08-07,Kharif,Medium,0
Cotton,Erode,60.87,240.2,8,32,2024,2024-08-08,Kharif,Medium,0
Banana,Trichy,50.98,532.3,8,32,2024,2024-08-08,Kharif,Medium,0
Brinjal,Thanjavur,34.54,436.6,8,32,2024,2024-08-08,Kharif,Low,1
Tomato,Madurai,36.4,610.6,8,32,2024,2024-08-08,Kharif,Medium,0
Cotton,Trichy,53.96,574.9,8,32,2024,2024-08-08,Kharif,Medium,0
Sugarcane,Coimbatore,4.37,625.3,8,32,2024,2024-08-08,Kharif,Medium,0
Groundnut,Erode,74.54,792.6,8,32,2024,2024-08-09,Kharif,Medium,0
Groundnut,Coimbatore,72.42,374.3,8,32,2024,2024-08-09,Kharif,Medium,0
Potato,Thanjavur,26.64,718.9,8,32,2024,2024-08-09,Kharif,Medium,0
Cotton,Erode,56.45,406.1,8,32,2024,2024-08-10,Kharif,Medium,0
Brinjal,Thanjavur,38.43,379.1,8,32,2024,2024-08-10,Kharif,Low,1
Groundnut,Coimbatore,59.97,449.5,8,32,2024,2024-08-10,Kharif,High,0
Coconut,Chennai,27.16,712.7,8,32,2024,2024-08-10,Kharif,Medium,0
Coconut,Vellore,27.73,494.2,8,32,2024,2024-08-10,Kharif,Medium,0
Coconut,Coimbatore,27.78,840.3,8,32,2024,2024-08-11,Kharif,Medium,0
Cauliflower,Erode,31.26,557.3,8,33,2024,2024-08-12,Kharif,Medium,0
Onion,Vellore,33.23,543.1,8,33,2024,2024-08-12,Kharif,Medium,0
Cauliflower,Madurai,30.8,520.3,8,33,2024,2024-08-13,Kharif,Medium,0
Onion,Thanjavur,30.9,222.4,8,33,2024,2024-08-13,Kharif,Medium,0
Chilli,Tirunelveli,122.41,356.6,8,33,2024,2024-08-13,Kharif,Medium,0
Rice,Salem,43.7,612.3,8,33,2024,2024-08-13,Kharif,Low,1
Cabbage,Thanjavur,18.08,464.5,8,33,2024,2024-08-14,Kharif,Medium,0
Lady Finger,Trichy,49.11,484.6,8,33,2024,2024-08-14,Kharif,Medium,1
Groundnut,Tirunelveli,73.94,539.6,8,33,2024,2024-08-14,Kharif,Medium,0
Cabbage,Erode,18.31,752.8,8,33,2024,2024-08-14,Kharif,Medium,0
Cauliflower,Vellore,32.74,734.2,8,33,2024,2024-08-16,Kharif,Medium,0
Brinjal,Coimbatore,31.11,356.2,8,33,2024,2024-08-16,Kharif,Medium,1
Coconut,Salem,32.01,335.1,8,33,2024,2024-08-16,Kharif,Medium,0
Cauliflower,Vellore,36.84,425.9,8,33,2024,2024-08-17,Kharif,Medium,0
Carrot,Thanjavur,54.07,833.3,8,33,2024,2024-08-17,Kharif,Medium,0
Brinjal,Coimbatore,38.84,523.8,8,33,2024,2024-08-17,Kharif,Low,1
Lady Finger,Dindigul,58.47,629.8,8,33,2024,2024-08-18,Kharif,Low,1
Brinjal,Coimbatore,31.99,244.2,8,33,2024,2024-08-18,Kharif,Medium,1
Brinjal,Thanjavur,39.24,387.0,8,33,2024,2024-08-18,Kharif,Low,1
Cotton,Chennai,58.78,405.5,8,33,2024,2024-08-18,Kharif,Medium,0
Cotton,Madurai,57.49,378.0,8,34,2024,2024-08-20,Kharif,Medium,0
Tomato,Coimbatore,40.87,394.7,8,34,2024,2024-08-20,Kharif,Medium,0
Brinjal,Dindigul,39.28,580.1,8,34,2024,2024-08-20,Kharif,Low,1
Lady Finger,Madurai,53.63,348.9,8,34,2024,2024-08-20,Kharif,Low,1
Sugarcane,Trichy,4.39,428.3,8,34,2024,2024-08-20,Kharif,Medium,0
Tomato,Madurai,33.98,299.4,8,34,2024,2024-08-21,Kharif,High,0
Sugarcane,Coimbatore,3.88,578.1,8,34,2024,2024-08-21,Kharif,Medium,0
Brinjal,Coimbatore,38.06,461.6,8,34,2024,2024-08-21,Kharif,Low,1
Cabbage,Coimbatore,18.84,306.6,8,34,2024,2024-08-21,Kharif,Medium,0
Cabbage,Chennai,18.28,801.7,8,34,2024,2024-08-21,Kharif,Medium,0
Banana,Erode,45.63,409.0,8,34,2024,2024-08-21,Kharif,Medium,0
Potato,Chennai,25.83,779.4,8,34,2024,2024-08-22,Kharif,Medium,0
Groundnut,Thanjavur,66.43,460.7,8,34,2024,2024-08-22,Kharif,Medium,0
Groundnut,Madurai,71.76,857.2,8,34,2024,2024-08-22,Kharif,Medium,0
Onion,Trichy,32.0,454.5,8,34,2024,2024-08-22,Kharif,Medium,0
Chilli,Salem,102.51,623.5,8,34,2024,2024-08-22,Kharif,Medium,0
Cotton,Tirunelveli,55.32,669.4,8,34,2024,2024-08-22,Kharif,Medium,0
Banana,Coimbatore,46.01,468.3,8,34,2024,2024-08-22,Kharif,Medium,0
Coconut,Salem,26.35,528.5,8,34,2024,2024-08-23,Kharif,Medium,0
Lady Finger,Dindigul,48.53,539.4,8,34,2024,2024-08-23,Kharif,Medium,1
Coconut,Chennai,30.02,669.3,8,34,2024,2024-08-23,Kharif,Medium,0
Rice,Trichy,42.45,261.0,8,34,2024,2024-08-23,Kharif,Low,1
Cabbage,Madurai,17.97,660.2,8,34,2024,2024-08-23,Kharif,Medium,0
Brinjal,Erode,39.47,480.6,8,34,2024,2024-08-23,Kharif,Low,1
Tomato,Coimbatore,32.27,637.8,8,34,2024,2024-08-24,Kharif,High,0
Tomato,Trichy,38.53,397.3,8,34,2024,2024-08-25,Kharif,Medium,0
Cabbage,Erode,15.51,297.4,8,34,2024,2024-08-25,Kharif,High,0
Carrot,Coimbatore,49.73,528.5,8,34,2024,2024-08-25,Kharif,Medium,0
Coconut,Vellore,27.16,224.9,8,34,2024,2024-08-25,Kharif,Medium,0
Potato,Madurai,29.98,460.9,8,35,2024,2024-08-26,Kharif,Medium,0
Tomato,Vellore,31.02,456.6,8,35,2024,2024-08-26,Kharif,High,0
Coconut,Salem,28.09,742.0,8,35,2024,2024-08-26,Kharif,Medium,0
Banana,Coimbatore,46.97,701.8,8,35,2024,2024-08-27,Kharif,Medium,0
Rice,Coimbatore,43.17,631.7,8,35,2024,2024-08-27,Kharif,Low,1
Banana,Tirunelveli,40.2,504.3,8,35,2024,2024-08-27,Kharif,Medium,0
Cauliflower,Erode,30.23,682.8,8,35,2024,2024-08-27,Kharif,Medium,0
Potato,Thanjavur,28.04,394.8,8,35,2024,2024-08-27,Kharif,Medium,0
Rice,Thanjavur,42.55,320.5,8,35,2024,2024-08-27,Kharif,Low,1
Onion,Coimbatore,34.33,468.2,8,35,2024,2024-08-27,Kharif,Medium,0
Rice,Chennai,43.68,351.8,8,35,2024,2024-08-27,Kharif,Low,1
Groundnut,Thanjavur,72.31,375.1,8,35,2024,2024-08-27,Kharif,Medium,0
Chilli,Thanjavur,117.31,666.5,8,35,2024,2024-08-28,Kharif,Medium,0
Onion,Vellore,29.37,641.4,8,35,2024,2024-08-28,Kharif,High,0
Brinjal,Erode,40.15,522.5,8,35,2024,2024-08-28,Kharif,Low,1
Tomato,Chennai,38.33,746.1,8,35,2024,2024-08-28,Kharif,Medium,0
Chilli,Trichy,112.49,223.6,8,35,2024,2024-08-28,Kharif,Medium,0
Groundnut,Tirunelveli,74.77,577.6,8,35,2024,2024-08-29,Kharif,Medium,0
Chilli,Trichy,111.67,527.7,8,35,2024,2024-08-29,Kharif,Medium,0
Lady Finger,Trichy,51.77,521.7,8,35,2024,2024-08-29,Kharif,Low,1
Lady Finger,Tirunelveli,58.3,395.6,8,35,2024,2024-08-30,Kharif,Low,1
Carrot,Trichy,52.21,511.0,8,35,2024,2024-08-30,Kharif,Medium,0
Rice,Madurai,44.74,320.8,8,35,2024,2024-08-30,Kharif,Low,1
Cauliflower,Madurai,30.7,376.9,8,35,2024,2024-08-30,Kharif,Medium,0
Cotton,Thanjavur,51.03,252.3,8,35,2024,2024-08-31,Kharif,Medium,0
Rice,Dindigul,39.54,254.6,8,35,2024,2024-08-31,Kharif,Medium,1
Rice,Chennai,44.57,495.8,8,35,2024,2024-08-31,Kharif,Low,1
Cabbage,Coimbatore,19.48,473.0,9,35,2024,2024-09-01,Kharif,Medium,0
Lady Finger,Salem,46.66,431.1,9,35,2024,2024-09-01,Kharif,Medium,0
Cauliflower,Madurai,39.16,669.2,9,36,2024,2024-09-02,Kharif,Medium,0
Onion,Coimbatore,34.56,643.8,9,36,2024,2024-09-02,Kharif,Medium,0
Cauliflower,Salem,30.9,714.3,9,36,2024,2024-09-02,Kharif,Medium,0
Brinjal,Vellore,32.33,720.1,9,36,2024,2024-09-02,Kharif,Medium,1
Cabbage,Trichy,18.95,136.2,9,36,2024,2024-09-02,Kharif,Medium,0
Lady Finger,Madurai,45.88,511.1,9,36,2024,2024-09-02,Kharif,Medium,0
Brinjal,Tirunelveli,36.85,391.4,9,36,2024,2024-09-02,Kharif,Low,1
Cauliflower,Dindigul,32.08,456.2,9,36,2024,2024-09-03,Kharif,Medium,0
Carrot,Tirunelveli,51.42,477.0,9,36,2024,2024-09-03,Kharif,Medium,0
Carrot,Coimbatore,55.52,296.8,9,36,2024,2024-09-03,Kharif,Medium,0
Tomato,Dindigul,35.17,555.6,9,36,2024,2024-09-03,Kharif,Medium,0
Carrot,Tirunelveli,49.23,476.1,9,36,2024,2024-09-03,Kharif,Medium,0
Coconut,Erode,29.2,353.8,9,36,2024,2024-09-04,Kharif,Medium,0
Tomato,Erode,41.4,637.0,9,36,2024,2024-09-04,Kharif,Medium,0
Potato,Trichy,26.1,778.1,9,36,2024,2024-09-04,Kharif,Medium,0
Tomato,Thanjavur,37.8,882.8,9,36,2024,2024-09-05,Kharif,Medium,0
Chilli,Tirunelveli,115.67,149.6,9,36,2024,2024-09-05,Kharif,Medium,0
Rice,Dindigul,43.48,350.5,9,36,2024,2024-09-05,Kharif,Low,1
Tomato,Trichy,39.34,597.8,9,36,2024,2024-09-05,Kharif,Medium,0
Groundnut,Erode,69.82,830.5,9,36,2024,2024-09-06,Kharif,Medium,0
Lady Finger,Tirunelveli,43.14,434.9,9,36,2024,2024-09-06,Kharif,Medium,0
Sugarcane,Erode,3.52,554.2,9,36,2024,2024-09-06,Kharif,Medium,0
Cabbage,Dindigul,16.72,819.3,9,36,2024,2024-09-06,Kharif,High,0
Banana,Erode,43.48,503.4,9,36,2024,2024-09-07,Kharif,Medium,0
Cauliflower,Thanjavur,31.04,287.0,9,36,2024,2024-09-07,Kharif,Medium,0
Sugarcane,Coimbatore,3.92,782.2,9,36,2024,2024-09-07,Kharif,Medium,0
Coconut,Salem,29.08,488.3,9,36,2024,2024-09-08,Kharif,Medium,0
Brinjal,Dindigul,39.39,313.3,9,36,2024,2024-09-08,Kharif,Low,1
Chilli,Madurai,103.59,811.1,9,36,2024,2024-09-08,Kharif,Medium,0
Lady Finger,Salem,44.35,567.9,9,36,2024,2024-09-08,Kharif,Medium,0
Chilli,Tirunelveli,111.58,654.7,9,36,2024,2024-09-08,Kharif,Medium,0
Coconut,Erode,29.59,342.8,9,36,2024,2024-09-08,Kharif,Medium,0
Cauliflower,Thanjavur,29.97,605.7,9,36,2024,2024-09-08,Kharif,Medium,0
Coconut,Vellore,30.05,411.9,9,37,2024,2024-09-09,Kharif,Medium,0
Groundnut,Vellore,62.71,565.6,9,37,2024,2024-09-09,Kharif,High,0
Cabbage,Dindigul,17.09,486.1,9,37,2024,2024-09-10,Kharif,Medium,0
Lady Finger,Dindigul,40.39,406.6,9,37,2024,2024-09-11,Kharif,Medium,0
Rice,Trichy,40.86,724.0,9,37,2024,2024-09-12,Kharif,Low,1
Groundnut,Erode,71.99,647.8,9,37,2024,2024-09-12,Kharif,Medium,0
Chilli,Tirunelveli,109.82,398.9,9,37,2024,2024-09-12,Kharif,Medium,0
Sugarcane,Coimbatore,4.1,465.7,9,37,2024,2024-09-13,Kharif,Medium,0
Cauliflower,Vellore,29.23,406.4,9,37,2024,2024-09-13,Kharif,High,0
Groundnut,Salem,73.14,577.8,9,37,2024,2024-09-13,Kharif,Medium,0
Coconut,Madurai,27.76,523.3,9,37,2024,2024-09-13,Kharif,Medium,0
Cabbage,Chennai,19.52,484.7,9,37,2024,2024-09-14,Kharif,Medium,0
Lady Finger,Chennai,42.14,637.2,9,37,2024,2024-09-15,Kharif,Medium,0
Sugarcane,Vellore,3.44,376.3,9,37,2024,2024-09-15,Kharif,Medium,0
Carrot,Dindigul,53.31,363.0,9,37,2024,2024-09-15,Kharif,Medium,0
Coconut,Dindigul,26.86,696.1,9,38,2024,2024-09-16,Kharif,Medium,0
Rice,Tirunelveli,41.22,415.9,9,38,2024,2024-09-16,Kharif,Low,1
Tomato,Madurai,38.96,598.8,9,38,2024,2024-09-16,Kharif,Medium,0
Lady Finger,Thanjavur,41.08,401.3,9,38,2024,2024-09-17,Kharif,Medium,0
Rice,Vellore,45.28,625.8,9,38,2024,2024-09-17,Kharif,Low,1
Banana,Tirunelveli,45.93,546.3,9,38,2024,2024-09-17,Kharif,Medium,0
Cabbage,Madurai,19.37,628.1,9,38,2024,2024-09-17,Kharif,Medium,0
Cotton,Dindigul,61.19,505.6,9,38,2024,2024-09-18,Kharif,Medium,0
Potato,Tirunelveli,24.76,541.2,9,38,2024,2024-09-18,Kharif,Medium,0
Brinjal,Thanjavur,34.23,505.8,9,38,2024,2024-09-18,Kharif,Medium,1
Groundnut,Trichy,71.79,845.3,9,38,2024,2024-09-18,Kharif,Medium,0
Groundnut,Coimbatore,64.38,535.9,9,38,2024,2024-09-18,Kharif,Medium,0
Tomato,Trichy,37.31,369.8,9,38,2024,2024-09-19,Kharif,Medium,0
Coconut,Erode,26.77,568.1,9,38,2024,2024-09-19,Kharif,Medium,0
Lady Finger,Madurai,43.34,326.3,9,38,2024,2024-09-19,Kharif,Medium,0
Brinjal,Dindigul,38.09,768.8,9,38,2024,2024-09-19,Kharif,Low,1
Cauliflower,Chennai,30.79,889.0,9,38,2024,2024-09-20,Kharif,Medium,0
Cotton,Salem,60.49,350.7,9,38,2024,2024-09-20,Kharif,Medium,0
Rice,Erode,43.96,511.8,9,38,2024,2024-09-20,Kharif,Low,1
Potato,Chennai,31.29,566.3,9,38,2024,2024-09-20,Kharif,Medium,0
Brinjal,Tirunelveli,38.75,311.4,9,38,2024,2024-09-21,Kharif,Low,1
Coconut,Chennai,31.78,608.3,9,38,2024,2024-09-22,Kharif,Medium,0
Onion,Coimbatore,29.59,603.0,9,38,2024,2024-09-22,Kharif,High,0
Coconut,Vellore,28.74,751.6,9,38,2024,2024-09-22,Kharif,Medium,0
Chilli,Erode,110.41,633.8,9,38,2024,2024-09-22,Kharif,Medium,0
Sugarcane,Dindigul,4.09,635.3,9,39,2024,2024-09-23,Kharif,Medium,0
Coconut,Dindigul,24.89,462.2,9,39,2024,2024-09-23,Kharif,High,0
Coconut,Vellore,28.7,377.0,9,39,2024,2024-09-23,Kharif,Medium,0
Sugarcane,Vellore,3.58,500.4,9,39,2024,2024-09-23,Kharif,Medium,0
Cotton,Trichy,61.44,861.4,9,39,2024,2024-09-24,Kharif,Medium,0
Cabbage,Vellore,17.89,535.8,9,39,2024,2024-09-24,Kharif,Medium,0
Chilli,Thanjavur,107.04,609.1,9,39,2024,2024-09-25,Kharif,Medium,0
Cauliflower,Dindigul,33.04,390.4,9,39,2024,2024-09-26,Kharif,Medium,0
Cauliflower,Salem,29.77,846.3,9,39,2024,2024-09-26,Kharif,Medium,0
Carrot,Coimbatore,53.73,505.9,9,39,2024,2024-09-27,Kharif,Medium,0
Potato,Thanjavur,28.55,426.8,9,39,2024,2024-09-27,Kharif,Medium,0
Cabbage,Dindigul,18.55,531.4,9,39,2024,2024-09-27,Kharif,Medium,0
Carrot,Vellore,50.75,411.8,9,39,2024,2024-09-27,Kharif,Medium,0
Sugarcane,Erode,3.87,377.8,9,39,2024,2024-09-27,Kharif,Medium,0
Rice,Madurai,43.27,354.9,9,39,2024,2024-09-28,Kharif,Low,1
Sugarcane,Madurai,4.06,405.5,9,39,2024,2024-09-28,Kharif,Medium,0
Onion,Coimbatore,35.56,686.2,9,39,2024,2024-09-28,Kharif,Medium,0
Coconut,Coimbatore,30.69,419.5,9,39,2024,2024-09-29,Kharif,Medium,0
Cotton,Tirunelveli,57.76,520.2,9,39,2024,2024-09-29,Kharif,Medium,0
Onion,Trichy,28.13,374.0,9,39,2024,2024-09-29,Kharif,High,0
Carrot,Madurai,55.81,712.9,9,39,2024,2024-09-29,Kharif,Medium,0
Lady Finger,Salem,37.93,584.8,9,39,2024,2024-09-29,Kharif,High,0
Cabbage,Tirunelveli,19.73,303.2,9,40,2024,2024-09-30,Kharif,Medium,0
Groundnut,Salem,95.52,415.5,10,40,2024,2024-10-01,Kharif,Low,1
Banana,Thanjavur,42.78,789.4,10,40,2024,2024-10-01,Kharif,Medium,0
Coconut,Coimbatore,27.23,358.7,10,40,2024,2024-10-01,Kharif,Medium,0
Banana,Madurai,41.03,472.4,10,40,2024,2024-10-01,Kharif,Medium,0
Potato,Dindigul,25.91,914.1,10,40,2024,2024-10-01,Kharif,Medium,0
Rice,Dindigul,44.1,285.4,10,40,2024,2024-10-01,Kharif,Low,1
Banana,Erode,41.24,889.2,10,40,2024,2024-10-01,Kharif,Medium,0
Chilli,Dindigul,116.86,264.8,10,40,2024,2024-10-02,Kharif,Medium,0
Groundnut,Coimbatore,82.45,360.2,10,40,2024,2024-10-02,Kharif,Medium,1
Banana,Coimbatore,48.28,230.9,10,40,2024,2024-10-03,Kharif,Medium,0
Banana,Trichy,42.58,618.1,10,40,2024,2024-10-03,Kharif,Medium,0
Cabbage,Tirunelveli,23.01,504.8,10,40,2024,2024-10-03,Kharif,Low,0
Groundnut,Coimbatore,101.46,298.3,10,40,2024,2024-10-04,Kharif,Low,1
Onion,Tirunelveli,30.07,623.0,10,40,2024,2024-10-04,Kharif,Medium,0
Brinjal,Coimbatore,28.52,706.1,10,40,2024,2024-10-04,Kharif,Medium,0
Rice,Tirunelveli,48.38,433.1,10,40,2024,2024-10-04,Kharif,Low,1
Cotton,Thanjavur,80.51,296.1,10,40,2024,2024-10-05,Kharif,Low,1
Carrot,Vellore,53.52,426.7,10,40,2024,2024-10-05,Kharif,Medium,0
Sugarcane,Erode,4.47,656.7,10,40,2024,2024-10-05,Kharif,Medium,1
Lady Finger,Thanjavur,48.42,707.7,10,40,2024,2024-10-05,Kharif,Medium,0
Potato,Thanjavur,27.54,533.7,10,40,2024,2024-10-06,Kharif,Medium,0
Onion,Trichy,33.51,423.6,10,40,2024,2024-10-06,Kharif,Medium,0
Cauliflower,Tirunelveli,30.39,446.6,10,40,2024,2024-10-06,Kharif,Medium,0
Banana,Erode,41.63,712.5,10,41,2024,2024-10-07,Kharif,Medium,0
Sugarcane,Salem,4.42,495.4,10,41,2024,2024-10-07,Kharif,Medium,1
Rice,Chennai,45.49,424.7,10,41,2024,2024-10-08,Kharif,Low,1
Carrot,Thanjavur,50.19,678.6,10,41,2024,2024-10-08,Kharif,Medium,0
Lady Finger,Thanjavur,45.04,727.8,10,41,2024,2024-10-08,Kharif,Medium,0
Cotton,Vellore,77.95,415.7,10,41,2024,2024-10-08,Kharif,Low,1
Chilli,Vellore,107.69,459.9,10,41,2024,2024-10-09,Kharif,Medium,0
Onion,Coimbatore,26.03,576.2,10,41,2024,2024-10-09,Kharif,High,0
Onion,Coimbatore,32.42,698.9,10,41,2024,2024-10-09,Kharif,Medium,0
Sugarcane,Tirunelveli,5.03,526.5,10,41,2024,2024-10-09,Kharif,Low,1
Coconut,Salem,30.34,509.2,10,41,2024,2024-10-10,Kharif,Medium,0
Lady Finger,Salem,44.6,627.1,10,41,2024,2024-10-10,Kharif,Medium,0
Coconut,Madurai,28.87,473.2,10,41,2024,2024-10-11,Kharif,Medium,0
Sugarcane,Trichy,5.46,415.3,10,41,2024,2024-10-11,Kharif,Low,1
Coconut,Madurai,26.19,613.9,10,41,2024,2024-10-11,Kharif,Medium,0
Cabbage,Tirunelveli,19.77,490.0,10,41,2024,2024-10-11,Kharif,Medium,0
Cauliflower,Chennai,34.12,524.0,10,41,2024,2024-10-12,Kharif,Medium,0
Cabbage,Erode,21.02,302.8,10,41,2024,2024-10-12,Kharif,Medium,0
Carrot,Madurai,49.06,354.4,10,41,2024,2024-10-12,Kharif,Medium,0
Potato,Thanjavur,24.5,235.8,10,41,2024,2024-10-13,Kharif,Medium,0
Cabbage,Tirunelveli,19.51,604.6,10,41,2024,2024-10-13,Kharif,Medium,0
Sugarcane,Madurai,4.5,460.9,10,41,2024,2024-10-13,Kharif,Medium,1
Tomato,Madurai,51.12,448.2,10,41,2024,2024-10-13,Kharif,Low,1
Tomato,Thanjavur,51.4,464.4,10,41,2024,2024-10-13,Kharif,Low,1
Onion,Chennai,34.33,728.9,10,42,2024,2024-10-14,Kharif,Medium,0
Groundnut,Thanjavur,97.02,314.2,10,42,2024,2024-10-15,Kharif,Low,1
Cabbage,Erode,17.72,442.4,10,42,2024,2024-10-15,Kharif,Medium,0
Cauliflower,Trichy,30.04,723.5,10,42,2024,2024-10-15,Kharif,Medium,0
Tomato,Madurai,56.18,493.1,10,42,2024,2024-10-16,Kharif,Low,1
Tomato,Erode,51.7,316.6,10,42,2024,2024-10-16,Kharif,Low,1
Coconut,Salem,26.4,195.7,10,42,2024,2024-10-16,Kharif,Medium,0
Potato,Vellore,26.9,712.5,10,42,2024,2024-10-16,Kharif,Medium,0
Brinjal,Coimbatore,26.4,715.6,10,42,2024,2024-10-17,Kharif,Medium,0
Brinjal,Thanjavur,33.49,448.2,10,42,2024,2024-10-17,Kharif,Medium,0
Cotton,Madurai,67.17,596.6,10,42,2024,2024-10-17,Kharif,Medium,1
Groundnut,Trichy,94.18,279.3,10,42,2024,2024-10-17,Kharif,Low,1
Onion,Madurai,30.69,794.6,10,42,2024,2024-10-17,Kharif,Medium,0
Onion,Coimbatore,26.75,427.1,10,42,2024,2024-10-18,Kharif,High,0
Potato,Salem,27.95,560.6,10,42,2024,2024-10-18,Kharif,Medium,0
Onion,Chennai,33.47,675.3,10,42,2024,2024-10-18,Kharif,Medium,0
Lady Finger,Erode,43.21,604.4,10,42,2024,2024-10-18,Kharif,Medium,0
Cabbage,Coimbatore,20.16,235.6,10,42,2024,2024-10-18,Kharif,Medium,0
Cabbage,Salem,17.51,482.2,10,42,2024,2024-10-19,Kharif,Medium,0
Tomato,Madurai,55.97,403.7,10,42,2024,2024-10-19,Kharif,Low,1
Onion,Coimbatore,32.4,447.9,10,42,2024,2024-10-20,Kharif,Medium,0
Potato,Coimbatore,25.32,624.2,10,42,2024,2024-10-20,Kharif,Medium,0
Sugarcane,Chennai,5.01,391.5,10,42,2024,2024-10-20,Kharif,Low,1
Cabbage,Salem,18.56,455.7,10,42,2024,2024-10-20,Kharif,Medium,0
Banana,Dindigul,43.58,557.7,10,42,2024,2024-10-20,Kharif,Medium,0
Cauliflower,Salem,31.76,538.0,10,43,2024,2024-10-21,Kharif,Medium,0
Sugarcane,Salem,5.28,303.0,10,43,2024,2024-10-21,Kharif,Low,1
Onion,Dindigul,30.15,718.6,10,43,2024,2024-10-21,Kharif,Medium,0
Groundnut,Trichy,91.38,513.2,10,43,2024,2024-10-21,Kharif,Low,1
Sugarcane,Trichy,5.21,38.0,10,43,2024,2024-10-22,Kharif,Low,1
Sugarcane,Coimbatore,5.36,476.4,10,43,2024,2024-10-22,Kharif,Low,1
Cabbage,Erode,17.1,970.3,10,43,2024,2024-10-22,Kharif,Medium,0
Cotton,Tirunelveli,65.6,445.1,10,43,2024,2024-10-24,Kharif,Medium,1
Banana,Trichy,46.59,440.5,10,43,2024,2024-10-25,Kharif,Medium,0
Chilli,Coimbatore,121.66,759.9,10,43,2024,2024-10-25,Kharif,Medium,0
Banana,Chennai,42.88,518.4,10,43,2024,2024-10-25,Kharif,Medium,0
Potato,Vellore,28.31,647.3,10,43,2024,2024-10-25,Kharif,Medium,0
Cauliflower,Trichy,32.26,350.6,10,43,2024,2024-10-25,Kharif,Medium,0
Cauliflower,Dindigul,29.33,155.1,10,43,2024,2024-10-25,Kharif,High,0
Chilli,Trichy,102.99,530.7,10,43,2024,2024-10-25,Kharif,Medium,0
Tomato,Madurai,53.58,290.4,10,43,2024,2024-10-25,Kharif,Low,1
Cauliflower,Chennai,33.61,582.2,10,43,2024,2024-10-25,Kharif,Medium,0
Potato,Tirunelveli,29.4,465.3,10,43,2024,2024-10-25,Kharif,Medium,0
Chilli,Erode,95.44,525.3,10,43,2024,2024-10-25,Kharif,High,0
Lady Finger,Coimbatore,43.09,507.0,10,43,2024,2024-10-26,Kharif,Medium,0
Brinjal,Madurai,30.11,420.9,10,43,2024,2024-10-26,Kharif,Medium,0
Carrot,Salem,53.25,383.8,10,43,2024,2024-10-26,Kharif,Medium,0
Cotton,Madurai,77.27,419.3,10,43,2024,2024-10-27,Kharif,Low,1
Onion,Erode,31.31,430.8,10,43,2024,2024-10-27,Kharif,Medium,0
Lady Finger,Coimbatore,37.06,696.8,10,43,2024,2024-10-27,Kharif,High,0
Rice,Madurai,39.22,505.6,10,43,2024,2024-10-27,Kharif,Medium,1
Onion,Madurai,29.4,155.7,10,43,2024,2024-10-27,Kharif,High,0
Tomato,Thanjavur,46.06,209.1,10,43,2024,2024-10-27,Kharif,Low,1
Coconut,Madurai,30.37,696.3,10,44,2024,2024-10-28,Kharif,Medium,0
Coconut,Salem,28.47,581.0,10,44,2024,2024-10-28,Kharif,Medium,0
Sugarcane,Thanjavur,5.31,491.7,10,44,2024,2024-10-28,Kharif,Low,1
Brinjal,Vellore,26.88,311.2,10,44,2024,2024-10-28,Kharif,Medium,0
Cauliflower,Madurai,36.04,729.0,10,44,2024,2024-10-29,Kharif,Medium,0
Rice,Thanjavur,37.97,166.4,10,44,2024,2024-10-29,Kharif,Medium,1
Onion,Madurai,30.11,305.3,10,44,2024,2024-10-29,Kharif,Medium,0
Cauliflower,Vellore,31.5,460.3,10,44,2024,2024-10-29,Kharif,Medium,0
Coconut,Dindigul,26.64,538.1,10,44,2024,2024-10-29,Kharif,Medium,0
Cotton,Madurai,68.45,578.9,10,44,2024,2024-10-30,Kharif,Medium,1
Cauliflower,Dindigul,32.13,572.4,10,44,2024,2024-10-30,Kharif,Medium,0
Cabbage,Trichy,22.3,444.8,10,44,2024,2024-10-30,Kharif,Medium,0
Cabbage,Erode,18.22,577.7,10,44,2024,2024-10-31,Kharif,Medium,0
Sugarcane,Tirunelveli,4.58,529.1,10,44,2024,2024-10-31,Kharif,Medium,1
Brinjal,Tirunelveli,32.4,597.1,10,44,2024,2024-10-31,Kharif,Medium,0
Tomato,Thanjavur,48.94,337.7,11,44,2024,2024-11-01,Rabi,Low,1
Onion,Madurai,31.53,365.3,11,44,2024,2024-11-01,Rabi,Medium,0
Cauliflower,Madurai,48.71,350.0,11,44,2024,2024-11-01,Rabi,Low,1
Coconut,Trichy,28.95,539.1,11,44,2024,2024-11-01,Rabi,Medium,0
Onion,Coimbatore,32.38,545.4,11,44,2024,2024-11-02,Rabi,Medium,0
Chilli,Coimbatore,122.53,391.5,11,44,2024,2024-11-02,Rabi,Medium,0
Cabbage,Madurai,18.12,477.0,11,44,2024,2024-11-03,Rabi,Medium,0
Cauliflower,Chennai,46.14,322.4,11,45,2024,2024-11-04,Rabi,Low,1
Chilli,Salem,105.9,585.0,11,45,2024,2024-11-05,Rabi,Medium,0
Chilli,Thanjavur,103.53,497.3,11,45,2024,2024-11-05,Rabi,Medium,0
Lady Finger,Thanjavur,45.98,691.5,11,45,2024,2024-11-05,Rabi,Medium,0
Tomato,Thanjavur,55.74,545.6,11,45,2024,2024-11-05,Rabi,Low,1
Lady Finger,Madurai,41.29,395.3,11,45,2024,2024-11-05,Rabi,Medium,0
Cauliflower,Dindigul,46.88,434.1,11,45,2024,2024-11-06,Rabi,Low,1
Carrot,Madurai,64.99,342.0,11,45,2024,2024-11-06,Rabi,Low,1
Rice,Erode,33.47,524.2,11,45,2024,2024-11-07,Rabi,Medium,0
Carrot,Trichy,64.71,417.8,11,45,2024,2024-11-07,Rabi,Low,1
Coconut,Tirunelveli,27.89,546.9,11,45,2024,2024-11-07,Rabi,Medium,0
Cabbage,Madurai,18.45,594.5,11,45,2024,2024-11-07,Rabi,Medium,0
Cauliflower,Trichy,45.82,697.9,11,45,2024,2024-11-08,Rabi,Low,1
Cotton,Vellore,69.13,360.5,11,45,2024,2024-11-09,Rabi,Low,1
Chilli,Thanjavur,134.61,726.9,11,45,2024,2024-11-09,Rabi,Medium,0
Lady Finger,Dindigul,39.64,499.1,11,45,2024,2024-11-09,Rabi,Medium,0
Onion,Thanjavur,34.68,442.6,11,45,2024,2024-11-10,Rabi,Medium,0
Brinjal,Thanjavur,30.15,605.7,11,46,2024,2024-11-11,Rabi,Medium,0
Brinjal,Coimbatore,26.38,540.6,11,46,2024,2024-11-11,Rabi,Medium,0
Rice,Dindigul,35.98,348.3,11,46,2024,2024-11-11,Rabi,Medium,0
Brinjal,Tirunelveli,22.34,359.6,11,46,2024,2024-11-12,Rabi,High,0
Brinjal,Madurai,26.06,439.5,11,46,2024,2024-11-12,Rabi,Medium,0
Cabbage,Coimbatore,18.17,720.4,11,46,2024,2024-11-13,Rabi,Medium,0
Lady Finger,Tirunelveli,40.21,553.8,11,46,2024,2024-11-13,Rabi,Medium,0
Groundnut,Dindigul,91.96,345.2,11,46,2024,2024-11-13,Rabi,Low,1
Potato,Chennai,39.84,424.4,11,46,2024,2024-11-13,Rabi,Low,1
Rice,Coimbatore,30.57,410.5,11,46,2024,2024-11-13,Rabi,Medium,0
Coconut,Coimbatore,26.58,671.3,11,46,2024,2024-11-14,Rabi,Medium,0
Banana,Salem,44.27,580.9,11,46,2024,2024-11-15,Rabi,Medium,0
Lady Finger,Thanjavur,43.78,641.0,11,46,2024,2024-11-15,Rabi,Medium,0
Cabbage,Thanjavur,17.93,520.9,11,46,2024,2024-11-16,Rabi,Medium,0
Sugarcane,Chennai,5.01,295.2,11,46,2024,2024-11-16,Rabi,Low,1
Banana,Vellore,45.35,541.5,11,46,2024,2024-11-16,Rabi,Medium,0
Brinjal,Dindigul,30.12,623.1,11,46,2024,2024-11-17,Rabi,Medium,0
Brinjal,Thanjavur,25.48,481.9,11,46,2024,2024-11-17,Rabi,High,0
Onion,Chennai,29.16,490.2,11,46,2024,2024-11-17,Rabi,High,0
Brinjal,Vellore,32.44,718.6,11,46,2024,2024-11-17,Rabi,Medium,0
Banana,Erode,41.59,427.7,11,46,2024,2024-11-17,Rabi,Medium,0
Coconut,Tirunelveli,28.39,528.8,11,46,2024,2024-11-17,Rabi,Medium,0
Cabbage,Madurai,20.24,505.8,11,47,2024,2024-11-18,Rabi,Medium,0
Coconut,Coimbatore,29.53,427.3,11,47,2024,2024-11-18,Rabi,Medium,0
Carrot,Trichy,62.04,795.5,11,47,2024,2024-11-19,Rabi,Medium,1
Onion,Tirunelveli,32.78,827.1,11,47,2024,2024-11-19,Rabi,Medium,0
Groundnut,Salem,97.78,330.7,11,47,2024,2024-11-19,Rabi,Low,1
Coconut,Erode,29.49,437.4,11,47,2024,2024-11-20,Rabi,Medium,0
Brinjal,Erode,26.24,479.2,11,47,2024,2024-11-20,Rabi,Medium,0
Sugarcane,Chennai,4.82,651.4,11,47,2024,2024-11-20,Rabi,Low,1
Potato,Vellore,33.55,324.9,11,47,2024,2024-11-20,Rabi,Low,1
Onion,Trichy,33.59,588.7,11,47,2024,2024-11-21,Rabi,Medium,0
Chilli,Trichy,106.3,665.2,11,47,2024,2024-11-21,Rabi,Medium,0
Carrot,Chennai,74.84,340.1,11,47,2024,2024-11-21,Rabi,Low,1
Banana,Dindigul,46.14,555.3,11,47,2024,2024-11-21,Rabi,Medium,0
Brinjal,Salem,31.35,462.1,11,47,2024,2024-11-22,Rabi,Medium,0
Sugarcane,Erode,4.67,595.0,11,47,2024,2024-11-23,Rabi,Low,1
Cotton,Coimbatore,71.08,400.4,11,47,2024,2024-11-23,Rabi,Low,1
Groundnut,Vellore,95.37,652.2,11,47,2024,2024-11-23,Rabi,Low,1
Cabbage,Trichy,18.18,624.6,11,47,2024,2024-11-24,Rabi,Medium,0
Groundnut,Salem,91.94,263.1,11,47,2024,2024-11-24,Rabi,Low,1
Coconut,Coimbatore,29.09,382.9,11,47,2024,2024-11-24,Rabi,Medium,0
Cauliflower,Madurai,46.69,599.0,11,47,2024,2024-11-24,Rabi,Low,1
Brinjal,Vellore,28.45,648.2,11,48,2024,2024-11-25,Rabi,Medium,0
Chilli,Thanjavur,118.11,703.6,11,48,2024,2024-11-25,Rabi,Medium,0
Potato,Chennai,39.96,481.2,11,48,2024,2024-11-25,Rabi,Low,1
Groundnut,Vellore,82.0,219.0,11,48,2024,2024-11-25,Rabi,Medium,1
Banana,Vellore,40.9,518.0,11,48,2024,2024-11-26,Rabi,Medium,0
Lady Finger,Chennai,43.85,428.8,11,48,2024,2024-11-26,Rabi,Medium,0
Carrot,Salem,66.14,511.6,11,48,2024,2024-11-26,Rabi,Low,1
Chilli,Chennai,114.48,387.8,11,48,2024,2024-11-26,Rabi,Medium,0
Cabbage,Coimbatore,20.36,687.1,11,48,2024,2024-11-27,Rabi,Medium,0
Brinjal,Coimbatore,27.23,314.8,11,48,2024,2024-11-28,Rabi,Medium,0
Carrot,Thanjavur,64.71,513.6,11,48,2024,2024-11-28,Rabi,Low,1
Rice,Vellore,34.4,622.3,11,48,2024,2024-11-28,Rabi,Medium,0
Sugarcane,Dindigul,4.59,811.1,11,48,2024,2024-11-28,Rabi,Medium,1
Rice,Thanjavur,34.43,601.0,11,48,2024,2024-11-28,Rabi,Medium,0
Cotton,Vellore,78.87,566.3,11,48,2024,2024-11-28,Rabi,Low,1
Coconut,Vellore,28.84,535.0,11,48,2024,2024-11-29,Rabi,Medium,0
Onion,Salem,32.57,539.9,11,48,2024,2024-11-29,Rabi,Medium,0
Carrot,Salem,66.84,604.3,11,48,2024,2024-11-29,Rabi,Low,1
Cotton,Erode,73.91,184.8,11,48,2024,2024-11-29,Rabi,Low,1
Brinjal,Vellore,28.53,510.0,11,48,2024,2024-11-29,Rabi,Medium,0
Potato,Tirunelveli,36.58,474.1,11,48,2024,2024-11-30,Rabi,Low,1
Carrot,Erode,64.96,334.1,11,48,2024,2024-11-30,Rabi,Low,1
Cabbage,Vellore,18.39,917.9,11,48,2024,2024-11-30,Rabi,Medium,0
Cotton,Madurai,73.9,459.2,11,48,2024,2024-11-30,Rabi,Low,1
Brinjal,Coimbatore,28.57,733.3,11,48,2024,2024-11-30,Rabi,Medium,0
Cabbage,Trichy,18.35,781.1,11,48,2024,2024-11-30,Rabi,Medium,0
Carrot,Salem,68.55,374.6,11,48,2024,2024-11-30,Rabi,Low,1
Cauliflower,Salem,48.98,526.8,11,48,2024,2024-11-30,Rabi,Low,1
Lady Finger,Coimbatore,44.97,532.7,11,48,2024,2024-11-30,Rabi,Medium,0
Cabbage,Salem,18.35,164.6,11,48,2024,2024-11-30,Rabi,Medium,0
Carrot,Coimbatore,65.77,334.7,11,48,2024,2024-11-30,Rabi,Low,1
Sugarcane,Madurai,4.78,412.6,12,48,2024,2024-12-01,Rabi,Low,1
Tomato,Dindigul,58.57,378.7,12,48,2024,2024-12-01,Rabi,Low,1
Coconut,Chennai,29.93,431.6,12,49,2024,2024-12-02,Rabi,Medium,0
Potato,Salem,38.15,444.2,12,49,2024,2024-12-02,Rabi,Low,1
Sugarcane,Dindigul,4.63,377.0,12,49,2024,2024-12-02,Rabi,Low,1
Cotton,Chennai,60.76,344.6,12,49,2024,2024-12-02,Rabi,Medium,0
Rice,Madurai,32.24,546.1,12,49,2024,2024-12-02,Rabi,Medium,0
Cabbage,Trichy,25.53,416.4,12,49,2024,2024-12-03,Rabi,Low,1
Lady Finger,Trichy,41.32,547.6,12,49,2024,2024-12-03,Rabi,Medium,0
Cotton,Salem,55.15,514.6,12,49,2024,2024-12-03,Rabi,Medium,0
Cabbage,Tirunelveli,25.65,380.1,12,49,2024,2024-12-03,Rabi,Low,1
Brinjal,Coimbatore,29.41,745.4,12,49,2024,2024-12-03,Rabi,Medium,0
Banana,Coimbatore,44.12,638.9,12,49,2024,2024-12-04,Rabi,Medium,0
Cauliflower,Coimbatore,43.82,442.2,12,49,2024,2024-12-04,Rabi,Low,1
Onion,Tirunelveli,49.27,449.1,12,49,2024,2024-12-04,Rabi,Low,1
Sugarcane,Chennai,4.74,603.4,12,49,2024,2024-12-05,Rabi,Low,1
Coconut,Tirunelveli,28.42,421.5,12,49,2024,2024-12-05,Rabi,Medium,0
Onion,Salem,46.24,352.5,12,49,2024,2024-12-05,Rabi,Low,1
Sugarcane,Vellore,4.99,396.7,12,49,2024,2024-12-06,Rabi,Low,1
Carrot,Dindigul,68.35,304.7,12,49,2024,2024-12-06,Rabi,Low,1
Banana,Chennai,42.44,532.7,12,49,2024,2024-12-06,Rabi,Medium,0
Coconut,Madurai,25.57,208.6,12,49,2024,2024-12-07,Rabi,Medium,0
Coconut,Trichy,27.5,534.4,12,49,2024,2024-12-07,Rabi,Medium,0
Rice,Trichy,34.4,182.1,12,49,2024,2024-12-07,Rabi,Medium,0
Coconut,Coimbatore,29.46,524.3,12,49,2024,2024-12-08,Rabi,Medium,0
Onion,Coimbatore,44.16,509.6,12,50,2024,2024-12-09,Rabi,Low,1
Cotton,Tirunelveli,56.78,756.2,12,50,2024,2024-12-09,Rabi,Medium,0
Brinjal,Madurai,30.24,686.6,12,50,2024,2024-12-09,Rabi,Medium,0
Lady Finger,Tirunelveli,41.06,259.0,12,50,2024,2024-12-10,Rabi,Medium,0
Coconut,Tirunelveli,29.43,354.2,12,50,2024,2024-12-10,Rabi,Medium,0
Sugarcane,Dindigul,4.91,586.2,12,50,2024,2024-12-10,Rabi,Low,1
Banana,Erode,42.78,414.2,12,50,2024,2024-12-11,Rabi,Medium,0
Groundnut,Coimbatore,73.21,383.4,12,50,2024,2024-12-11,Rabi,Medium,0
Carrot,Thanjavur,70.43,451.4,12,50,2024,2024-12-11,Rabi,Low,1
Coconut,Dindigul,28.06,366.8,12,50,2024,2024-12-11,Rabi,Medium,0
Carrot,Salem,78.82,512.2,12,50,2024,2024-12-12,Rabi,Low,1
Sugarcane,Erode,4.42,638.4,12,50,2024,2024-12-12,Rabi,Medium,1
Cotton,Vellore,59.24,607.1,12,50,2024,2024-12-12,Rabi,Medium,0
Carrot,Chennai,67.52,395.3,12,50,2024,2024-12-13,Rabi,Low,1
Chilli,Coimbatore,107.75,147.1,12,50,2024,2024-12-13,Rabi,Medium,0
Potato,Tirunelveli,31.38,437.6,12,50,2024,2024-12-13,Rabi,Medium,1
Onion,Madurai,43.08,511.5,12,50,2024,2024-12-14,Rabi,Low,1
Lady Finger,Thanjavur,48.04,346.2,12,50,2024,2024-12-14,Rabi,Medium,0
Cabbage,Salem,25.48,379.9,12,50,2024,2024-12-14,Rabi,Low,1
Rice,Dindigul,34.4,616.7,12,50,2024,2024-12-14,Rabi,Medium,0
Sugarcane,Tirunelveli,5.35,395.0,12,50,2024,2024-12-15,Rabi,Low,1
Carrot,Salem,69.64,307.8,12,50,2024,2024-12-15,Rabi,Low,1
Cauliflower,Thanjavur,43.05,241.3,12,51,2024,2024-12-16,Rabi,Low,1
Rice,Dindigul,33.47,392.6,12,51,2024,2024-12-16,Rabi,Medium,0
Potato,Trichy,38.03,545.7,12,51,2024,2024-12-16,Rabi,Low,1
Coconut,Erode,30.28,733.1,12,51,2024,2024-12-16,Rabi,Medium,0
Tomato,Trichy,53.49,492.3,12,51,2024,2024-12-16,Rabi,Low,1
Onion,Thanjavur,50.1,460.9,12,51,2024,2024-12-16,Rabi,Low,1
Lady Finger,Dindigul,46.33,750.0,12,51,2024,2024-12-16,Rabi,Medium,0
Sugarcane,Madurai,4.75,500.5,12,51,2024,2024-12-16,Rabi,Low,1
Lady Finger,Erode,42.75,411.4,12,51,2024,2024-12-17,Rabi,Medium,0
Carrot,Coimbatore,71.32,366.5,12,51,2024,2024-12-17,Rabi,Low,1
Cabbage,Coimbatore,24.83,312.7,12,51,2024,2024-12-17,Rabi,Low,1
Sugarcane,Chennai,5.38,490.6,12,51,2024,2024-12-17,Rabi,Low,1
Groundnut,Chennai,70.31,406.3,12,51,2024,2024-12-17,Rabi,Medium,0
Cotton,Chennai,55.06,638.4,12,51,2024,2024-12-19,Rabi,Medium,0
Rice,Coimbatore,33.77,371.5,12,51,2024,2024-12-19,Rabi,Medium,0
Sugarcane,Thanjavur,5.1,349.1,12,51,2024,2024-12-19,Rabi,Low,1
Banana,Trichy,45.72,606.3,12,51,2024,2024-12-20,Rabi,Medium,0
Cotton,Erode,52.22,357.0,12,51,2024,2024-12-20,Rabi,Medium,0
Coconut,Vellore,26.61,233.3,12,51,2024,2024-12-21,Rabi,Medium,0
Onion,Salem,49.13,505.7,12,51,2024,2024-12-21,Rabi,Low,1
Onion,Tirunelveli,47.05,447.0,12,51,2024,2024-12-21,Rabi,Low,1
Cabbage,Thanjavur,23.95,729.7,12,51,2024,2024-12-21,Rabi,Low,1
Banana,Madurai,47.03,727.7,12,51,2024,2024-12-22,Rabi,Medium,0
Carrot,Coimbatore,72.03,643.9,12,51,2024,2024-12-22,Rabi,Low,1
Potato,Coimbatore,35.19,372.7,12,52,2024,2024-12-23,Rabi,Low,1
Cauliflower,Vellore,39.7,513.8,12,52,2024,2024-12-23,Rabi,Medium,1
Cauliflower,Vellore,46.46,208.8,12,52,2024,2024-12-23,Rabi,Low,1
Brinjal,Thanjavur,29.39,746.5,12,52,2024,2024-12-23,Rabi,Medium,0
Brinjal,Dindigul,25.79,549.9,12,52,2024,2024-12-24,Rabi,Medium,0
Carrot,Thanjavur,65.94,571.7,12,52,2024,2024-12-25,Rabi,Low,1
Coconut,Tirunelveli,29.16,445.8,12,52,2024,2024-12-26,Rabi,Medium,0
Potato,Tirunelveli,35.26,408.7,12,52,2024,2024-12-26,Rabi,Low,1
Cabbage,Coimbatore,27.26,558.6,12,52,2024,2024-12-26,Rabi,Low,1
Onion,Trichy,50.0,318.0,12,52,2024,2024-12-27,Rabi,Low,1
Potato,Thanjavur,31.2,446.5,12,52,2024,2024-12-28,Rabi,Medium,1
Groundnut,Erode,75.57,728.5,12,52,2024,2024-12-28,Rabi,Medium,0
Cotton,Salem,66.84,372.4,12,52,2024,2024-12-28,Rabi,Medium,0
Cauliflower,Thanjavur,39.77,234.0,12,52,2024,2024-12-29,Rabi,Medium,1
Banana,Erode,44.92,584.1,12,52,2024,2024-12-29,Rabi,Medium,0
Coconut,Madurai,27.59,634.0,12,52,2024,2024-12-29,Rabi,Medium,0
Coconut,Madurai,31.69,671.4,12,52,2024,2024-12-29,Rabi,Medium,0
Rice,Salem,31.98,493.7,12,1,2024,2024-12-30,Rabi,Medium,0
Cotton,Salem,57.74,656.0,12,1,2024,2024-12-30,Rabi,Medium,0
Carrot,Tirunelveli,72.21,451.4,12,1,2024,2024-12-30,Rabi,Low,1
Carrot,Salem,68.54,483.4,12,1,2024,2024-12-31,Rabi,Low,1
Banana,Erode,45.24,547.3,12,1,2024,2024-12-31,Rabi,Medium,0
Cauliflower,Vellore,45.42,522.9,12,1,2024,2024-12-31,Rabi,Low,1
Cauliflower,Trichy,46.16,149.9,12,1,2024,2024-12-31,Rabi,Low,1
Groundnut,Trichy,75.48,537.0,12,1,2024,2024-12-31,Rabi,Medium,0
Carrot,Salem,73.04,357.1,1,1,2025,2025-01-01,Rabi,Low,1
Brinjal,Erode,26.96,550.7,1,1,2025,2025-01-01,Rabi,Medium,0
Lady Finger,Trichy,42.52,343.1,1,1,2025,2025-01-02,Rabi,Medium,0
Cabbage,Coimbatore,22.22,298.3,1,1,2025,2025-01-02,Rabi,Medium,1
Groundnut,Coimbatore,79.48,670.9,1,1,2025,2025-01-02,Rabi,Medium,0
Cauliflower,Madurai,44.39,367.7,1,1,2025,2025-01-03,Rabi,Low,1
Tomato,Trichy,34.15,387.4,1,1,2025,2025-01-03,Rabi,Medium,0
Rice,Dindigul,30.09,494.1,1,1,2025,2025-01-04,Rabi,Medium,0
Potato,Erode,36.25,399.2,1,1,2025,2025-01-04,Rabi,Low,1
Groundnut,Thanjavur,67.32,475.5,1,1,2025,2025-01-04,Rabi,Medium,0
Chilli,Coimbatore,134.86,191.7,1,1,2025,2025-01-05,Rabi,Medium,1
Onion,Chennai,42.61,495.2,1,1,2025,2025-01-05,Rabi,Low,1
Banana,Chennai,39.87,384.2,1,1,2025,2025-01-05,Rabi,Medium,0
Onion,Salem,51.02,346.4,1,1,2025,2025-01-05,Rabi,Low,1
Sugarcane,Vellore,4.28,651.0,1,1,2025,2025-01-05,Rabi,Medium,0
Onion,Coimbatore,52.56,297.0,1,2,2025,2025-01-06,Rabi,Low,1
Chilli,Salem,128.02,479.9,1,2,2025,2025-01-06,Rabi,Medium,1
Coconut,Thanjavur,29.88,659.5,1,2,2025,2025-01-06,Rabi,Medium,0
Tomato,Coimbatore,42.17,649.8,1,2,2025,2025-01-07,Rabi,Medium,0
Banana,Dindigul,43.24,319.9,1,2,2025,2025-01-07,Rabi,Medium,0
Cabbage,Dindigul,24.59,598.4,1,2,2025,2025-01-08,Rabi,Low,1
Coconut,Coimbatore,26.22,726.0,1,2,2025,2025-01-08,Rabi,Medium,0
Sugarcane,Thanjavur,3.54,792.6,1,2,2025,2025-01-08,Rabi,Medium,0
Cotton,Madurai,54.14,376.6,1,2,2025,2025-01-09,Rabi,Medium,0
Rice,Madurai,32.9,507.9,1,2,2025,2025-01-09,Rabi,Medium,0
Cauliflower,Salem,41.81,721.2,1,2,2025,2025-01-09,Rabi,Low,1
Rice,Salem,33.49,542.5,1,2,2025,2025-01-09,Rabi,Medium,0
Chilli,Salem,143.34,544.6,1,2,2025,2025-01-10,Rabi,Low,1
Banana,Thanjavur,40.77,646.3,1,2,2025,2025-01-10,Rabi,Medium,0
Chilli,Erode,154.13,555.0,1,2,2025,2025-01-10,Rabi,Low,1
Brinjal,Salem,29.21,721.8,1,2,2025,2025-01-10,Rabi,Medium,0
Sugarcane,Thanjavur,3.73,253.9,1,2,2025,2025-01-11,Rabi,Medium,0
Chilli,Coimbatore,163.01,655.4,1,3,2025,2025-01-13,Rabi,Low,1
Coconut,Vellore,30.32,424.0,1,3,2025,2025-01-13,Rabi,Medium,0
Potato,Dindigul,34.98,630.4,1,3,2025,2025-01-13,Rabi,Low,1
Chilli,Erode,147.05,473.1,1,3,2025,2025-01-13,Rabi,Low,1
Tomato,Salem,36.4,523.7,1,3,2025,2025-01-14,Rabi,Medium,0
Cabbage,Trichy,22.8,679.8,1,3,2025,2025-01-14,Rabi,Medium,1
Chilli,Erode,150.33,280.1,1,3,2025,2025-01-15,Rabi,Low,1
Cabbage,Vellore,25.56,529.3,1,3,2025,2025-01-15,Rabi,Low,1
Sugarcane,Dindigul,3.52,603.4,1,3,2025,2025-01-15,Rabi,Medium,0
Tomato,Dindigul,36.77,709.0,1,3,2025,2025-01-15,Rabi,Medium,0
Lady Finger,Trichy,44.07,499.5,1,3,2025,2025-01-15,Rabi,Medium,0
Rice,Erode,30.09,364.1,1,3,2025,2025-01-15,Rabi,Medium,0
Groundnut,Vellore,73.45,601.1,1,3,2025,2025-01-16,Rabi,Medium,0
Coconut,Trichy,28.46,375.5,1,3,2025,2025-01-17,Rabi,Medium,0
Potato,Dindigul,34.72,289.0,1,3,2025,2025-01-17,Rabi,Low,1
Onion,Trichy,45.59,457.6,1,3,2025,2025-01-17,Rabi,Low,1
Lady Finger,Tirunelveli,43.88,505.4,1,3,2025,2025-01-18,Rabi,Medium,0
Cabbage,Erode,24.71,394.0,1,3,2025,2025-01-18,Rabi,Low,1
Banana,Dindigul,43.27,652.7,1,3,2025,2025-01-18,Rabi,Medium,0
Carrot,Madurai,68.03,259.0,1,3,2025,2025-01-18,Rabi,Low,1
Rice,Chennai,33.7,681.3,1,3,2025,2025-01-18,Rabi,Medium,0
Banana,Vellore,44.23,517.5,1,3,2025,2025-01-19,Rabi,Medium,0
Carrot,Vellore,72.69,407.0,1,4,2025,2025-01-20,Rabi,Low,1
Coconut,Vellore,28.33,543.8,1,4,2025,2025-01-20,Rabi,Medium,0
Brinjal,Dindigul,28.66,236.4,1,4,2025,2025-01-20,Rabi,Medium,0
Groundnut,Tirunelveli,69.94,451.0,1,4,2025,2025-01-21,Rabi,Medium,0
Cauliflower,Madurai,42.55,511.6,1,4,2025,2025-01-22,Rabi,Low,1
Cauliflower,Erode,47.11,346.1,1,4,2025,2025-01-22,Rabi,Low,1
Coconut,Dindigul,28.85,708.3,1,4,2025,2025-01-22,Rabi,Medium,0
Sugarcane,Tirunelveli,4.22,787.3,1,4,2025,2025-01-22,Rabi,Medium,0
Rice,Dindigul,37.3,358.8,1,4,2025,2025-01-22,Rabi,Medium,0
Cabbage,Madurai,27.77,433.6,1,4,2025,2025-01-22,Rabi,Low,1
Tomato,Vellore,37.91,361.3,1,4,2025,2025-01-23,Rabi,Medium,0
Carrot,Chennai,66.26,459.8,1,4,2025,2025-01-23,Rabi,Low,1
Potato,Salem,37.73,313.0,1,4,2025,2025-01-24,Rabi,Low,1
Rice,Salem,35.19,355.2,1,4,2025,2025-01-24,Rabi,Medium,0
Chilli,Thanjavur,159.95,644.8,1,4,2025,2025-01-24,Rabi,Low,1
Cotton,Trichy,61.71,528.8,1,4,2025,2025-01-25,Rabi,Medium,0
Sugarcane,Coimbatore,3.52,513.6,1,4,2025,2025-01-25,Rabi,Medium,0
Potato,Coimbatore,36.37,422.1,1,4,2025,2025-01-25,Rabi,Low,1
Tomato,Coimbatore,38.35,448.0,1,4,2025,2025-01-26,Rabi,Medium,0
Chilli,Trichy,150.79,654.5,1,4,2025,2025-01-26,Rabi,Low,1
Sugarcane,Chennai,3.93,958.8,1,5,2025,2025-01-27,Rabi,Medium,0
Rice,Chennai,31.56,689.6,1,5,2025,2025-01-27,Rabi,Medium,0
Carrot,Thanjavur,70.21,439.7,1,5,2025,2025-01-28,Rabi,Low,1
Lady Finger,Trichy,46.13,569.3,1,5,2025,2025-01-28,Rabi,Medium,0
Coconut,Dindigul,27.72,406.0,1,5,2025,2025-01-28,Rabi,Medium,0
Coconut,Erode,29.0,1191.6,1,5,2025,2025-01-30,Rabi,Medium,0
Lady Finger,Vellore,38.78,417.6,1,5,2025,2025-01-30,Rabi,Medium,0
Potato,Chennai,37.09,573.7,1,5,2025,2025-01-30,Rabi,Low,1
Sugarcane,Erode,4.0,414.5,1,5,2025,2025-01-30,Rabi,Medium,0
Groundnut,Dindigul,71.88,619.5,1,5,2025,2025-01-30,Rabi,Medium,0
Coconut,Tirunelveli,28.29,727.9,1,5,2025,2025-01-31,Rabi,Medium,0
Lady Finger,Erode,44.26,623.7,1,5,2025,2025-01-31,Rabi,Medium,0
Chilli,Coimbatore,141.3,589.1,1,5,2025,2025-01-31,Rabi,Low,1
Groundnut,Erode,73.28,480.8,1,5,2025,2025-01-31,Rabi,Medium,0
Banana,Thanjavur,42.51,507.9,1,5,2025,2025-01-31,Rabi,Medium,0
Cauliflower,Vellore,47.98,466.7,1,5,2025,2025-01-31,Rabi,Low,1
Potato,Madurai,37.8,540.3,1,5,2025,2025-01-31,Rabi,Low,1
Cotton,Tirunelveli,67.56,707.4,2,5,2025,2025-02-01,Rabi,Medium,0
Cotton,Vellore,62.87,266.5,2,5,2025,2025-02-01,Rabi,Medium,0
Chilli,Tirunelveli,170.74,389.6,2,5,2025,2025-02-01,Rabi,Low,1
Banana,Dindigul,48.39,546.2,2,5,2025,2025-02-02,Rabi,Medium,0
Rice,Erode,37.01,795.7,2,5,2025,2025-02-02,Rabi,Medium,0
Carrot,Chennai,49.09,461.0,2,5,2025,2025-02-02,Rabi,Medium,0
Rice,Chennai,35.08,293.6,2,6,2025,2025-02-03,Rabi,Medium,0
Carrot,Trichy,50.29,497.7,2,6,2025,2025-02-03,Rabi,Medium,0
Chilli,Erode,145.98,448.7,2,6,2025,2025-02-03,Rabi,Low,1
Rice,Erode,32.21,562.0,2,6,2025,2025-02-03,Rabi,Medium,0
Brinjal,Madurai,27.69,671.3,2,6,2025,2025-02-03,Rabi,Medium,0
Chilli,Thanjavur,137.24,415.0,2,6,2025,2025-02-03,Rabi,Medium,1
Tomato,Thanjavur,33.98,644.4,2,6,2025,2025-02-03,Rabi,High,0
Chilli,Vellore,142.74,464.4,2,6,2025,2025-02-04,Rabi,Low,1
Lady Finger,Madurai,41.21,686.8,2,6,2025,2025-02-04,Rabi,Medium,0
Lady Finger,Tirunelveli,38.49,524.1,2,6,2025,2025-02-04,Rabi,Medium,0
Sugarcane,Trichy,3.41,386.8,2,6,2025,2025-02-04,Rabi,Medium,0
Coconut,Chennai,30.26,186.9,2,6,2025,2025-02-05,Rabi,Medium,0
Lady Finger,Chennai,42.12,548.3,2,6,2025,2025-02-05,Rabi,Medium,0
Cabbage,Trichy,23.37,269.3,2,6,2025,2025-02-06,Rabi,Low,1
Chilli,Coimbatore,135.88,490.7,2,6,2025,2025-02-06,Rabi,Medium,1
Cauliflower,Chennai,36.23,380.7,2,6,2025,2025-02-06,Rabi,Medium,0
Chilli,Erode,153.11,408.9,2,6,2025,2025-02-06,Rabi,Low,1
Tomato,Trichy,38.88,647.6,2,6,2025,2025-02-07,Rabi,Medium,0
Lady Finger,Chennai,44.5,632.5,2,6,2025,2025-02-07,Rabi,Medium,0
Cotton,Coimbatore,59.83,174.7,2,6,2025,2025-02-07,Rabi,Medium,0
Rice,Vellore,35.76,459.1,2,6,2025,2025-02-07,Rabi,Medium,0
Sugarcane,Vellore,3.59,392.2,2,6,2025,2025-02-07,Rabi,Medium,0
Cotton,Trichy,58.87,890.1,2,6,2025,2025-02-07,Rabi,Medium,0
Onion,Salem,48.67,474.2,2,6,2025,2025-02-07,Rabi,Low,1
Tomato,Chennai,40.69,564.4,2,6,2025,2025-02-07,Rabi,Medium,0
Cauliflower,Erode,35.25,576.0,2,6,2025,2025-02-08,Rabi,Medium,0
Onion,Trichy,48.77,324.7,2,6,2025,2025-02-08,Rabi,Low,1
Potato,Tirunelveli,24.67,508.2,2,6,2025,2025-02-09,Rabi,Medium,0
Onion,Vellore,47.67,593.0,2,6,2025,2025-02-09,Rabi,Low,1
Brinjal,Dindigul,26.58,572.9,2,6,2025,2025-02-09,Rabi,Medium,0
Cabbage,Dindigul,24.48,422.8,2,6,2025,2025-02-09,Rabi,Low,1
Sugarcane,Trichy,3.81,466.7,2,6,2025,2025-02-09,Rabi,Medium,0
Potato,Chennai,22.96,658.0,2,7,2025,2025-02-10,Rabi,High,0
Cauliflower,Chennai,31.7,674.5,2,7,2025,2025-02-10,Rabi,Medium,0
Lady Finger,Tirunelveli,42.51,291.7,2,7,2025,2025-02-10,Rabi,Medium,0
Lady Finger,Madurai,40.05,579.3,2,7,2025,2025-02-10,Rabi,Medium,0
Onion,Salem,46.74,267.0,2,7,2025,2025-02-10,Rabi,Low,1
Carrot,Vellore,48.16,554.4,2,7,2025,2025-02-11,Rabi,Medium,0
Cotton,Salem,57.69,449.1,2,7,2025,2025-02-11,Rabi,Medium,0
Potato,Salem,25.5,694.6,2,7,2025,2025-02-11,Rabi,Medium,0
Cauliflower,Trichy,38.16,796.9,2,7,2025,2025-02-12,Rabi,Medium,0
Tomato,Tirunelveli,37.9,526.4,2,7,2025,2025-02-12,Rabi,Medium,0
Groundnut,Erode,71.32,532.4,2,7,2025,2025-02-12,Rabi,Medium,0
Coconut,Tirunelveli,26.63,475.9,2,7,2025,2025-02-12,Rabi,Medium,0
Groundnut,Salem,66.28,655.6,2,7,2025,2025-02-12,Rabi,Medium,0
Coconut,Dindigul,29.51,766.6,2,7,2025,2025-02-13,Rabi,Medium,0
Groundnut,Coimbatore,79.29,833.4,2,7,2025,2025-02-13,Rabi,Medium,0
Cotton,Madurai,49.16,390.4,2,7,2025,2025-02-13,Rabi,High,0
Onion,Tirunelveli,39.97,524.6,2,7,2025,2025-02-13,Rabi,Medium,1
Tomato,Madurai,37.8,901.0,2,7,2025,2025-02-14,Rabi,Medium,0
Sugarcane,Tirunelveli,4.06,422.6,2,7,2025,2025-02-15,Rabi,Medium,0
Groundnut,Tirunelveli,68.22,625.9,2,7,2025,2025-02-15,Rabi,Medium,0
Chilli,Coimbatore,146.04,285.5,2,7,2025,2025-02-15,Rabi,Low,1
Sugarcane,Trichy,3.95,640.8,2,7,2025,2025-02-15,Rabi,Medium,0
Groundnut,Thanjavur,71.06,263.3,2,7,2025,2025-02-15,Rabi,Medium,0
Sugarcane,Chennai,3.23,781.3,2,7,2025,2025-02-16,Rabi,High,0
Groundnut,Chennai,72.68,181.1,2,7,2025,2025-02-16,Rabi,Medium,0
Chilli,Coimbatore,156.41,613.9,2,7,2025,2025-02-16,Rabi,Low,1
Potato,Trichy,28.61,475.4,2,7,2025,2025-02-16,Rabi,Medium,0
Cotton,Vellore,55.66,578.2,2,7,2025,2025-02-16,Rabi,Medium,0
Brinjal,Erode,29.53,627.0,2,8,2025,2025-02-17,Rabi,Medium,0
Banana,Dindigul,41.83,675.6,2,8,2025,2025-02-17,Rabi,Medium,0
Potato,Thanjavur,27.16,371.3,2,8,2025,2025-02-17,Rabi,Medium,0
Potato,Trichy,27.01,579.0,2,8,2025,2025-02-18,Rabi,Medium,0
Sugarcane,Erode,3.95,720.9,2,8,2025,2025-02-18,Rabi,Medium,0
Rice,Salem,32.95,422.8,2,8,2025,2025-02-18,Rabi,Medium,0
Coconut,Chennai,30.26,580.0,2,8,2025,2025-02-19,Rabi,Medium,0
Lady Finger,Trichy,49.31,559.5,2,8,2025,2025-02-19,Rabi,Medium,0
Rice,Thanjavur,34.85,418.7,2,8,2025,2025-02-19,Rabi,Medium,0
Banana,Erode,42.13,478.3,2,8,2025,2025-02-19,Rabi,Medium,0
Groundnut,Coimbatore,67.21,535.2,2,8,2025,2025-02-19,Rabi,Medium,0
Potato,Vellore,30.73,720.1,2,8,2025,2025-02-20,Rabi,Medium,0
Onion,Vellore,45.05,433.3,2,8,2025,2025-02-20,Rabi,Low,1
Tomato,Dindigul,36.09,581.7,2,8,2025,2025-02-20,Rabi,Medium,0
Chilli,Vellore,146.96,614.4,2,8,2025,2025-02-21,Rabi,Low,1
Brinjal,Vellore,26.28,247.2,2,8,2025,2025-02-21,Rabi,Medium,0
Lady Finger,Trichy,40.56,566.6,2,8,2025,2025-02-21,Rabi,Medium,0
Banana,Erode,44.53,697.5,2,8,2025,2025-02-22,Rabi,Medium,0
Lady Finger,Tirunelveli,45.89,574.2,2,8,2025,2025-02-22,Rabi,Medium,0
Rice,Tirunelveli,33.83,417.1,2,8,2025,2025-02-22,Rabi,Medium,0
Lady Finger,Erode,43.47,707.4,2,8,2025,2025-02-22,Rabi,Medium,0
Rice,Coimbatore,34.7,543.8,2,8,2025,2025-02-22,Rabi,Medium,0
Carrot,Salem,55.32,721.7,2,8,2025,2025-02-23,Rabi,Medium,0
Tomato,Dindigul,35.84,645.8,2,8,2025,2025-02-23,Rabi,Medium,0
Lady Finger,Vellore,39.83,368.8,2,8,2025,2025-02-23,Rabi,Medium,0
Coconut,Trichy,28.81,388.0,2,8,2025,2025-02-23,Rabi,Medium,0
Lady Finger,Erode,44.6,696.6,2,8,2025,2025-02-23,Rabi,Medium,0
Lady Finger,Tirunelveli,42.02,657.1,2,9,2025,2025-02-24,Rabi,Medium,0
Rice,Coimbatore,32.36,449.8,2,9,2025,2025-02-24,Rabi,Medium,0
Cabbage,Tirunelveli,23.66,340.8,2,9,2025,2025-02-24,Rabi,Low,1
Tomato,Dindigul,38.81,415.5,2,9,2025,2025-02-24,Rabi,Medium,0
Tomato,Dindigul,40.23,558.1,2,9,2025,2025-02-24,Rabi,Medium,0
Cauliflower,Salem,34.97,396.8,2,9,2025,2025-02-24,Rabi,Medium,0
Cauliflower,Chennai,33.19,364.0,2,9,2025,2025-02-25,Rabi,Medium,0
Brinjal,Erode,28.05,721.3,2,9,2025,2025-02-25,Rabi,Medium,0
Cotton,Coimbatore,58.35,618.0,2,9,2025,2025-02-25,Rabi,Medium,0
Potato,Salem,29.45,626.0,2,9,2025,2025-02-25,Rabi,Medium,0
Banana,Trichy,43.63,563.4,2,9,2025,2025-02-25,Rabi,Medium,0
Onion,Vellore,45.39,375.7,2,9,2025,2025-02-25,Rabi,Low,1
Brinjal,Dindigul,30.81,559.4,2,9,2025,2025-02-27,Rabi,Medium,0
Carrot,Madurai,52.97,618.1,2,9,2025,2025-02-27,Rabi,Medium,0
Carrot,Salem,53.09,424.0,2,9,2025,2025-02-27,Rabi,Medium,0
Cabbage,Trichy,24.57,372.0,2,9,2025,2025-02-27,Rabi,Low,1
Sugarcane,Thanjavur,3.74,370.7,2,9,2025,2025-02-27,Rabi,Medium,0
Banana,Madurai,48.1,222.8,2,9,2025,2025-02-28,Rabi,Medium,0
Banana,Madurai,47.33,504.1,2,9,2025,2025-02-28,Rabi,Medium,0
Groundnut,Dindigul,63.53,486.8,2,9,2025,2025-02-28,Rabi,High,0
Rice,Trichy,32.27,541.4,2,9,2025,2025-02-28,Rabi,Medium,0
Chilli,Coimbatore,148.25,456.8,2,9,2025,2025-02-28,Rabi,Low,1
Brinjal,Coimbatore,29.64,680.8,2,9,2025,2025-02-28,Rabi,Medium,0
Carrot,Chennai,51.72,542.2,2,9,2025,2025-02-28,Rabi,Medium,0
Cabbage,Trichy,20.79,427.0,3,9,2025,2025-03-01,Rabi,Medium,0
Chilli,Thanjavur,161.66,690.3,3,9,2025,2025-03-02,Rabi,Low,1
Coconut,Madurai,33.83,534.1,3,10,2025,2025-03-03,Rabi,Medium,1
Coconut,Dindigul,37.54,331.0,3,10,2025,2025-03-03,Rabi,Low,1
Coconut,Dindigul,34.1,638.3,3,10,2025,2025-03-03,Rabi,Medium,1
Potato,Coimbatore,24.77,747.9,3,10,2025,2025-03-03,Rabi,Medium,0
Onion,Trichy,32.79,458.2,3,10,2025,2025-03-04,Rabi,Medium,0
Cotton,Vellore,60.72,538.5,3,10,2025,2025-03-04,Rabi,Medium,0
Cotton,Erode,57.78,854.7,3,10,2025,2025-03-04,Rabi,Medium,0
Carrot,Erode,49.92,245.2,3,10,2025,2025-03-04,Rabi,Medium,0
Carrot,Madurai,55.86,728.5,3,10,2025,2025-03-04,Rabi,Medium,0
Cabbage,Madurai,18.87,586.3,3,10,2025,2025-03-05,Rabi,Medium,0
Lady Finger,Tirunelveli,47.77,610.4,3,10,2025,2025-03-05,Rabi,Medium,0
Cabbage,Tirunelveli,19.52,639.4,3,10,2025,2025-03-05,Rabi,Medium,0
Carrot,Coimbatore,52.51,697.1,3,10,2025,2025-03-05,Rabi,Medium,0
Banana,Coimbatore,42.23,359.2,3,10,2025,2025-03-06,Rabi,Medium,0
Onion,Trichy,35.47,672.0,3,10,2025,2025-03-06,Rabi,Medium,0
Brinjal,Salem,30.37,551.2,3,10,2025,2025-03-06,Rabi,Medium,0
Cabbage,Chennai,19.89,546.2,3,10,2025,2025-03-07,Rabi,Medium,0
Onion,Madurai,30.3,670.1,3,10,2025,2025-03-07,Rabi,Medium,0
Onion,Erode,32.67,678.9,3,10,2025,2025-03-07,Rabi,Medium,0
Tomato,Salem,34.83,575.8,3,10,2025,2025-03-07,Rabi,Medium,0
Banana,Dindigul,44.87,690.5,3,10,2025,2025-03-07,Rabi,Medium,0
Carrot,Chennai,61.69,585.8,3,10,2025,2025-03-08,Rabi,Medium,0
Carrot,Tirunelveli,49.39,612.6,3,10,2025,2025-03-08,Rabi,Medium,0
Tomato,Vellore,34.83,689.8,3,10,2025,2025-03-08,Rabi,Medium,0
Cauliflower,Erode,32.18,783.0,3,10,2025,2025-03-08,Rabi,Medium,0
Banana,Vellore,43.1,518.7,3,10,2025,2025-03-08,Rabi,Medium,0
Potato,Vellore,27.33,749.9,3,10,2025,2025-03-09,Rabi,Medium,0
Cabbage,Tirunelveli,18.27,689.9,3,10,2025,2025-03-09,Rabi,Medium,0
Sugarcane,Thanjavur,4.22,546.0,3,10,2025,2025-03-09,Rabi,Medium,0
Tomato,Trichy,37.67,296.2,3,10,2025,2025-03-09,Rabi,Medium,0
Chilli,Tirunelveli,159.71,503.6,3,10,2025,2025-03-09,Rabi,Low,1
Onion,Trichy,33.77,632.9,3,11,2025,2025-03-10,Rabi,Medium,0
Potato,Thanjavur,25.08,634.5,3,11,2025,2025-03-10,Rabi,Medium,0
Onion,Chennai,37.05,442.5,3,11,2025,2025-03-11,Rabi,Medium,0
Onion,Thanjavur,31.8,496.5,3,11,2025,2025-03-11,Rabi,Medium,0
Carrot,Tirunelveli,49.83,575.5,3,11,2025,2025-03-11,Rabi,Medium,0
Brinjal,Coimbatore,29.15,476.9,3,11,2025,2025-03-11,Rabi,Medium,0
Rice,Tirunelveli,30.45,480.1,3,11,2025,2025-03-12,Rabi,Medium,0
Cotton,Chennai,61.35,557.9,3,11,2025,2025-03-13,Rabi,Medium,0
Carrot,Thanjavur,52.96,706.9,3,11,2025,2025-03-13,Rabi,Medium,0
Banana,Coimbatore,40.4,713.0,3,11,2025,2025-03-13,Rabi,Medium,0
Cotton,Chennai,58.25,298.6,3,11,2025,2025-03-13,Rabi,Medium,0
Groundnut,Madurai,71.58,536.0,3,11,2025,2025-03-13,Rabi,Medium,0
Cotton,Erode,57.93,631.6,3,11,2025,2025-03-13,Rabi,Medium,0
Rice,Thanjavur,34.21,482.7,3,11,2025,2025-03-13,Rabi,Medium,0
Rice,Salem,34.83,830.3,3,11,2025,2025-03-14,Rabi,Medium,0
Brinjal,Dindigul,29.77,636.8,3,11,2025,2025-03-14,Rabi,Medium,0
Cauliflower,Tirunelveli,32.71,679.3,3,11,2025,2025-03-14,Rabi,Medium,0
Lady Finger,Thanjavur,44.39,514.3,3,11,2025,2025-03-14,Rabi,Medium,0
Sugarcane,Erode,3.69,582.1,3,11,2025,2025-03-14,Rabi,Medium,0
Chilli,Salem,144.45,569.1,3,11,2025,2025-03-14,Rabi,Low,1
Lady Finger,Madurai,41.15,317.7,3,11,2025,2025-03-15,Rabi,Medium,0
Onion,Chennai,32.53,373.6,3,11,2025,2025-03-15,Rabi,Medium,0
Carrot,Thanjavur,49.27,469.3,3,11,2025,2025-03-16,Rabi,Medium,0
Brinjal,Madurai,28.58,384.0,3,11,2025,2025-03-16,Rabi,Medium,0
Cabbage,Coimbatore,16.35,561.9,3,11,2025,2025-03-16,Rabi,High,0
Cauliflower,Tirunelveli,30.76,516.3,3,11,2025,2025-03-16,Rabi,Medium,0
Onion,Vellore,29.66,702.4,3,11,2025,2025-03-16,Rabi,High,0
Coconut,Dindigul,39.08,266.5,3,11,2025,2025-03-16,Rabi,Low,1
Onion,Erode,37.98,598.2,3,11,2025,2025-03-16,Rabi,Medium,0
Tomato,Coimbatore,37.84,664.2,3,11,2025,2025-03-16,Rabi,Medium,0
Groundnut,Dindigul,77.0,534.7,3,12,2025,2025-03-17,Rabi,Medium,0
Cauliflower,Salem,33.68,759.2,3,12,2025,2025-03-17,Rabi,Medium,0
Sugarcane,Trichy,4.25,258.9,3,12,2025,2025-03-17,Rabi,Medium,0
Lady Finger,Thanjavur,42.59,602.0,3,12,2025,2025-03-17,Rabi,Medium,0
Sugarcane,Salem,3.78,560.0,3,12,2025,2025-03-17,Rabi,Medium,0
Chilli,Coimbatore,143.22,256.2,3,12,2025,2025-03-17,Rabi,Low,1
Lady Finger,Coimbatore,45.72,642.2,3,12,2025,2025-03-17,Rabi,Medium,0
Groundnut,Erode,77.26,567.2,3,12,2025,2025-03-17,Rabi,Medium,0
Coconut,Salem,38.47,524.2,3,12,2025,2025-03-17,Rabi,Low,1
Chilli,Madurai,141.01,353.4,3,12,2025,2025-03-17,Rabi,Low,1
Sugarcane,Chennai,4.07,608.5,3,12,2025,2025-03-17,Rabi,Medium,0
Lady Finger,Coimbatore,46.76,315.4,3,12,2025,2025-03-18,Rabi,Medium,0
Coconut,Dindigul,40.91,413.9,3,12,2025,2025-03-18,Rabi,Low,1
Banana,Erode,47.55,556.9,3,12,2025,2025-03-18,Rabi,Medium,0
Chilli,Thanjavur,149.68,490.9,3,12,2025,2025-03-18,Rabi,Low,1
Lady Finger,Erode,42.14,665.7,3,12,2025,2025-03-18,Rabi,Medium,0
Brinjal,Tirunelveli,29.72,636.1,3,12,2025,2025-03-18,Rabi,Medium,0
Tomato,Dindigul,38.58,437.5,3,12,2025,2025-03-19,Rabi,Medium,0
Groundnut,Erode,69.84,533.3,3,12,2025,2025-03-19,Rabi,Medium,0
Banana,Dindigul,42.81,636.7,3,12,2025,2025-03-19,Rabi,Medium,0
Brinjal,Erode,28.54,617.7,3,12,2025,2025-03-19,Rabi,Medium,0
Sugarcane,Coimbatore,3.76,705.0,3,12,2025,2025-03-19,Rabi,Medium,0
Tomato,Trichy,38.93,404.4,3,12,2025,2025-03-20,Rabi,Medium,0
Cauliflower,Trichy,36.17,544.6,3,12,2025,2025-03-20,Rabi,Medium,0
Brinjal,Coimbatore,30.2,610.9,3,12,2025,2025-03-21,Rabi,Medium,0
Cotton,Coimbatore,54.82,618.2,3,12,2025,2025-03-21,Rabi,Medium,0
Cabbage,Chennai,18.42,416.1,3,12,2025,2025-03-21,Rabi,Medium,0
Sugarcane,Trichy,4.01,735.1,3,12,2025,2025-03-21,Rabi,Medium,0
Onion,Trichy,35.17,546.6,3,12,2025,2025-03-21,Rabi,Medium,0
Cauliflower,Madurai,26.65,405.4,3,12,2025,2025-03-22,Rabi,High,0
Carrot,Vellore,51.63,225.0,3,12,2025,2025-03-23,Rabi,Medium,0
Groundnut,Tirunelveli,73.54,599.6,3,12,2025,2025-03-23,Rabi,Medium,0
Cauliflower,Tirunelveli,32.08,426.8,3,12,2025,2025-03-23,Rabi,Medium,0
Cauliflower,Thanjavur,33.89,782.8,3,12,2025,2025-03-23,Rabi,Medium,0
Coconut,Thanjavur,37.62,392.0,3,12,2025,2025-03-23,Rabi,Low,1
Tomato,Madurai,38.83,373.3,3,12,2025,2025-03-23,Rabi,Medium,0
Cotton,Dindigul,56.39,547.9,3,13,2025,2025-03-24,Rabi,Medium,0
Onion,Thanjavur,30.08,453.5,3,13,2025,2025-03-24,Rabi,Medium,0
Brinjal,Erode,28.92,448.9,3,13,2025,2025-03-25,Rabi,Medium,0
Cabbage,Vellore,16.76,381.6,3,13,2025,2025-03-25,Rabi,High,0
Tomato,Trichy,37.31,734.3,3,13,2025,2025-03-25,Rabi,Medium,0
Banana,Vellore,46.98,500.9,3,13,2025,2025-03-25,Rabi,Medium,0
Banana,Erode,39.92,847.8,3,13,2025,2025-03-25,Rabi,Medium,0
Onion,Tirunelveli,32.73,520.7,3,13,2025,2025-03-26,Rabi,Medium,0
Tomato,Trichy,36.61,339.6,3,13,2025,2025-03-26,Rabi,Medium,0
Onion,Trichy,31.42,373.9,3,13,2025,2025-03-26,Rabi,Medium,0
Sugarcane,Thanjavur,3.69,802.8,3,13,2025,2025-03-26,Rabi,Medium,0
Tomato,Tirunelveli,42.7,720.4,3,13,2025,2025-03-26,Rabi,Medium,0
Groundnut,Thanjavur,76.93,325.7,3,13,2025,2025-03-26,Rabi,Medium,0
Carrot,Thanjavur,51.11,554.2,3,13,2025,2025-03-27,Rabi,Medium,0
Brinjal,Coimbatore,29.77,587.8,3,13,2025,2025-03-27,Rabi,Medium,0
Cotton,Dindigul,62.08,378.5,3,13,2025,2025-03-28,Rabi,Medium,0
Tomato,Salem,34.04,835.8,3,13,2025,2025-03-28,Rabi,Medium,0
Cotton,Coimbatore,55.22,586.5,3,13,2025,2025-03-28,Rabi,Medium,0
Potato,Trichy,27.07,411.6,3,13,2025,2025-03-28,Rabi,Medium,0
Coconut,Madurai,40.49,167.5,3,13,2025,2025-03-28,Rabi,Low,1
Tomato,Chennai,32.29,744.2,3,13,2025,2025-03-29,Rabi,High,0
Potato,Salem,26.99,613.6,3,13,2025,2025-03-29,Rabi,Medium,0
Cabbage,Erode,18.2,554.8,3,13,2025,2025-03-29,Rabi,Medium,0
Banana,Trichy,44.95,162.0,3,13,2025,2025-03-29,Rabi,Medium,0
Chilli,Coimbatore,146.01,455.6,3,13,2025,2025-03-29,Rabi,Low,1
Cabbage,Vellore,20.98,648.3,3,13,2025,2025-03-29,Rabi,Medium,0
Tomato,Erode,37.64,335.9,3,13,2025,2025-03-30,Rabi,Medium,0
Sugarcane,Salem,3.57,388.1,3,13,2025,2025-03-30,Rabi,Medium,0
Onion,Coimbatore,27.99,502.4,3,13,2025,2025-03-30,Rabi,High,0
Groundnut,Vellore,70.57,726.1,3,13,2025,2025-03-30,Rabi,Medium,0
Sugarcane,Vellore,4.2,505.1,3,13,2025,2025-03-30,Rabi,Medium,0
Sugarcane,Coimbatore,3.95,774.6,3,13,2025,2025-03-30,Rabi,Medium,0
Cabbage,Erode,18.95,812.9,3,14,2025,2025-03-31,Rabi,Medium,0
Banana,Coimbatore,40.05,609.0,3,14,2025,2025-03-31,Rabi,Medium,0
Cauliflower,Dindigul,38.38,458.0,4,14,2025,2025-04-01,Zaid,Medium,0
Cotton,Dindigul,57.58,655.4,4,14,2025,2025-04-01,Zaid,Medium,0
Groundnut,Chennai,66.75,500.2,4,14,2025,2025-04-01,Zaid,Medium,0
Coconut,Thanjavur,41.23,410.0,4,14,2025,2025-04-02,Zaid,Low,1
Onion,Erode,33.15,257.8,4,14,2025,2025-04-03,Zaid,Medium,0
Chilli,Coimbatore,111.41,455.8,4,14,2025,2025-04-03,Zaid,Medium,0
Tomato,Dindigul,40.53,397.7,4,14,2025,2025-04-03,Zaid,Medium,0
Rice,Madurai,35.63,497.2,4,14,2025,2025-04-04,Zaid,Medium,0
Onion,Salem,28.11,528.6,4,14,2025,2025-04-04,Zaid,High,0
Sugarcane,Coimbatore,4.07,370.3,4,14,2025,2025-04-04,Zaid,Medium,0
Groundnut,Coimbatore,77.85,587.8,4,14,2025,2025-04-04,Zaid,Medium,0
Brinjal,Vellore,29.82,682.9,4,14,2025,2025-04-06,Zaid,Medium,0
Coconut,Chennai,37.64,444.6,4,14,2025,2025-04-06,Zaid,Low,1
Chilli,Salem,118.86,605.7,4,14,2025,2025-04-06,Zaid,Medium,0
Rice,Coimbatore,34.66,499.5,4,14,2025,2025-04-06,Zaid,Medium,0
Tomato,Vellore,38.22,359.8,4,15,2025,2025-04-07,Zaid,Medium,0
Chilli,Thanjavur,120.03,580.3,4,15,2025,2025-04-07,Zaid,Medium,0
Chilli,Coimbatore,108.49,706.9,4,15,2025,2025-04-07,Zaid,Medium,0
Banana,Vellore,51.6,282.0,4,15,2025,2025-04-07,Zaid,Medium,1
Chilli,Coimbatore,97.31,471.7,4,15,2025,2025-04-08,Zaid,High,0
Sugarcane,Coimbatore,4.2,300.2,4,15,2025,2025-04-08,Zaid,Medium,0
Carrot,Dindigul,54.28,453.7,4,15,2025,2025-04-08,Zaid,Medium,0
Chilli,Erode,94.42,838.4,4,15,2025,2025-04-09,Zaid,High,0
Onion,Salem,35.41,385.3,4,15,2025,2025-04-09,Zaid,Medium,0
Groundnut,Chennai,77.25,667.9,4,15,2025,2025-04-09,Zaid,Medium,0
Rice,Chennai,31.82,484.2,4,15,2025,2025-04-10,Zaid,Medium,0
Cabbage,Thanjavur,18.47,324.5,4,15,2025,2025-04-11,Zaid,Medium,0
Potato,Madurai,20.71,701.6,4,15,2025,2025-04-11,Zaid,High,0
Carrot,Vellore,48.55,374.4,4,15,2025,2025-04-12,Zaid,Medium,0
Potato,Trichy,25.1,538.8,4,15,2025,2025-04-12,Zaid,Medium,0
Coconut,Trichy,40.47,516.5,4,15,2025,2025-04-12,Zaid,Low,1
Cauliflower,Tirunelveli,35.02,646.2,4,15,2025,2025-04-13,Zaid,Medium,0
Tomato,Trichy,32.94,361.3,4,15,2025,2025-04-13,Zaid,High,0
Tomato,Erode,40.74,592.9,4,15,2025,2025-04-13,Zaid,Medium,0
Tomato,Dindigul,37.58,510.3,4,15,2025,2025-04-13,Zaid,Medium,0
Chilli,Chennai,114.22,703.4,4,16,2025,2025-04-14,Zaid,Medium,0
Chilli,Trichy,115.13,494.6,4,16,2025,2025-04-14,Zaid,Medium,0
Coconut,Tirunelveli,36.88,275.9,4,16,2025,2025-04-15,Zaid,Low,1
Lady Finger,Tirunelveli,38.63,655.3,4,16,2025,2025-04-15,Zaid,Medium,0
Cotton,Dindigul,53.52,615.8,4,16,2025,2025-04-15,Zaid,Medium,0
Coconut,Erode,43.59,490.9,4,16,2025,2025-04-16,Zaid,Low,1
Potato,Erode,27.83,632.2,4,16,2025,2025-04-16,Zaid,Medium,0
Sugarcane,Trichy,3.53,522.9,4,16,2025,2025-04-17,Zaid,Medium,0
Cabbage,Dindigul,19.82,527.8,4,16,2025,2025-04-17,Zaid,Medium,0
Lady Finger,Vellore,40.85,474.2,4,16,2025,2025-04-18,Zaid,Medium,0
Groundnut,Vellore,76.47,449.6,4,16,2025,2025-04-18,Zaid,Medium,0
Onion,Dindigul,32.64,427.0,4,16,2025,2025-04-18,Zaid,Medium,0
Brinjal,Vellore,27.96,559.2,4,16,2025,2025-04-18,Zaid,Medium,0
Tomato,Erode,38.42,707.8,4,16,2025,2025-04-19,Zaid,Medium,0
Potato,Coimbatore,26.67,674.5,4,16,2025,2025-04-19,Zaid,Medium,0
Banana,Trichy,57.46,537.3,4,16,2025,2025-04-19,Zaid,Low,1
Lady Finger,Trichy,44.92,608.5,4,16,2025,2025-04-20,Zaid,Medium,0
Cauliflower,Vellore,35.09,458.0,4,16,2025,2025-04-20,Zaid,Medium,0
Banana,Coimbatore,58.68,169.0,4,16,2025,2025-04-20,Zaid,Low,1
Sugarcane,Vellore,4.18,277.4,4,16,2025,2025-04-20,Zaid,Medium,0
Rice,Coimbatore,34.0,540.3,4,16,2025,2025-04-20,Zaid,Medium,0
Rice,Erode,32.61,502.1,4,17,2025,2025-04-21,Zaid,Medium,0
Chilli,Vellore,127.88,138.3,4,17,2025,2025-04-21,Zaid,Medium,0
Chilli,Tirunelveli,112.99,957.3,4,17,2025,2025-04-21,Zaid,Medium,0
Cotton,Coimbatore,54.37,251.9,4,17,2025,2025-04-22,Zaid,Medium,0
Groundnut,Salem,66.19,477.9,4,17,2025,2025-04-22,Zaid,Medium,0
Rice,Chennai,32.65,675.9,4,17,2025,2025-04-22,Zaid,Medium,0
Banana,Chennai,55.16,417.1,4,17,2025,2025-04-23,Zaid,Low,1
Carrot,Tirunelveli,47.69,559.7,4,17,2025,2025-04-23,Zaid,Medium,0
Chilli,Coimbatore,111.0,789.8,4,17,2025,2025-04-24,Zaid,Medium,0
Brinjal,Tirunelveli,28.47,872.9,4,17,2025,2025-04-24,Zaid,Medium,0
Coconut,Dindigul,38.79,376.8,4,17,2025,2025-04-24,Zaid,Low,1
Onion,Tirunelveli,30.31,562.2,4,17,2025,2025-04-24,Zaid,Medium,0
Cauliflower,Trichy,34.39,419.8,4,17,2025,2025-04-25,Zaid,Medium,0
Brinjal,Thanjavur,30.05,573.8,4,17,2025,2025-04-25,Zaid,Medium,0
Potato,Salem,26.77,823.9,4,17,2025,2025-04-25,Zaid,Medium,0
Carrot,Madurai,54.52,822.7,4,17,2025,2025-04-25,Zaid,Medium,0
Cotton,Vellore,55.11,418.2,4,17,2025,2025-04-26,Zaid,Medium,0
Carrot,Salem,54.13,540.3,4,17,2025,2025-04-26,Zaid,Medium,0
Brinjal,Salem,32.91,576.4,4,17,2025,2025-04-26,Zaid,Medium,0
Cauliflower,Tirunelveli,32.51,526.2,4,17,2025,2025-04-27,Zaid,Medium,0
Coconut,Madurai,35.28,389.4,4,17,2025,2025-04-27,Zaid,Low,1
Carrot,Salem,53.13,675.6,4,17,2025,2025-04-27,Zaid,Medium,0
Onion,Madurai,33.07,236.3,4,18,2025,2025-04-28,Zaid,Medium,0
Tomato,Thanjavur,39.19,450.5,4,18,2025,2025-04-28,Zaid,Medium,0
Sugarcane,Dindigul,3.67,726.8,4,18,2025,2025-04-28,Zaid,Medium,0
Rice,Trichy,30.55,262.4,4,18,2025,2025-04-28,Zaid,Medium,0
Tomato,Thanjavur,39.22,624.3,4,18,2025,2025-04-29,Zaid,Medium,0
Cotton,Chennai,46.71,747.1,4,18,2025,2025-04-29,Zaid,High,0
Sugarcane,Coimbatore,3.84,803.7,4,18,2025,2025-04-29,Zaid,Medium,0
Lady Finger,Vellore,40.34,416.1,4,18,2025,2025-04-30,Zaid,Medium,0
Cotton,Dindigul,58.72,606.8,4,18,2025,2025-04-30,Zaid,Medium,0
Sugarcane,Trichy,3.79,362.6,4,18,2025,2025-04-30,Zaid,Medium,0
Coconut,Trichy,37.65,563.1,5,18,2025,2025-05-01,Zaid,Low,1
Cauliflower,Thanjavur,35.18,929.1,5,18,2025,2025-05-01,Zaid,Medium,0
Chilli,Vellore,109.14,816.2,5,18,2025,2025-05-01,Zaid,Medium,0
Cotton,Madurai,55.66,695.1,5,18,2025,2025-05-01,Zaid,Medium,0
Carrot,Chennai,52.3,493.2,5,18,2025,2025-05-01,Zaid,Medium,0
Coconut,Chennai,39.31,369.0,5,18,2025,2025-05-01,Zaid,Low,1
Groundnut,Madurai,67.94,474.1,5,18,2025,2025-05-01,Zaid,Medium,0
Onion,Vellore,30.46,468.9,5,18,2025,2025-05-02,Zaid,Medium,0
Cabbage,Madurai,18.61,511.4,5,18,2025,2025-05-03,Zaid,Medium,0
Carrot,Dindigul,48.16,683.1,5,18,2025,2025-05-04,Zaid,Medium,0
Carrot,Thanjavur,53.29,512.2,5,18,2025,2025-05-04,Zaid,Medium,0
Lady Finger,Thanjavur,44.66,782.6,5,18,2025,2025-05-04,Zaid,Medium,0
Chilli,Madurai,129.44,432.0,5,19,2025,2025-05-05,Zaid,Medium,0
Onion,Erode,32.28,447.6,5,19,2025,2025-05-05,Zaid,Medium,0
Groundnut,Tirunelveli,75.04,344.7,5,19,2025,2025-05-05,Zaid,Medium,0
Sugarcane,Thanjavur,3.7,385.1,5,19,2025,2025-05-06,Zaid,Medium,0
Carrot,Salem,49.58,555.3,5,19,2025,2025-05-06,Zaid,Medium,0
Tomato,Coimbatore,34.54,569.0,5,19,2025,2025-05-06,Zaid,Medium,0
Cauliflower,Trichy,31.43,366.2,5,19,2025,2025-05-07,Zaid,Medium,0
Cotton,Trichy,57.1,661.1,5,19,2025,2025-05-07,Zaid,Medium,0
Coconut,Chennai,38.5,504.6,5,19,2025,2025-05-07,Zaid,Low,1
Coconut,Vellore,34.25,121.3,5,19,2025,2025-05-07,Zaid,Medium,1
Potato,Vellore,25.3,411.6,5,19,2025,2025-05-07,Zaid,Medium,0
Groundnut,Tirunelveli,71.96,657.8,5,19,2025,2025-05-08,Zaid,Medium,0
Cabbage,Erode,19.02,624.7,5,19,2025,2025-05-08,Zaid,Medium,0
Onion,Dindigul,30.1,578.5,5,19,2025,2025-05-09,Zaid,Medium,0
Cabbage,Dindigul,18.75,520.9,5,19,2025,2025-05-09,Zaid,Medium,0
Onion,Tirunelveli,32.06,618.6,5,19,2025,2025-05-10,Zaid,Medium,0
Sugarcane,Chennai,3.22,758.8,5,19,2025,2025-05-11,Zaid,High,0
Rice,Tirunelveli,34.68,736.2,5,20,2025,2025-05-12,Zaid,Medium,0
Carrot,Salem,54.72,549.9,5,20,2025,2025-05-12,Zaid,Medium,0
Rice,Chennai,32.94,640.2,5,20,2025,2025-05-12,Zaid,Medium,0
Rice,Erode,37.19,495.7,5,20,2025,2025-05-12,Zaid,Medium,0
Cauliflower,Chennai,33.0,452.8,5,20,2025,2025-05-13,Zaid,Medium,0
Brinjal,Erode,27.74,451.0,5,20,2025,2025-05-13,Zaid,Medium,0
Lady Finger,Vellore,41.09,670.8,5,20,2025,2025-05-13,Zaid,Medium,0
Brinjal,Dindigul,27.65,648.5,5,20,2025,2025-05-13,Zaid,Medium,0
Lady Finger,Dindigul,36.65,256.4,5,20,2025,2025-05-13,Zaid,High,0
Brinjal,Dindigul,30.99,328.9,5,20,2025,2025-05-13,Zaid,Medium,0
Banana,Dindigul,53.4,497.2,5,20,2025,2025-05-14,Zaid,Low,1
Rice,Tirunelveli,34.59,362.1,5,20,2025,2025-05-15,Zaid,Medium,0
Cauliflower,Dindigul,31.2,382.5,5,20,2025,2025-05-15,Zaid,Medium,0
Rice,Chennai,32.48,632.9,5,20,2025,2025-05-16,Zaid,Medium,0
Carrot,Chennai,60.63,598.7,5,20,2025,2025-05-16,Zaid,Medium,0
Brinjal,Madurai,30.92,840.9,5,20,2025,2025-05-16,Zaid,Medium,0
Brinjal,Coimbatore,30.49,542.7,5,20,2025,2025-05-16,Zaid,Medium,0
Rice,Thanjavur,32.78,759.9,5,20,2025,2025-05-17,Zaid,Medium,0
Chilli,Tirunelveli,107.94,319.8,5,20,2025,2025-05-18,Zaid,Medium,0
Chilli,Vellore,115.2,417.7,5,20,2025,2025-05-18,Zaid,Medium,0
Carrot,Vellore,50.9,806.0,5,20,2025,2025-05-18,Zaid,Medium,0
Rice,Madurai,37.3,530.9,5,20,2025,2025-05-18,Zaid,Medium,0
Onion,Tirunelveli,29.49,513.1,5,20,2025,2025-05-18,Zaid,High,0
Tomato,Madurai,40.89,653.0,5,20,2025,2025-05-18,Zaid,Medium,0
Brinjal,Madurai,31.33,728.7,5,21,2025,2025-05-20,Zaid,Medium,0
Sugarcane,Chennai,4.12,530.6,5,21,2025,2025-05-20,Zaid,Medium,0
Lady Finger,Thanjavur,41.17,283.2,5,21,2025,2025-05-20,Zaid,Medium,0
Onion,Vellore,31.53,738.7,5,21,2025,2025-05-20,Zaid,Medium,0
Chilli,Vellore,114.85,699.4,5,21,2025,2025-05-21,Zaid,Medium,0
Sugarcane,Coimbatore,4.04,322.1,5,21,2025,2025-05-21,Zaid,Medium,0
Rice,Trichy,36.78,472.3,5,21,2025,2025-05-21,Zaid,Medium,0
Cotton,Erode,65.23,309.9,5,21,2025,2025-05-22,Zaid,Medium,0
Cotton,Vellore,51.39,638.9,5,21,2025,2025-05-22,Zaid,Medium,0
Cabbage,Thanjavur,17.41,376.2,5,21,2025,2025-05-22,Zaid,Medium,0
Cotton,Vellore,62.82,443.5,5,21,2025,2025-05-22,Zaid,Medium,0
Cauliflower,Chennai,35.72,505.9,5,21,2025,2025-05-22,Zaid,Medium,0
Chilli,Vellore,119.37,559.3,5,21,2025,2025-05-22,Zaid,Medium,0
Cabbage,Coimbatore,16.48,397.0,5,21,2025,2025-05-22,Zaid,High,0
Potato,Coimbatore,25.92,469.1,5,21,2025,2025-05-22,Zaid,Medium,0
Cauliflower,Chennai,33.56,365.5,5,21,2025,2025-05-23,Zaid,Medium,0
Potato,Salem,27.17,645.0,5,21,2025,2025-05-23,Zaid,Medium,0
Carrot,Thanjavur,58.76,771.9,5,21,2025,2025-05-23,Zaid,Medium,0
Onion,Coimbatore,28.44,438.9,5,21,2025,2025-05-23,Zaid,High,0
Banana,Trichy,55.87,628.0,5,21,2025,2025-05-23,Zaid,Low,1
Sugarcane,Tirunelveli,4.29,481.7,5,21,2025,2025-05-23,Zaid,Medium,0
Banana,Trichy,60.03,379.4,5,21,2025,2025-05-24,Zaid,Low,1
Cabbage,Thanjavur,19.34,739.8,5,21,2025,2025-05-24,Zaid,Medium,0
Brinjal,Thanjavur,27.58,148.1,5,21,2025,2025-05-24,Zaid,Medium,0
Coconut,Dindigul,37.84,347.9,5,21,2025,2025-05-24,Zaid,Low,1
Rice,Vellore,35.74,518.7,5,21,2025,2025-05-24,Zaid,Medium,0
Groundnut,Trichy,77.07,609.3,5,21,2025,2025-05-24,Zaid,Medium,0
Chilli,Dindigul,119.37,924.9,5,21,2025,2025-05-24,Zaid,Medium,0
Groundnut,Madurai,74.0,532.7,5,21,2025,2025-05-25,Zaid,Medium,0
Rice,Madurai,34.73,618.4,5,21,2025,2025-05-25,Zaid,Medium,0
Groundnut,Dindigul,77.99,632.8,5,22,2025,2025-05-26,Zaid,Medium,0
Cauliflower,Vellore,34.46,677.6,5,22,2025,2025-05-26,Zaid,Medium,0
Brinjal,Madurai,27.66,462.9,5,22,2025,2025-05-26,Zaid,Medium,0
Cauliflower,Vellore,35.19,627.1,5,22,2025,2025-05-26,Zaid,Medium,0
Lady Finger,Tirunelveli,39.96,484.0,5,22,2025,2025-05-26,Zaid,Medium,0
Cotton,Chennai,57.35,488.8,5,22,2025,2025-05-26,Zaid,Medium,0
Brinjal,Salem,29.41,466.4,5,22,2025,2025-05-27,Zaid,Medium,0
Rice,Vellore,32.29,470.5,5,22,2025,2025-05-27,Zaid,Medium,0
Brinjal,Vellore,31.19,646.2,5,22,2025,2025-05-27,Zaid,Medium,0
Cotton,Dindigul,60.3,304.7,5,22,2025,2025-05-27,Zaid,Medium,0
Rice,Dindigul,32.72,613.7,5,22,2025,2025-05-27,Zaid,Medium,0
Onion,Thanjavur,32.47,394.0,5,22,2025,2025-05-27,Zaid,Medium,0
Rice,Erode,38.3,380.4,5,22,2025,2025-05-27,Zaid,Medium,0
Banana,Trichy,52.93,364.8,5,22,2025,2025-05-27,Zaid,Low,1
Cotton,Salem,59.79,737.7,5,22,2025,2025-05-28,Zaid,Medium,0
Coconut,Madurai,35.32,384.6,5,22,2025,2025-05-28,Zaid,Low,1
Cabbage,Chennai,20.11,663.5,5,22,2025,2025-05-28,Zaid,Medium,0
Carrot,Coimbatore,55.15,121.6,5,22,2025,2025-05-28,Zaid,Medium,0
Potato,Dindigul,23.96,433.7,5,22,2025,2025-05-28,Zaid,Medium,0
Carrot,Chennai,54.16,504.7,5,22,2025,2025-05-28,Zaid,Medium,0
Banana,Thanjavur,54.92,526.6,5,22,2025,2025-05-29,Zaid,Low,1
Carrot,Dindigul,51.41,530.9,5,22,2025,2025-05-29,Zaid,Medium,0
Coconut,Dindigul,38.33,358.6,5,22,2025,2025-05-29,Zaid,Low,1
Groundnut,Chennai,74.04,750.6,5,22,2025,2025-05-30,Zaid,Medium,0
Cotton,Chennai,58.36,639.6,5,22,2025,2025-05-30,Zaid,Medium,0
Sugarcane,Salem,4.05,432.8,5,22,2025,2025-05-30,Zaid,Medium,0
Rice,Trichy,33.27,787.7,5,22,2025,2025-05-30,Zaid,Medium,0
Lady Finger,Thanjavur,41.9,514.4,5,22,2025,2025-05-31,Zaid,Medium,0
Potato,Chennai,27.53,449.0,5,22,2025,2025-05-31,Zaid,Medium,0
Potato,Dindigul,25.18,378.8,5,22,2025,2025-05-31,Zaid,Medium,0
Brinjal,Dindigul,28.67,631.0,5,22,2025,2025-05-31,Zaid,Medium,0
Banana,Tirunelveli,66.51,422.8,5,22,2025,2025-05-31,Zaid,Low,1
Brinjal,Salem,28.48,733.0,6,22,2025,2025-06-01,Kharif,Medium,0
Banana,Thanjavur,59.27,431.3,6,22,2025,2025-06-01,Kharif,Low,1
Coconut,Dindigul,27.5,619.7,6,22,2025,2025-06-01,Kharif,Medium,0
Cauliflower,Coimbatore,33.73,674.9,6,22,2025,2025-06-01,Kharif,Medium,0
Cotton,Madurai,60.8,448.1,6,23,2025,2025-06-02,Kharif,Medium,0
Potato,Coimbatore,28.04,696.0,6,23,2025,2025-06-02,Kharif,Medium,0
Lady Finger,Thanjavur,59.17,590.7,6,23,2025,2025-06-02,Kharif,Low,1
Tomato,Trichy,39.2,692.2,6,23,2025,2025-06-02,Kharif,Medium,0
Cotton,Dindigul,51.77,436.5,6,23,2025,2025-06-02,Kharif,Medium,0
Cotton,Trichy,58.89,541.4,6,23,2025,2025-06-03,Kharif,Medium,0
Onion,Trichy,39.93,261.6,6,23,2025,2025-06-03,Kharif,Medium,0
Cauliflower,Salem,37.36,287.2,6,23,2025,2025-06-03,Kharif,Medium,0
Chilli,Tirunelveli,115.32,559.6,6,23,2025,2025-06-04,Kharif,Medium,0
Sugarcane,Thanjavur,3.99,211.1,6,23,2025,2025-06-05,Kharif,Medium,0
Onion,Trichy,29.82,474.6,6,23,2025,2025-06-05,Kharif,Medium,0
Rice,Thanjavur,31.79,612.9,6,23,2025,2025-06-05,Kharif,Medium,0
Rice,Erode,32.95,247.2,6,23,2025,2025-06-05,Kharif,Medium,0
Potato,Trichy,23.98,749.3,6,23,2025,2025-06-05,Kharif,Medium,0
Brinjal,Madurai,29.85,619.1,6,23,2025,2025-06-05,Kharif,Medium,0
Carrot,Chennai,55.6,659.5,6,23,2025,2025-06-06,Kharif,Medium,0
Groundnut,Vellore,77.9,532.9,6,23,2025,2025-06-06,Kharif,Medium,0
Rice,Salem,33.23,479.1,6,23,2025,2025-06-07,Kharif,Medium,0
Sugarcane,Erode,3.75,509.4,6,23,2025,2025-06-07,Kharif,Medium,0
Carrot,Vellore,45.83,666.1,6,23,2025,2025-06-07,Kharif,High,0
Chilli,Erode,106.23,499.2,6,23,2025,2025-06-08,Kharif,Medium,0
Brinjal,Tirunelveli,28.52,584.3,6,23,2025,2025-06-08,Kharif,Medium,0
Sugarcane,Vellore,3.99,729.3,6,23,2025,2025-06-08,Kharif,Medium,0
Cauliflower,Trichy,33.33,612.2,6,24,2025,2025-06-09,Kharif,Medium,0
Cabbage,Thanjavur,18.59,960.0,6,24,2025,2025-06-09,Kharif,Medium,0
Potato,Thanjavur,26.58,352.5,6,24,2025,2025-06-09,Kharif,Medium,0
Cotton,Dindigul,62.97,478.8,6,24,2025,2025-06-10,Kharif,Medium,0
Tomato,Vellore,42.82,669.1,6,24,2025,2025-06-11,Kharif,Medium,0
Coconut,Erode,30.81,474.4,6,24,2025,2025-06-11,Kharif,Medium,0
Cauliflower,Tirunelveli,31.95,676.8,6,24,2025,2025-06-11,Kharif,Medium,0
Cotton,Vellore,58.3,367.2,6,24,2025,2025-06-11,Kharif,Medium,0
Cauliflower,Thanjavur,34.71,361.8,6,24,2025,2025-06-12,Kharif,Medium,0
Potato,Trichy,24.63,363.5,6,24,2025,2025-06-12,Kharif,Medium,0
Coconut,Trichy,26.63,491.1,6,24,2025,2025-06-12,Kharif,Medium,0
Chilli,Madurai,116.76,400.5,6,24,2025,2025-06-12,Kharif,Medium,0
Coconut,Thanjavur,27.3,559.5,6,24,2025,2025-06-12,Kharif,Medium,0
Potato,Chennai,26.47,702.0,6,24,2025,2025-06-12,Kharif,Medium,0
Lady Finger,Salem,58.83,691.8,6,24,2025,2025-06-13,Kharif,Low,1
Chilli,Madurai,123.54,505.7,6,24,2025,2025-06-13,Kharif,Medium,0
Groundnut,Chennai,73.61,317.2,6,24,2025,2025-06-13,Kharif,Medium,0
Cotton,Tirunelveli,58.16,198.6,6,24,2025,2025-06-13,Kharif,Medium,0
Cotton,Madurai,56.43,514.1,6,24,2025,2025-06-13,Kharif,Medium,0
Onion,Coimbatore,31.67,438.6,6,24,2025,2025-06-13,Kharif,Medium,0
Brinjal,Erode,26.04,641.5,6,24,2025,2025-06-14,Kharif,Medium,0
Sugarcane,Madurai,3.61,219.8,6,24,2025,2025-06-14,Kharif,Medium,0
Banana,Tirunelveli,55.0,375.3,6,24,2025,2025-06-14,Kharif,Low,1
Brinjal,Dindigul,28.33,571.8,6,24,2025,2025-06-14,Kharif,Medium,0
Rice,Chennai,35.64,676.1,6,24,2025,2025-06-15,Kharif,Medium,0
Groundnut,Dindigul,75.54,571.7,6,24,2025,2025-06-15,Kharif,Medium,0
Carrot,Vellore,54.34,566.8,6,24,2025,2025-06-15,Kharif,Medium,0
Groundnut,Madurai,69.88,521.5,6,24,2025,2025-06-15,Kharif,Medium,0
Potato,Vellore,21.13,697.0,6,25,2025,2025-06-16,Kharif,High,0
Potato,Tirunelveli,27.31,709.2,6,25,2025,2025-06-16,Kharif,Medium,0
Coconut,Erode,28.07,538.1,6,25,2025,2025-06-16,Kharif,Medium,0
Groundnut,Salem,69.37,394.2,6,25,2025,2025-06-16,Kharif,Medium,0
Brinjal,Dindigul,28.11,388.6,6,25,2025,2025-06-16,Kharif,Medium,0
Coconut,Chennai,30.12,242.8,6,25,2025,2025-06-16,Kharif,Medium,0
Onion,Dindigul,27.21,297.5,6,25,2025,2025-06-16,Kharif,High,0
Potato,Erode,29.47,458.6,6,25,2025,2025-06-17,Kharif,Medium,0
Cotton,Dindigul,56.4,714.0,6,25,2025,2025-06-17,Kharif,Medium,0
Cotton,Chennai,58.15,704.6,6,25,2025,2025-06-17,Kharif,Medium,0
Banana,Dindigul,60.45,360.0,6,25,2025,2025-06-17,Kharif,Low,1
Groundnut,Coimbatore,79.71,596.6,6,25,2025,2025-06-18,Kharif,Medium,0
Chilli,Erode,117.49,743.2,6,25,2025,2025-06-18,Kharif,Medium,0
Groundnut,Coimbatore,74.5,431.0,6,25,2025,2025-06-18,Kharif,Medium,0
Chilli,Chennai,111.79,540.7,6,25,2025,2025-06-19,Kharif,Medium,0
Onion,Erode,32.77,539.5,6,25,2025,2025-06-19,Kharif,Medium,0
Potato,Madurai,24.61,783.2,6,25,2025,2025-06-19,Kharif,Medium,0
Rice,Madurai,32.5,403.4,6,25,2025,2025-06-19,Kharif,Medium,0
Chilli,Madurai,111.66,593.3,6,25,2025,2025-06-19,Kharif,Medium,0
Tomato,Vellore,41.25,396.7,6,25,2025,2025-06-19,Kharif,Medium,0
Banana,Salem,55.36,446.0,6,25,2025,2025-06-20,Kharif,Low,1
Cabbage,Salem,17.97,725.8,6,25,2025,2025-06-20,Kharif,Medium,0
Groundnut,Coimbatore,77.08,669.0,6,25,2025,2025-06-20,Kharif,Medium,0
Chilli,Vellore,121.57,354.8,6,25,2025,2025-06-20,Kharif,Medium,0
Lady Finger,Coimbatore,56.99,250.3,6,25,2025,2025-06-21,Kharif,Low,1
Onion,Thanjavur,30.32,704.8,6,25,2025,2025-06-21,Kharif,Medium,0
Tomato,Dindigul,38.27,599.9,6,25,2025,2025-06-22,Kharif,Medium,0
Cabbage,Erode,18.47,716.0,6,25,2025,2025-06-22,Kharif,Medium,0
Cotton,Dindigul,61.72,605.4,6,25,2025,2025-06-22,Kharif,Medium,0
Cauliflower,Dindigul,30.77,602.9,6,25,2025,2025-06-22,Kharif,Medium,0
Cotton,Salem,60.31,601.3,6,26,2025,2025-06-23,Kharif,Medium,0
Banana,Thanjavur,62.17,364.2,6,26,2025,2025-06-23,Kharif,Low,1
Cabbage,Tirunelveli,18.48,238.0,6,26,2025,2025-06-23,Kharif,Medium,0
Banana,Salem,59.0,633.1,6,26,2025,2025-06-24,Kharif,Low,1
Groundnut,Vellore,71.82,563.4,6,26,2025,2025-06-24,Kharif,Medium,0
Carrot,Vellore,54.24,705.1,6,26,2025,2025-06-24,Kharif,Medium,0
Coconut,Salem,25.93,522.8,6,26,2025,2025-06-25,Kharif,Medium,0
Groundnut,Salem,70.04,478.0,6,26,2025,2025-06-25,Kharif,Medium,0
Banana,Chennai,54.96,577.8,6,26,2025,2025-06-25,Kharif,Low,1
Banana,Dindigul,58.69,422.2,6,26,2025,2025-06-25,Kharif,Low,1
Cauliflower,Tirunelveli,34.84,662.2,6,26,2025,2025-06-25,Kharif,Medium,0
Cabbage,Erode,19.27,759.2,6,26,2025,2025-06-25,Kharif,Medium,0
Brinjal,Thanjavur,27.41,772.8,6,26,2025,2025-06-26,Kharif,Medium,0
Rice,Dindigul,35.86,438.6,6,26,2025,2025-06-26,Kharif,Medium,0
Chilli,Erode,101.12,524.2,6,26,2025,2025-06-27,Kharif,High,0
Cotton,Madurai,58.71,484.6,6,26,2025,2025-06-27,Kharif,Medium,0
Lady Finger,Trichy,58.46,294.0,6,26,2025,2025-06-29,Kharif,Low,1
Cotton,Trichy,49.76,259.9,6,26,2025,2025-06-29,Kharif,High,0
Lady Finger,Vellore,63.39,563.9,6,26,2025,2025-06-29,Kharif,Low,1
Onion,Erode,33.6,724.6,6,26,2025,2025-06-29,Kharif,Medium,0
Cabbage,Erode,19.21,416.4,6,27,2025,2025-06-30,Kharif,Medium,0
Lady Finger,Dindigul,60.38,356.3,6,27,2025,2025-06-30,Kharif,Low,1
Banana,Vellore,54.38,393.0,6,27,2025,2025-06-30,Kharif,Low,1
Potato,Thanjavur,30.01,443.4,6,27,2025,2025-06-30,Kharif,Medium,0
Cauliflower,Vellore,26.96,433.9,6,27,2025,2025-06-30,Kharif,High,0
Brinjal,Thanjavur,41.02,446.8,7,27,2025,2025-07-01,Kharif,Low,1
Cotton,Erode,55.96,501.5,7,27,2025,2025-07-01,Kharif,Medium,0
Potato,Trichy,27.77,540.7,7,27,2025,2025-07-02,Kharif,Medium,0
Coconut,Trichy,26.94,335.0,7,27,2025,2025-07-02,Kharif,Medium,0
Rice,Thanjavur,34.53,595.7,7,27,2025,2025-07-02,Kharif,Medium,0
Lady Finger,Salem,60.44,350.5,7,27,2025,2025-07-03,Kharif,Low,1
Groundnut,Salem,68.3,769.9,7,27,2025,2025-07-03,Kharif,Medium,0
Cauliflower,Trichy,34.83,589.6,7,27,2025,2025-07-03,Kharif,Medium,0
Brinjal,Coimbatore,34.64,521.3,7,27,2025,2025-07-04,Kharif,Low,1
Cotton,Erode,53.84,827.0,7,27,2025,2025-07-04,Kharif,Medium,0
Banana,Salem,37.75,519.9,7,27,2025,2025-07-04,Kharif,High,0
Cauliflower,Coimbatore,34.54,583.6,7,27,2025,2025-07-04,Kharif,Medium,0
Carrot,Tirunelveli,48.0,989.2,7,27,2025,2025-07-04,Kharif,Medium,0
Rice,Dindigul,34.61,373.1,7,27,2025,2025-07-04,Kharif,Medium,0
Onion,Dindigul,27.91,685.2,7,27,2025,2025-07-04,Kharif,High,0
Brinjal,Coimbatore,39.57,382.8,7,27,2025,2025-07-05,Kharif,Low,1
Onion,Erode,29.51,653.5,7,27,2025,2025-07-05,Kharif,High,0
Cotton,Salem,57.04,486.8,7,27,2025,2025-07-05,Kharif,Medium,0
Chilli,Chennai,112.4,309.0,7,27,2025,2025-07-05,Kharif,Medium,0
Lady Finger,Dindigul,57.55,436.1,7,27,2025,2025-07-05,Kharif,Low,1
Banana,Dindigul,41.52,239.8,7,27,2025,2025-07-06,Kharif,Medium,0
Rice,Tirunelveli,35.39,341.0,7,27,2025,2025-07-06,Kharif,Medium,0
Rice,Erode,36.27,911.2,7,27,2025,2025-07-06,Kharif,Medium,0
Cotton,Vellore,62.4,879.3,7,28,2025,2025-07-07,Kharif,Medium,0
Onion,Trichy,31.46,511.4,7,28,2025,2025-07-07,Kharif,Medium,0
Brinjal,Chennai,37.26,213.1,7,28,2025,2025-07-08,Kharif,Low,1
Onion,Madurai,36.21,407.4,7,28,2025,2025-07-08,Kharif,Medium,0
Groundnut,Madurai,70.23,608.7,7,28,2025,2025-07-08,Kharif,Medium,0
Tomato,Erode,36.37,571.7,7,28,2025,2025-07-08,Kharif,Medium,0
Sugarcane,Dindigul,3.67,621.8,7,28,2025,2025-07-09,Kharif,Medium,0
Sugarcane,Trichy,4.11,327.4,7,28,2025,2025-07-09,Kharif,Medium,0
Cauliflower,Chennai,38.0,561.2,7,28,2025,2025-07-09,Kharif,Medium,0
Banana,Madurai,41.56,608.5,7,28,2025,2025-07-10,Kharif,Medium,0
Groundnut,Trichy,77.84,736.0,7,28,2025,2025-07-10,Kharif,Medium,0
Brinjal,Salem,33.65,441.2,7,28,2025,2025-07-10,Kharif,Medium,1
Chilli,Salem,115.39,541.2,7,28,2025,2025-07-10,Kharif,Medium,0
Groundnut,Salem,81.01,636.9,7,28,2025,2025-07-10,Kharif,Medium,0
Lady Finger,Trichy,57.68,461.6,7,28,2025,2025-07-11,Kharif,Low,1
Groundnut,Chennai,78.64,771.9,7,28,2025,2025-07-11,Kharif,Medium,0
Rice,Chennai,33.8,525.2,7,28,2025,2025-07-13,Kharif,Medium,0
Cotton,Tirunelveli,55.74,458.5,7,28,2025,2025-07-13,Kharif,Medium,0
Groundnut,Erode,71.42,665.1,7,29,2025,2025-07-14,Kharif,Medium,0
Coconut,Madurai,29.09,540.9,7,29,2025,2025-07-14,Kharif,Medium,0
Rice,Erode,35.22,631.9,7,29,2025,2025-07-15,Kharif,Medium,0
Potato,Tirunelveli,26.09,630.7,7,29,2025,2025-07-15,Kharif,Medium,0
Groundnut,Thanjavur,77.67,648.7,7,29,2025,2025-07-15,Kharif,Medium,0
Carrot,Chennai,53.67,378.3,7,29,2025,2025-07-16,Kharif,Medium,0
Carrot,Vellore,55.03,863.9,7,29,2025,2025-07-16,Kharif,Medium,0
Brinjal,Vellore,39.65,569.9,7,29,2025,2025-07-16,Kharif,Low,1
Brinjal,Erode,33.84,567.9,7,29,2025,2025-07-17,Kharif,Medium,1
Cauliflower,Erode,34.45,533.4,7,29,2025,2025-07-17,Kharif,Medium,0
Groundnut,Vellore,61.79,484.1,7,29,2025,2025-07-18,Kharif,High,0
Potato,Coimbatore,30.18,600.0,7,29,2025,2025-07-18,Kharif,Medium,0
Chilli,Dindigul,118.17,517.6,7,29,2025,2025-07-19,Kharif,Medium,0
Sugarcane,Thanjavur,4.23,722.5,7,29,2025,2025-07-19,Kharif,Medium,0
Potato,Dindigul,25.47,375.5,7,29,2025,2025-07-19,Kharif,Medium,0
Onion,Trichy,31.53,318.6,7,29,2025,2025-07-20,Kharif,Medium,0
Onion,Thanjavur,32.84,629.8,7,29,2025,2025-07-20,Kharif,Medium,0
Brinjal,Coimbatore,38.42,739.5,7,30,2025,2025-07-21,Kharif,Low,1
Sugarcane,Thanjavur,3.71,180.8,7,30,2025,2025-07-21,Kharif,Medium,0
Tomato,Tirunelveli,37.02,455.1,7,30,2025,2025-07-21,Kharif,Medium,0
Potato,Thanjavur,23.22,402.7,7,30,2025,2025-07-21,Kharif,High,0
Carrot,Tirunelveli,51.71,424.9,7,30,2025,2025-07-21,Kharif,Medium,0
Banana,Tirunelveli,39.28,739.9,7,30,2025,2025-07-22,Kharif,Medium,0
Cabbage,Madurai,18.32,543.9,7,30,2025,2025-07-23,Kharif,Medium,0
Potato,Vellore,23.3,465.2,7,30,2025,2025-07-23,Kharif,High,0
Rice,Chennai,33.76,590.4,7,30,2025,2025-07-23,Kharif,Medium,0
Sugarcane,Chennai,3.87,556.4,7,30,2025,2025-07-24,Kharif,Medium,0
Sugarcane,Erode,4.16,294.3,7,30,2025,2025-07-24,Kharif,Medium,0
Banana,Salem,46.52,647.3,7,30,2025,2025-07-24,Kharif,Medium,0
Cauliflower,Vellore,34.29,600.2,7,30,2025,2025-07-24,Kharif,Medium,0
Rice,Erode,30.59,656.1,7,30,2025,2025-07-25,Kharif,Medium,0
Coconut,Coimbatore,29.44,794.2,7,30,2025,2025-07-25,Kharif,Medium,0
Carrot,Erode,50.01,782.8,7,30,2025,2025-07-25,Kharif,Medium,0
Potato,Erode,27.89,563.0,7,30,2025,2025-07-25,Kharif,Medium,0
Carrot,Tirunelveli,50.36,360.7,7,30,2025,2025-07-26,Kharif,Medium,0
Groundnut,Madurai,76.52,385.2,7,30,2025,2025-07-26,Kharif,Medium,0
Carrot,Erode,52.54,664.4,7,30,2025,2025-07-27,Kharif,Medium,0
Groundnut,Dindigul,77.34,885.8,7,30,2025,2025-07-27,Kharif,Medium,0
Cotton,Madurai,61.41,781.6,7,31,2025,2025-07-28,Kharif,Medium,0
Chilli,Thanjavur,118.09,554.3,7,31,2025,2025-07-29,Kharif,Medium,0
Cauliflower,Thanjavur,31.24,736.1,7,31,2025,2025-07-29,Kharif,Medium,0
Rice,Erode,34.54,496.9,7,31,2025,2025-07-29,Kharif,Medium,0
Chilli,Erode,122.09,484.4,7,31,2025,2025-07-30,Kharif,Medium,0
Rice,Erode,35.11,596.1,7,31,2025,2025-07-30,Kharif,Medium,0
Banana,Madurai,41.74,673.3,7,31,2025,2025-07-30,Kharif,Medium,0
Rice,Erode,33.44,542.2,7,31,2025,2025-07-30,Kharif,Medium,0
Groundnut,Coimbatore,79.86,505.9,7,31,2025,2025-07-31,Kharif,Medium,0
Rice,Madurai,31.94,329.2,7,31,2025,2025-07-31,Kharif,Medium,0
Lady Finger,Salem,54.7,360.2,7,31,2025,2025-07-31,Kharif,Low,1
Tomato,Salem,36.04,392.7,7,31,2025,2025-07-31,Kharif,Medium,0
Tomato,Tirunelveli,39.18,881.7,8,31,2025,2025-08-01,Kharif,Medium,0
Rice,Chennai,40.66,406.8,8,31,2025,2025-08-01,Kharif,Low,1
Groundnut,Dindigul,66.21,758.0,8,31,2025,2025-08-01,Kharif,Medium,0
Carrot,Trichy,58.86,920.6,8,31,2025,2025-08-01,Kharif,Medium,0
Carrot,Erode,54.28,515.5,8,31,2025,2025-08-01,Kharif,Medium,0
Brinjal,Coimbatore,38.49,425.3,8,31,2025,2025-08-01,Kharif,Low,1
Cauliflower,Tirunelveli,35.92,608.6,8,31,2025,2025-08-01,Kharif,Medium,0
Banana,Chennai,41.46,440.5,8,31,2025,2025-08-02,Kharif,Medium,0
Sugarcane,Tirunelveli,4.25,573.4,8,31,2025,2025-08-02,Kharif,Medium,0
Potato,Thanjavur,26.96,785.4,8,31,2025,2025-08-03,Kharif,Medium,0
Cotton,Madurai,54.69,821.2,8,32,2025,2025-08-04,Kharif,Medium,0
Chilli,Trichy,114.39,553.1,8,32,2025,2025-08-04,Kharif,Medium,0
Potato,Madurai,26.16,413.4,8,32,2025,2025-08-04,Kharif,Medium,0
Banana,Trichy,46.5,757.8,8,32,2025,2025-08-04,Kharif,Medium,0
Rice,Chennai,42.94,185.3,8,32,2025,2025-08-04,Kharif,Low,1
Brinjal,Trichy,34.96,414.7,8,32,2025,2025-08-05,Kharif,Low,1
Tomato,Tirunelveli,39.62,322.5,8,32,2025,2025-08-05,Kharif,Medium,0
Cotton,Thanjavur,59.96,450.7,8,32,2025,2025-08-05,Kharif,Medium,0
Tomato,Dindigul,34.67,718.5,8,32,2025,2025-08-06,Kharif,Medium,0
Banana,Erode,44.01,517.4,8,32,2025,2025-08-06,Kharif,Medium,0
Potato,Madurai,25.19,450.7,8,32,2025,2025-08-06,Kharif,Medium,0
Coconut,Salem,26.84,542.8,8,32,2025,2025-08-07,Kharif,Medium,0
Potato,Thanjavur,25.99,673.6,8,32,2025,2025-08-07,Kharif,Medium,0
Lady Finger,Trichy,53.01,325.7,8,32,2025,2025-08-07,Kharif,Low,1
Cotton,Erode,55.29,585.8,8,32,2025,2025-08-07,Kharif,Medium,0
Banana,Chennai,44.91,541.1,8,32,2025,2025-08-08,Kharif,Medium,0
Rice,Trichy,46.63,399.9,8,32,2025,2025-08-09,Kharif,Low,1
Brinjal,Dindigul,37.78,389.6,8,32,2025,2025-08-09,Kharif,Low,1
Cotton,Thanjavur,60.17,571.7,8,32,2025,2025-08-10,Kharif,Medium,0
Lady Finger,Tirunelveli,57.15,388.4,8,32,2025,2025-08-10,Kharif,Low,1
Tomato,Chennai,34.96,520.9,8,32,2025,2025-08-10,Kharif,Medium,0
Onion,Thanjavur,33.17,383.8,8,32,2025,2025-08-10,Kharif,Medium,0
Banana,Vellore,38.44,570.6,8,33,2025,2025-08-11,Kharif,Medium,0
Coconut,Coimbatore,28.49,469.4,8,33,2025,2025-08-11,Kharif,Medium,0
Groundnut,Erode,63.47,573.5,8,33,2025,2025-08-11,Kharif,High,0
Banana,Chennai,44.64,539.9,8,33,2025,2025-08-11,Kharif,Medium,0
Rice,Chennai,44.56,449.0,8,33,2025,2025-08-11,Kharif,Low,1
Onion,Coimbatore,38.62,673.5,8,33,2025,2025-08-12,Kharif,Medium,0
Chilli,Erode,106.57,517.4,8,33,2025,2025-08-13,Kharif,Medium,0
Tomato,Vellore,41.51,443.0,8,33,2025,2025-08-13,Kharif,Medium,0
Cabbage,Tirunelveli,18.9,350.0,8,33,2025,2025-08-13,Kharif,Medium,0
Rice,Trichy,43.76,348.1,8,33,2025,2025-08-13,Kharif,Low,1
Banana,Dindigul,45.67,401.2,8,33,2025,2025-08-14,Kharif,Medium,0
Groundnut,Madurai,76.7,871.1,8,33,2025,2025-08-14,Kharif,Medium,0
Rice,Tirunelveli,43.59,451.1,8,33,2025,2025-08-15,Kharif,Low,1
Chilli,Trichy,103.59,692.2,8,33,2025,2025-08-15,Kharif,Medium,0
Sugarcane,Erode,3.99,816.6,8,33,2025,2025-08-15,Kharif,Medium,0
Onion,Dindigul,33.3,793.6,8,33,2025,2025-08-16,Kharif,Medium,0
Onion,Chennai,35.81,660.7,8,33,2025,2025-08-16,Kharif,Medium,0
Banana,Trichy,44.61,276.5,8,33,2025,2025-08-16,Kharif,Medium,0
Banana,Chennai,47.66,864.6,8,33,2025,2025-08-17,Kharif,Medium,0
Lady Finger,Tirunelveli,62.46,403.5,8,33,2025,2025-08-17,Kharif,Low,1
Cauliflower,Thanjavur,31.49,424.7,8,34,2025,2025-08-18,Kharif,Medium,0
Cabbage,Salem,18.93,300.3,8,34,2025,2025-08-18,Kharif,Medium,0
Carrot,Salem,55.93,149.2,8,34,2025,2025-08-18,Kharif,Medium,0
Cauliflower,Madurai,32.53,383.2,8,34,2025,2025-08-18,Kharif,Medium,0
Sugarcane,Madurai,3.88,585.0,8,34,2025,2025-08-19,Kharif,Medium,0
Coconut,Salem,27.56,383.9,8,34,2025,2025-08-19,Kharif,Medium,0
Potato,Erode,26.86,488.5,8,34,2025,2025-08-20,Kharif,Medium,0
Cotton,Tirunelveli,66.07,691.1,8,34,2025,2025-08-20,Kharif,Medium,0
Onion,Chennai,32.29,573.8,8,34,2025,2025-08-21,Kharif,Medium,0
Brinjal,Vellore,37.8,80.7,8,34,2025,2025-08-21,Kharif,Low,1
Rice,Thanjavur,48.98,387.8,8,34,2025,2025-08-22,Kharif,Low,1
Lady Finger,Coimbatore,64.68,375.5,8,34,2025,2025-08-22,Kharif,Low,1
Tomato,Trichy,36.0,648.4,8,34,2025,2025-08-22,Kharif,Medium,0
Chilli,Thanjavur,111.35,292.1,8,34,2025,2025-08-23,Kharif,Medium,0
Brinjal,Madurai,37.06,465.5,8,34,2025,2025-08-23,Kharif,Low,1
Coconut,Dindigul,28.84,291.4,8,34,2025,2025-08-23,Kharif,Medium,0
Carrot,Dindigul,47.9,525.7,8,34,2025,2025-08-23,Kharif,Medium,0
Banana,Tirunelveli,47.56,485.3,8,34,2025,2025-08-23,Kharif,Medium,0
Tomato,Trichy,34.42,409.3,8,34,2025,2025-08-23,Kharif,Medium,0
Groundnut,Vellore,74.94,479.2,8,34,2025,2025-08-23,Kharif,Medium,0
Carrot,Tirunelveli,48.3,538.9,8,34,2025,2025-08-23,Kharif,Medium,0
Lady Finger,Salem,60.68,486.3,8,34,2025,2025-08-24,Kharif,Low,1
Chilli,Salem,102.97,1007.3,8,34,2025,2025-08-24,Kharif,Medium,0
Cauliflower,Coimbatore,36.77,512.1,8,34,2025,2025-08-24,Kharif,Medium,0
Rice,Madurai,42.51,416.2,8,34,2025,2025-08-24,Kharif,Low,1
Cabbage,Trichy,19.69,152.0,8,34,2025,2025-08-24,Kharif,Medium,0
Sugarcane,Thanjavur,3.99,481.0,8,35,2025,2025-08-25,Kharif,Medium,0
Chilli,Tirunelveli,100.16,827.3,8,35,2025,2025-08-26,Kharif,High,0
Onion,Vellore,34.04,465.9,8,35,2025,2025-08-26,Kharif,Medium,0
Onion,Chennai,29.9,656.4,8,35,2025,2025-08-26,Kharif,Medium,0
Cotton,Coimbatore,62.77,488.4,8,35,2025,2025-08-27,Kharif,Medium,0
Groundnut,Thanjavur,73.98,775.1,8,35,2025,2025-08-27,Kharif,Medium,0
Cauliflower,Dindigul,32.06,608.1,8,35,2025,2025-08-27,Kharif,Medium,0
Tomato,Coimbatore,41.23,620.5,8,35,2025,2025-08-28,Kharif,Medium,0
Brinjal,Tirunelveli,45.27,433.5,8,35,2025,2025-08-28,Kharif,Low,1
Cotton,Dindigul,57.05,236.7,8,35,2025,2025-08-28,Kharif,Medium,0
Potato,Salem,24.73,461.6,8,35,2025,2025-08-29,Kharif,Medium,0
Chilli,Vellore,111.48,644.5,8,35,2025,2025-08-30,Kharif,Medium,0
Brinjal,Trichy,38.29,448.8,8,35,2025,2025-08-30,Kharif,Low,1
Potato,Tirunelveli,26.43,494.6,8,35,2025,2025-08-31,Kharif,Medium,0
Tomato,Coimbatore,36.68,757.4,8,35,2025,2025-08-31,Kharif,Medium,0
Cabbage,Coimbatore,19.33,434.2,8,35,2025,2025-08-31,Kharif,Medium,0
Tomato,Trichy,38.76,131.2,8,35,2025,2025-08-31,Kharif,Medium,0
Banana,Dindigul,49.72,497.0,9,36,2025,2025-09-01,Kharif,Medium,0
Sugarcane,Tirunelveli,3.79,573.6,9,36,2025,2025-09-01,Kharif,Medium,0
Cauliflower,Tirunelveli,31.93,107.4,9,36,2025,2025-09-01,Kharif,Medium,0
Tomato,Erode,34.6,617.4,9,36,2025,2025-09-01,Kharif,Medium,0
Brinjal,Dindigul,38.47,389.5,9,36,2025,2025-09-01,Kharif,Low,1
Chilli,Madurai,120.97,453.5,9,36,2025,2025-09-01,Kharif,Medium,0
Onion,Salem,34.37,687.9,9,36,2025,2025-09-01,Kharif,Medium,0
Lady Finger,Salem,45.02,702.6,9,36,2025,2025-09-02,Kharif,Medium,0
Tomato,Dindigul,38.16,606.8,9,36,2025,2025-09-02,Kharif,Medium,0
Cauliflower,Vellore,32.91,624.3,9,36,2025,2025-09-02,Kharif,Medium,0
Tomato,Tirunelveli,42.35,661.9,9,36,2025,2025-09-02,Kharif,Medium,0
Carrot,Vellore,47.31,432.3,9,36,2025,2025-09-04,Kharif,Medium,0
Brinjal,Trichy,40.3,690.4,9,36,2025,2025-09-04,Kharif,Low,1
Sugarcane,Erode,3.58,440.8,9,36,2025,2025-09-04,Kharif,Medium,0
Cauliflower,Salem,31.22,703.5,9,36,2025,2025-09-04,Kharif,Medium,0
Groundnut,Dindigul,81.94,706.2,9,36,2025,2025-09-04,Kharif,Medium,0
Potato,Vellore,24.46,457.9,9,36,2025,2025-09-04,Kharif,Medium,0
Cabbage,Chennai,19.76,351.2,9,36,2025,2025-09-04,Kharif,Medium,0
Potato,Chennai,28.79,329.3,9,36,2025,2025-09-04,Kharif,Medium,0
Cauliflower,Erode,32.62,705.6,9,36,2025,2025-09-05,Kharif,Medium,0
Cabbage,Madurai,19.16,472.8,9,36,2025,2025-09-05,Kharif,Medium,0
Groundnut,Madurai,76.16,291.3,9,36,2025,2025-09-05,Kharif,Medium,0
Brinjal,Coimbatore,37.27,493.4,9,36,2025,2025-09-06,Kharif,Low,1
Potato,Tirunelveli,28.05,568.7,9,36,2025,2025-09-06,Kharif,Medium,0
Chilli,Tirunelveli,115.83,618.1,9,36,2025,2025-09-07,Kharif,Medium,0
Rice,Thanjavur,43.3,395.6,9,36,2025,2025-09-07,Kharif,Low,1
Cabbage,Madurai,19.68,940.8,9,37,2025,2025-09-08,Kharif,Medium,0
Cotton,Salem,58.12,618.5,9,37,2025,2025-09-08,Kharif,Medium,0
Cabbage,Chennai,19.61,681.1,9,37,2025,2025-09-08,Kharif,Medium,0
Sugarcane,Erode,3.58,657.8,9,37,2025,2025-09-09,Kharif,Medium,0
Potato,Tirunelveli,26.58,458.6,9,37,2025,2025-09-09,Kharif,Medium,0
Tomato,Erode,37.7,489.8,9,37,2025,2025-09-09,Kharif,Medium,0
Coconut,Tirunelveli,27.95,415.1,9,37,2025,2025-09-09,Kharif,Medium,0
Sugarcane,Tirunelveli,3.73,735.2,9,37,2025,2025-09-09,Kharif,Medium,0
Rice,Coimbatore,43.6,366.8,9,37,2025,2025-09-09,Kharif,Low,1
Banana,Chennai,47.0,306.2,9,37,2025,2025-09-10,Kharif,Medium,0
Groundnut,Erode,68.19,369.2,9,37,2025,2025-09-10,Kharif,Medium,0
Banana,Trichy,48.75,279.1,9,37,2025,2025-09-10,Kharif,Medium,0
Cotton,Madurai,54.52,570.6,9,37,2025,2025-09-11,Kharif,Medium,0
Onion,Thanjavur,36.25,456.0,9,37,2025,2025-09-11,Kharif,Medium,0
Onion,Coimbatore,32.91,594.7,9,37,2025,2025-09-11,Kharif,Medium,0
Cauliflower,Thanjavur,31.41,334.2,9,37,2025,2025-09-11,Kharif,Medium,0
Onion,Thanjavur,31.02,178.5,9,37,2025,2025-09-11,Kharif,Medium,0
Brinjal,Dindigul,39.34,371.9,9,37,2025,2025-09-11,Kharif,Low,1
Rice,Dindigul,37.18,522.2,9,37,2025,2025-09-12,Kharif,Medium,1
Lady Finger,Salem,43.17,510.1,9,37,2025,2025-09-12,Kharif,Medium,0
Chilli,Trichy,106.17,640.1,9,37,2025,2025-09-12,Kharif,Medium,0
Carrot,Dindigul,50.66,506.5,9,37,2025,2025-09-12,Kharif,Medium,0
Cauliflower,Madurai,38.32,422.5,9,37,2025,2025-09-12,Kharif,Medium,0
Groundnut,Salem,77.2,768.1,9,37,2025,2025-09-12,Kharif,Medium,0
Coconut,Erode,27.11,496.1,9,37,2025,2025-09-13,Kharif,Medium,0
Rice,Chennai,42.85,400.6,9,37,2025,2025-09-13,Kharif,Low,1
Cabbage,Dindigul,19.54,467.0,9,37,2025,2025-09-13,Kharif,Medium,0
Cotton,Chennai,59.15,451.7,9,37,2025,2025-09-14,Kharif,Medium,0
Banana,Madurai,43.08,583.3,9,37,2025,2025-09-14,Kharif,Medium,0
Rice,Trichy,48.31,334.2,9,37,2025,2025-09-14,Kharif,Low,1
Onion,Vellore,35.26,627.9,9,38,2025,2025-09-15,Kharif,Medium,0
Cotton,Vellore,63.35,594.4,9,38,2025,2025-09-15,Kharif,Medium,0
Carrot,Coimbatore,61.92,490.7,9,38,2025,2025-09-15,Kharif,Medium,0
Potato,Dindigul,28.76,679.4,9,38,2025,2025-09-15,Kharif,Medium,0
Cotton,Coimbatore,58.87,698.7,9,38,2025,2025-09-15,Kharif,Medium,0
Groundnut,Tirunelveli,78.5,419.8,9,38,2025,2025-09-15,Kharif,Medium,0
Onion,Chennai,36.15,735.9,9,38,2025,2025-09-16,Kharif,Medium,0
Cotton,Dindigul,59.54,660.8,9,38,2025,2025-09-16,Kharif,Medium,0
Lady Finger,Tirunelveli,43.42,571.6,9,38,2025,2025-09-16,Kharif,Medium,0
Cauliflower,Erode,32.79,793.0,9,38,2025,2025-09-17,Kharif,Medium,0
Tomato,Dindigul,37.66,570.8,9,38,2025,2025-09-17,Kharif,Medium,0
Coconut,Chennai,25.76,793.3,9,38,2025,2025-09-17,Kharif,Medium,0
Sugarcane,Thanjavur,4.03,493.2,9,38,2025,2025-09-17,Kharif,Medium,0
Sugarcane,Salem,4.19,518.6,9,38,2025,2025-09-17,Kharif,Medium,0
Lady Finger,Vellore,41.83,641.1,9,38,2025,2025-09-18,Kharif,Medium,0
Groundnut,Coimbatore,77.88,531.7,9,38,2025,2025-09-18,Kharif,Medium,0
Lady Finger,Chennai,45.32,437.1,9,38,2025,2025-09-19,Kharif,Medium,0
Sugarcane,Coimbatore,3.73,622.4,9,38,2025,2025-09-19,Kharif,Medium,0
Carrot,Dindigul,47.95,660.7,9,38,2025,2025-09-19,Kharif,Medium,0
Sugarcane,Coimbatore,3.89,588.4,9,38,2025,2025-09-19,Kharif,Medium,0
Groundnut,Trichy,69.49,541.3,9,38,2025,2025-09-19,Kharif,Medium,0
Rice,Salem,44.22,172.2,9,38,2025,2025-09-20,Kharif,Low,1
Cabbage,Madurai,21.04,921.2,9,38,2025,2025-09-20,Kharif,Medium,0
Lady Finger,Trichy,42.06,562.4,9,38,2025,2025-09-20,Kharif,Medium,0
Cotton,Thanjavur,58.7,499.5,9,39,2025,2025-09-22,Kharif,Medium,0
Groundnut,Madurai,73.41,688.1,9,39,2025,2025-09-22,Kharif,Medium,0
Potato,Vellore,23.79,629.6,9,39,2025,2025-09-22,Kharif,High,0
Onion,Vellore,34.03,182.6,9,39,2025,2025-09-22,Kharif,Medium,0
Groundnut,Coimbatore,66.9,647.5,9,39,2025,2025-09-22,Kharif,Medium,0
Cauliflower,Coimbatore,29.24,463.2,9,39,2025,2025-09-22,Kharif,High,0
Cotton,Dindigul,62.63,544.4,9,39,2025,2025-09-22,Kharif,Medium,0
Brinjal,Coimbatore,37.93,107.5,9,39,2025,2025-09-24,Kharif,Low,1
Rice,Coimbatore,41.26,297.5,9,39,2025,2025-09-24,Kharif,Low,1
Sugarcane,Trichy,3.52,416.8,9,39,2025,2025-09-25,Kharif,Medium,0
Sugarcane,Chennai,3.5,692.2,9,39,2025,2025-09-25,Kharif,Medium,0
Potato,Chennai,25.91,876.3,9,39,2025,2025-09-26,Kharif,Medium,0
Tomato,Trichy,35.82,873.0,9,39,2025,2025-09-26,Kharif,Medium,0
Potato,Vellore,26.01,317.1,9,39,2025,2025-09-26,Kharif,Medium,0
Chilli,Chennai,117.1,424.5,9,39,2025,2025-09-27,Kharif,Medium,0
Rice,Salem,44.66,463.5,9,39,2025,2025-09-27,Kharif,Low,1
Lady Finger,Trichy,44.66,508.1,9,39,2025,2025-09-27,Kharif,Medium,0
Lady Finger,Chennai,45.74,335.7,9,39,2025,2025-09-27,Kharif,Medium,0
Sugarcane,Coimbatore,3.88,559.8,9,39,2025,2025-09-28,Kharif,Medium,0
Potato,Chennai,25.71,801.3,9,39,2025,2025-09-28,Kharif,Medium,0
Brinjal,Thanjavur,38.19,350.2,9,39,2025,2025-09-28,Kharif,Low,1
Chilli,Salem,118.62,412.8,9,40,2025,2025-09-29,Kharif,Medium,0
Carrot,Chennai,49.4,453.8,9,40,2025,2025-09-29,Kharif,Medium,0
Onion,Trichy,34.6,468.4,9,40,2025,2025-09-29,Kharif,Medium,0
Potato,Erode,26.22,342.3,9,40,2025,2025-09-29,Kharif,Medium,0
Cabbage,Vellore,18.0,419.0,9,40,2025,2025-09-29,Kharif,Medium,0
Lady Finger,Chennai,37.4,464.5,9,40,2025,2025-09-29,Kharif,High,0
Brinjal,Vellore,39.34,335.5,9,40,2025,2025-09-29,Kharif,Low,1
Cabbage,Coimbatore,17.17,363.0,9,40,2025,2025-09-30,Kharif,Medium,0
Coconut,Erode,28.36,587.6,9,40,2025,2025-09-30,Kharif,Medium,0
Rice,Chennai,47.58,276.8,10,40,2025,2025-10-01,Kharif,Low,1
Cabbage,Dindigul,17.85,482.5,10,40,2025,2025-10-02,Kharif,Medium,0
Groundnut,Erode,92.69,408.8,10,40,2025,2025-10-02,Kharif,Low,1
Potato,Erode,27.82,813.5,10,40,2025,2025-10-03,Kharif,Medium,0
Rice,Chennai,43.71,467.6,10,40,2025,2025-10-03,Kharif,Low,1
Lady Finger,Salem,43.87,486.2,10,40,2025,2025-10-03,Kharif,Medium,0
Potato,Trichy,25.13,567.3,10,40,2025,2025-10-04,Kharif,Medium,0
Potato,Madurai,29.11,851.0,10,40,2025,2025-10-04,Kharif,Medium,0
Chilli,Vellore,115.25,534.0,10,40,2025,2025-10-04,Kharif,Medium,0
Carrot,Erode,55.21,471.9,10,40,2025,2025-10-04,Kharif,Medium,0
Lady Finger,Vellore,44.31,749.8,10,40,2025,2025-10-04,Kharif,Medium,0
Lady Finger,Chennai,43.74,368.9,10,40,2025,2025-10-05,Kharif,Medium,0
Groundnut,Salem,84.6,484.1,10,41,2025,2025-10-06,Kharif,Medium,1
Banana,Dindigul,45.11,421.5,10,41,2025,2025-10-06,Kharif,Medium,0
Cotton,Erode,70.0,530.2,10,41,2025,2025-10-06,Kharif,Low,1
Onion,Madurai,30.92,421.1,10,41,2025,2025-10-06,Kharif,Medium,0
Potato,Coimbatore,27.05,547.9,10,41,2025,2025-10-07,Kharif,Medium,0
Lady Finger,Erode,46.1,364.6,10,41,2025,2025-10-07,Kharif,Medium,0
Cotton,Dindigul,77.34,396.7,10,41,2025,2025-10-07,Kharif,Low,1
Carrot,Coimbatore,52.82,702.2,10,41,2025,2025-10-08,Kharif,Medium,0
Tomato,Erode,61.08,415.8,10,41,2025,2025-10-08,Kharif,Low,1
Coconut,Dindigul,25.97,415.4,10,41,2025,2025-10-08,Kharif,Medium,0
Brinjal,Salem,28.44,800.5,10,41,2025,2025-10-08,Kharif,Medium,0
Tomato,Erode,52.25,498.8,10,41,2025,2025-10-08,Kharif,Low,1
Lady Finger,Chennai,46.67,793.5,10,41,2025,2025-10-09,Kharif,Medium,0
Banana,Dindigul,42.58,448.2,10,41,2025,2025-10-09,Kharif,Medium,0
Carrot,Dindigul,48.26,694.3,10,41,2025,2025-10-09,Kharif,Medium,0
Lady Finger,Erode,45.78,530.7,10,41,2025,2025-10-09,Kharif,Medium,0
Chilli,Vellore,132.9,534.7,10,41,2025,2025-10-09,Kharif,Medium,0
Onion,Salem,33.57,586.3,10,41,2025,2025-10-09,Kharif,Medium,0
Groundnut,Tirunelveli,96.88,560.2,10,41,2025,2025-10-10,Kharif,Low,1
Tomato,Tirunelveli,53.4,100.9,10,41,2025,2025-10-10,Kharif,Low,1
Banana,Erode,38.36,455.0,10,41,2025,2025-10-11,Kharif,Medium,0
Cotton,Erode,73.94,638.5,10,41,2025,2025-10-11,Kharif,Low,1
Cabbage,Chennai,16.62,769.3,10,41,2025,2025-10-11,Kharif,High,0
Banana,Tirunelveli,43.24,280.4,10,41,2025,2025-10-11,Kharif,Medium,0
Coconut,Tirunelveli,29.56,723.8,10,41,2025,2025-10-12,Kharif,Medium,0
Onion,Salem,32.36,706.9,10,41,2025,2025-10-12,Kharif,Medium,0
Carrot,Vellore,54.31,468.9,10,42,2025,2025-10-13,Kharif,Medium,0
Onion,Dindigul,28.33,584.2,10,42,2025,2025-10-13,Kharif,High,0
Brinjal,Madurai,29.63,596.0,10,42,2025,2025-10-13,Kharif,Medium,0
Onion,Vellore,31.81,429.5,10,42,2025,2025-10-13,Kharif,Medium,0
Potato,Coimbatore,26.09,549.6,10,42,2025,2025-10-14,Kharif,Medium,0
Lady Finger,Dindigul,39.27,497.6,10,42,2025,2025-10-14,Kharif,Medium,0
Chilli,Salem,118.34,595.8,10,42,2025,2025-10-14,Kharif,Medium,0
Carrot,Coimbatore,51.22,470.4,10,42,2025,2025-10-14,Kharif,Medium,0
Sugarcane,Chennai,5.16,407.4,10,42,2025,2025-10-14,Kharif,Low,1
Brinjal,Erode,31.52,585.2,10,42,2025,2025-10-15,Kharif,Medium,0
Lady Finger,Vellore,42.12,858.1,10,42,2025,2025-10-16,Kharif,Medium,0
Onion,Coimbatore,31.05,673.0,10,42,2025,2025-10-16,Kharif,Medium,0
Onion,Dindigul,33.35,436.0,10,42,2025,2025-10-17,Kharif,Medium,0
Rice,Chennai,43.99,581.6,10,42,2025,2025-10-17,Kharif,Low,1
Groundnut,Vellore,99.45,453.6,10,42,2025,2025-10-17,Kharif,Low,1
Cotton,Salem,84.29,415.4,10,42,2025,2025-10-17,Kharif,Low,1
Coconut,Coimbatore,29.43,520.9,10,42,2025,2025-10-18,Kharif,Medium,0
Cotton,Erode,75.76,579.9,10,42,2025,2025-10-18,Kharif,Low,1
Groundnut,Salem,94.55,568.6,10,42,2025,2025-10-18,Kharif,Low,1
Groundnut,Salem,108.49,411.1,10,42,2025,2025-10-18,Kharif,Low,1
Cabbage,Erode,17.88,776.8,10,42,2025,2025-10-18,Kharif,Medium,0
Brinjal,Trichy,30.29,630.2,10,42,2025,2025-10-18,Kharif,Medium,0
Cauliflower,Trichy,32.6,627.4,10,42,2025,2025-10-19,Kharif,Medium,0
Coconut,Tirunelveli,28.18,525.9,10,42,2025,2025-10-19,Kharif,Medium,0
Cotton,Chennai,72.13,422.1,10,42,2025,2025-10-19,Kharif,Low,1
Sugarcane,Tirunelveli,5.31,386.8,10,43,2025,2025-10-20,Kharif,Low,1
Onion,Trichy,28.41,580.6,10,43,2025,2025-10-20,Kharif,High,0
Cotton,Salem,74.09,317.2,10,43,2025,2025-10-20,Kharif,Low,1
Cotton,Vellore,71.48,722.2,10,43,2025,2025-10-20,Kharif,Low,1
Potato,Dindigul,31.76,290.4,10,43,2025,2025-10-20,Kharif,Medium,0
Rice,Chennai,41.67,312.2,10,43,2025,2025-10-21,Kharif,Low,1
Groundnut,Vellore,99.61,543.3,10,43,2025,2025-10-21,Kharif,Low,1
Brinjal,Thanjavur,26.35,759.4,10,43,2025,2025-10-21,Kharif,Medium,0
Banana,Tirunelveli,47.53,609.7,10,43,2025,2025-10-21,Kharif,Medium,0
Brinjal,Dindigul,26.87,623.3,10,43,2025,2025-10-21,Kharif,Medium,0
Sugarcane,Dindigul,4.68,407.5,10,43,2025,2025-10-21,Kharif,Low,1
Lady Finger,Chennai,39.98,446.2,10,43,2025,2025-10-21,Kharif,Medium,0
Groundnut,Vellore,91.24,235.9,10,43,2025,2025-10-22,Kharif,Low,1
Brinjal,Erode,27.31,785.4,10,43,2025,2025-10-22,Kharif,Medium,0
Carrot,Madurai,57.05,520.6,10,43,2025,2025-10-22,Kharif,Medium,0
Onion,Erode,33.74,500.9,10,43,2025,2025-10-23,Kharif,Medium,0
Groundnut,Dindigul,96.05,275.6,10,43,2025,2025-10-23,Kharif,Low,1
Cabbage,Tirunelveli,19.89,454.2,10,43,2025,2025-10-24,Kharif,Medium,0
Cabbage,Salem,20.17,312.1,10,43,2025,2025-10-24,Kharif,Medium,0
Cotton,Madurai,70.76,501.5,10,43,2025,2025-10-24,Kharif,Low,1
Carrot,Trichy,52.1,485.7,10,43,2025,2025-10-24,Kharif,Medium,0
Potato,Madurai,24.45,596.4,10,43,2025,2025-10-25,Kharif,Medium,0
Groundnut,Dindigul,99.2,337.9,10,43,2025,2025-10-25,Kharif,Low,1
Lady Finger,Chennai,43.7,436.2,10,43,2025,2025-10-25,Kharif,Medium,0
Cotton,Trichy,75.02,387.9,10,43,2025,2025-10-25,Kharif,Low,1
Banana,Dindigul,47.95,661.5,10,43,2025,2025-10-25,Kharif,Medium,0
Groundnut,Vellore,89.94,594.2,10,43,2025,2025-10-26,Kharif,Low,1
Groundnut,Tirunelveli,97.07,437.5,10,43,2025,2025-10-26,Kharif,Low,1
Carrot,Erode,59.9,495.0,10,43,2025,2025-10-26,Kharif,Medium,0
Rice,Salem,40.3,593.2,10,44,2025,2025-10-27,Kharif,Low,1
Groundnut,Coimbatore,96.18,412.2,10,44,2025,2025-10-27,Kharif,Low,1
Banana,Dindigul,40.92,259.2,10,44,2025,2025-10-27,Kharif,Medium,0
Sugarcane,Coimbatore,5.17,338.2,10,44,2025,2025-10-28,Kharif,Low,1
Carrot,Tirunelveli,52.91,565.0,10,44,2025,2025-10-28,Kharif,Medium,0
Brinjal,Coimbatore,31.16,294.0,10,44,2025,2025-10-28,Kharif,Medium,0
Potato,Madurai,27.34,639.4,10,44,2025,2025-10-29,Kharif,Medium,0
Cabbage,Thanjavur,21.87,732.1,10,44,2025,2025-10-29,Kharif,Medium,0
Chilli,Coimbatore,116.25,543.4,10,44,2025,2025-10-29,Kharif,Medium,0
Rice,Chennai,45.64,480.6,10,44,2025,2025-10-29,Kharif,Low,1
Coconut,Chennai,28.38,643.3,10,44,2025,2025-10-30,Kharif,Medium,0
Brinjal,Madurai,28.89,393.7,10,44,2025,2025-10-30,Kharif,Medium,0
Chilli,Thanjavur,112.43,588.4,10,44,2025,2025-10-30,Kharif,Medium,0
Tomato,Tirunelveli,53.4,671.6,10,44,2025,2025-10-31,Kharif,Low,1
Rice,Thanjavur,40.41,132.9,10,44,2025,2025-10-31,Kharif,Low,1
Rice,Trichy,36.86,416.3,11,44,2025,2025-11-01,Rabi,Medium,0
Sugarcane,Coimbatore,5.17,454.9,11,44,2025,2025-11-01,Rabi,Low,1
Rice,Chennai,32.49,592.1,11,44,2025,2025-11-01,Rabi,Medium,0
Lady Finger,Coimbatore,44.47,647.8,11,44,2025,2025-11-01,Rabi,Medium,0
Sugarcane,Thanjavur,4.72,358.6,11,44,2025,2025-11-01,Rabi,Low,1
Banana,Salem,44.86,345.1,11,44,2025,2025-11-02,Rabi,Medium,0
Lady Finger,Chennai,46.04,575.4,11,44,2025,2025-11-02,Rabi,Medium,0
Sugarcane,Trichy,5.31,500.7,11,44,2025,2025-11-02,Rabi,Low,1
Banana,Trichy,45.55,418.5,11,44,2025,2025-11-02,Rabi,Medium,0
Rice,Dindigul,38.48,440.9,11,44,2025,2025-11-02,Rabi,Medium,0
Potato,Madurai,32.87,426.9,11,44,2025,2025-11-02,Rabi,Low,1
Carrot,Salem,69.05,404.5,11,45,2025,2025-11-03,Rabi,Low,1
Sugarcane,Trichy,5.36,458.9,11,45,2025,2025-11-03,Rabi,Low,1
Chilli,Vellore,110.7,449.1,11,45,2025,2025-11-03,Rabi,Medium,0
Chilli,Madurai,108.75,675.7,11,45,2025,2025-11-03,Rabi,Medium,0
Cotton,Madurai,61.8,639.8,11,45,2025,2025-11-04,Rabi,Medium,1
Groundnut,Tirunelveli,91.13,223.0,11,45,2025,2025-11-04,Rabi,Low,1
Coconut,Vellore,28.09,551.9,11,45,2025,2025-11-04,Rabi,Medium,0
Lady Finger,Madurai,50.99,553.7,11,45,2025,2025-11-04,Rabi,Medium,0
Coconut,Salem,31.4,608.2,11,45,2025,2025-11-04,Rabi,Medium,0
Carrot,Coimbatore,65.29,422.2,11,45,2025,2025-11-04,Rabi,Low,1
Onion,Trichy,31.19,549.1,11,45,2025,2025-11-05,Rabi,Medium,0
Tomato,Dindigul,55.12,458.4,11,45,2025,2025-11-05,Rabi,Low,1
Potato,Dindigul,35.91,83.4,11,45,2025,2025-11-05,Rabi,Low,1
Chilli,Salem,100.81,671.5,11,45,2025,2025-11-06,Rabi,High,0
Brinjal,Dindigul,27.11,505.8,11,45,2025,2025-11-06,Rabi,Medium,0
Cabbage,Coimbatore,20.8,849.7,11,45,2025,2025-11-06,Rabi,Medium,0
Carrot,Trichy,71.1,247.4,11,45,2025,2025-11-07,Rabi,Low,1
Lady Finger,Thanjavur,44.77,394.8,11,45,2025,2025-11-07,Rabi,Medium,0
Potato,Trichy,33.62,353.0,11,45,2025,2025-11-07,Rabi,Low,1
Rice,Salem,36.26,421.1,11,45,2025,2025-11-08,Rabi,Medium,0
Carrot,Trichy,61.45,457.0,11,45,2025,2025-11-08,Rabi,Medium,1
Onion,Salem,31.87,660.4,11,45,2025,2025-11-08,Rabi,Medium,0
Tomato,Salem,51.57,374.3,11,45,2025,2025-11-08,Rabi,Low,1
Banana,Madurai,43.43,543.5,11,45,2025,2025-11-08,Rabi,Medium,0
Potato,Erode,39.33,271.6,11,45,2025,2025-11-09,Rabi,Low,1
Lady Finger,Dindigul,38.65,726.9,11,45,2025,2025-11-09,Rabi,Medium,0
Sugarcane,Trichy,5.24,254.3,11,45,2025,2025-11-09,Rabi,Low,1
Banana,Vellore,42.34,603.0,11,45,2025,2025-11-09,Rabi,Medium,0
Carrot,Trichy,79.36,479.1,11,46,2025,2025-11-10,Rabi,Low,1
Tomato,Vellore,57.44,438.9,11,46,2025,2025-11-10,Rabi,Low,1
Cauliflower,Salem,47.51,474.5,11,46,2025,2025-11-10,Rabi,Low,1
Potato,Madurai,34.9,451.5,11,46,2025,2025-11-10,Rabi,Low,1
Brinjal,Coimbatore,29.43,705.7,11,46,2025,2025-11-11,Rabi,Medium,0
Groundnut,Trichy,94.99,673.9,11,46,2025,2025-11-11,Rabi,Low,1
Potato,Trichy,36.08,507.0,11,46,2025,2025-11-11,Rabi,Low,1
Rice,Dindigul,34.35,601.6,11,46,2025,2025-11-12,Rabi,Medium,0
Groundnut,Madurai,87.47,348.4,11,46,2025,2025-11-12,Rabi,Low,1
Groundnut,Erode,94.79,611.7,11,46,2025,2025-11-12,Rabi,Low,1
Rice,Thanjavur,35.02,452.9,11,46,2025,2025-11-13,Rabi,Medium,0
Potato,Erode,37.05,364.7,11,46,2025,2025-11-13,Rabi,Low,1
Onion,Thanjavur,27.75,623.2,11,46,2025,2025-11-14,Rabi,High,0
Cotton,Trichy,69.1,533.6,11,46,2025,2025-11-14,Rabi,Low,1
Carrot,Chennai,67.41,705.1,11,46,2025,2025-11-14,Rabi,Low,1
Cauliflower,Madurai,40.37,558.8,11,46,2025,2025-11-14,Rabi,Low,1
Sugarcane,Salem,5.06,546.5,11,46,2025,2025-11-14,Rabi,Low,1
Banana,Tirunelveli,45.65,651.8,11,46,2025,2025-11-14,Rabi,Medium,0
Cabbage,Chennai,20.36,487.9,11,46,2025,2025-11-15,Rabi,Medium,0
Cabbage,Chennai,18.91,787.7,11,46,2025,2025-11-15,Rabi,Medium,0
Onion,Tirunelveli,30.08,448.2,11,46,2025,2025-11-15,Rabi,Medium,0
Groundnut,Vellore,84.51,502.9,11,46,2025,2025-11-15,Rabi,Medium,1
Tomato,Dindigul,57.43,586.8,11,46,2025,2025-11-15,Rabi,Low,1
Cotton,Dindigul,76.68,715.0,11,46,2025,2025-11-15,Rabi,Low,1
Groundnut,Coimbatore,87.49,493.2,11,46,2025,2025-11-15,Rabi,Low,1
Rice,Trichy,37.24,575.2,11,46,2025,2025-11-15,Rabi,Medium,0
Coconut,Tirunelveli,29.05,495.1,11,46,2025,2025-11-15,Rabi,Medium,0
Chilli,Chennai,104.75,529.9,11,47,2025,2025-11-17,Rabi,Medium,0
Coconut,Tirunelveli,28.73,563.6,11,47,2025,2025-11-17,Rabi,Medium,0
Potato,Dindigul,33.62,193.0,11,47,2025,2025-11-17,Rabi,Low,1
Groundnut,Erode,97.98,432.2,11,47,2025,2025-11-18,Rabi,Low,1
Potato,Erode,33.32,471.5,11,47,2025,2025-11-18,Rabi,Low,1
Cabbage,Coimbatore,21.47,444.5,11,47,2025,2025-11-19,Rabi,Medium,0
Cabbage,Vellore,20.49,782.4,11,47,2025,2025-11-20,Rabi,Medium,0
Rice,Chennai,33.05,766.2,11,47,2025,2025-11-20,Rabi,Medium,0
Chilli,Erode,113.64,504.9,11,47,2025,2025-11-20,Rabi,Medium,0
Lady Finger,Chennai,43.35,579.9,11,47,2025,2025-11-20,Rabi,Medium,0
Groundnut,Vellore,97.86,287.8,11,47,2025,2025-11-20,Rabi,Low,1
Groundnut,Vellore,102.43,408.0,11,47,2025,2025-11-21,Rabi,Low,1
Potato,Vellore,35.76,499.0,11,47,2025,2025-11-21,Rabi,Low,1
Tomato,Vellore,46.51,814.3,11,47,2025,2025-11-21,Rabi,Low,1
Carrot,Trichy,71.58,447.1,11,47,2025,2025-11-21,Rabi,Low,1
Groundnut,Erode,97.74,355.0,11,47,2025,2025-11-21,Rabi,Low,1
Sugarcane,Thanjavur,5.37,372.6,11,47,2025,2025-11-21,Rabi,Low,1
Coconut,Erode,26.72,369.7,11,47,2025,2025-11-22,Rabi,Medium,0
Cotton,Dindigul,81.81,380.5,11,47,2025,2025-11-22,Rabi,Low,1
Chilli,Salem,106.52,245.7,11,47,2025,2025-11-22,Rabi,Medium,0
Carrot,Trichy,72.43,515.3,11,47,2025,2025-11-22,Rabi,Low,1
Cabbage,Tirunelveli,21.28,231.5,11,47,2025,2025-11-22,Rabi,Medium,0
Chilli,Thanjavur,110.88,498.6,11,47,2025,2025-11-23,Rabi,Medium,0
Lady Finger,Trichy,44.35,755.2,11,47,2025,2025-11-23,Rabi,Medium,0
Potato,Coimbatore,34.76,187.0,11,47,2025,2025-11-23,Rabi,Low,1
Coconut,Tirunelveli,33.76,449.1,11,47,2025,2025-11-23,Rabi,Medium,0
Potato,Chennai,37.42,417.3,11,48,2025,2025-11-24,Rabi,Low,1
Cabbage,Dindigul,20.05,581.3,11,48,2025,2025-11-24,Rabi,Medium,0
Coconut,Salem,32.89,670.8,11,48,2025,2025-11-24,Rabi,Medium,0
Chilli,Dindigul,121.44,598.8,11,48,2025,2025-11-24,Rabi,Medium,0
Cauliflower,Dindigul,46.36,298.5,11,48,2025,2025-11-25,Rabi,Low,1
Cauliflower,Coimbatore,49.42,424.5,11,48,2025,2025-11-25,Rabi,Low,1
Cotton,Tirunelveli,81.72,129.2,11,48,2025,2025-11-25,Rabi,Low,1
Rice,Thanjavur,34.59,448.6,11,48,2025,2025-11-26,Rabi,Medium,0
Potato,Erode,35.17,423.0,11,48,2025,2025-11-26,Rabi,Low,1
Potato,Dindigul,36.79,362.0,11,48,2025,2025-11-26,Rabi,Low,1
Cauliflower,Thanjavur,43.29,482.8,11,48,2025,2025-11-26,Rabi,Low,1
Sugarcane,Chennai,4.95,584.5,11,48,2025,2025-11-26,Rabi,Low,1
Cabbage,Chennai,20.21,628.0,11,48,2025,2025-11-26,Rabi,Medium,0
Tomato,Madurai,55.74,468.4,11,48,2025,2025-11-27,Rabi,Low,1
Sugarcane,Vellore,5.34,212.5,11,48,2025,2025-11-27,Rabi,Low,1
Banana,Tirunelveli,44.38,777.2,11,48,2025,2025-11-27,Rabi,Medium,0
Banana,Salem,37.97,715.2,11,48,2025,2025-11-27,Rabi,High,0
Onion,Coimbatore,31.28,639.5,11,48,2025,2025-11-27,Rabi,Medium,0
Chilli,Dindigul,108.02,603.4,11,48,2025,2025-11-27,Rabi,Medium,0
Onion,Erode,29.75,566.7,11,48,2025,2025-11-27,Rabi,Medium,0
Sugarcane,Madurai,5.24,371.7,11,48,2025,2025-11-27,Rabi,Low,1
Carrot,Salem,71.59,534.2,11,48,2025,2025-11-28,Rabi,Low,1
Banana,Thanjavur,42.73,573.5,11,48,2025,2025-11-28,Rabi,Medium,0
Groundnut,Madurai,92.19,480.1,11,48,2025,2025-11-28,Rabi,Low,1
Chilli,Erode,105.52,477.3,11,48,2025,2025-11-28,Rabi,Medium,0
Coconut,Chennai,28.45,663.6,11,48,2025,2025-11-29,Rabi,Medium,0
Coconut,Thanjavur,31.04,518.7,11,48,2025,2025-11-30,Rabi,Medium,0
Coconut,Coimbatore,29.68,731.0,11,48,2025,2025-11-30,Rabi,Medium,0
Brinjal,Vellore,28.54,412.4,11,48,2025,2025-11-30,Rabi,Medium,0
Potato,Coimbatore,36.0,290.9,12,49,2025,2025-12-01,Rabi,Low,1
Tomato,Salem,54.51,639.0,12,49,2025,2025-12-01,Rabi,Low,1
Groundnut,Madurai,72.75,548.3,12,49,2025,2025-12-01,Rabi,Medium,0
Chilli,Coimbatore,106.8,667.2,12,49,2025,2025-12-01,Rabi,Medium,0
Lady Finger,Thanjavur,40.66,634.4,12,49,2025,2025-12-01,Rabi,Medium,0
Cabbage,Madurai,22.82,518.1,12,49,2025,2025-12-01,Rabi,Medium,1
Tomato,Erode,58.18,401.4,12,49,2025,2025-12-01,Rabi,Low,1
Cabbage,Coimbatore,28.97,338.4,12,49,2025,2025-12-03,Rabi,Low,1
Groundnut,Trichy,76.5,733.7,12,49,2025,2025-12-03,Rabi,Medium,0
Groundnut,Dindigul,72.93,445.9,12,49,2025,2025-12-04,Rabi,Medium,0
Sugarcane,Trichy,4.97,660.0,12,49,2025,2025-12-04,Rabi,Low,1
Carrot,Madurai,70.78,589.5,12,49,2025,2025-12-05,Rabi,Low,1
Brinjal,Chennai,29.25,396.8,12,49,2025,2025-12-05,Rabi,Medium,0
Lady Finger,Vellore,45.36,617.1,12,49,2025,2025-12-05,Rabi,Medium,0
Brinjal,Trichy,27.39,492.4,12,49,2025,2025-12-05,Rabi,Medium,0
Lady Finger,Chennai,42.08,387.7,12,49,2025,2025-12-06,Rabi,Medium,0
Rice,Tirunelveli,32.86,270.0,12,49,2025,2025-12-06,Rabi,Medium,0
Cauliflower,Tirunelveli,45.61,636.2,12,49,2025,2025-12-06,Rabi,Low,1
Potato,Tirunelveli,32.12,504.0,12,49,2025,2025-12-06,Rabi,Medium,1
Cabbage,Erode,27.02,562.3,12,49,2025,2025-12-06,Rabi,Low,1
Banana,Salem,40.09,376.8,12,49,2025,2025-12-06,Rabi,Medium,0
Cabbage,Trichy,27.61,476.9,12,49,2025,2025-12-06,Rabi,Low,1
Brinjal,Coimbatore,30.72,596.3,12,49,2025,2025-12-06,Rabi,Medium,0
Potato,Tirunelveli,33.79,566.8,12,49,2025,2025-12-07,Rabi,Low,1
Banana,Dindigul,46.35,566.4,12,49,2025,2025-12-07,Rabi,Medium,0
Banana,Madurai,44.06,533.0,12,49,2025,2025-12-07,Rabi,Medium,0
Chilli,Madurai,111.8,746.2,12,49,2025,2025-12-07,Rabi,Medium,0
Tomato,Vellore,56.6,254.8,12,49,2025,2025-12-07,Rabi,Low,1
Lady Finger,Chennai,44.62,473.3,12,49,2025,2025-12-07,Rabi,Medium,0
Tomato,Madurai,51.37,566.5,12,49,2025,2025-12-07,Rabi,Low,1
Groundnut,Coimbatore,74.08,512.4,12,50,2025,2025-12-08,Rabi,Medium,0
Lady Finger,Vellore,44.61,621.3,12,50,2025,2025-12-08,Rabi,Medium,0
Sugarcane,Chennai,5.29,480.7,12,50,2025,2025-12-08,Rabi,Low,1
Coconut,Trichy,31.13,464.4,12,50,2025,2025-12-08,Rabi,Medium,0
Cauliflower,Madurai,44.27,306.4,12,50,2025,2025-12-09,Rabi,Low,1
Sugarcane,Thanjavur,4.73,394.2,12,50,2025,2025-12-09,Rabi,Low,1
Rice,Tirunelveli,33.56,548.1,12,50,2025,2025-12-09,Rabi,Medium,0
Sugarcane,Tirunelveli,4.9,416.5,12,50,2025,2025-12-09,Rabi,Low,1
Brinjal,Salem,26.9,611.2,12,50,2025,2025-12-09,Rabi,Medium,0
Chilli,Vellore,121.51,412.3,12,50,2025,2025-12-10,Rabi,Medium,0
Potato,Trichy,38.48,465.2,12,50,2025,2025-12-10,Rabi,Low,1
Carrot,Salem,66.2,421.7,12,50,2025,2025-12-10,Rabi,Low,1
Cauliflower,Dindigul,48.52,191.6,12,50,2025,2025-12-10,Rabi,Low,1
Coconut,Chennai,30.9,730.6,12,50,2025,2025-12-10,Rabi,Medium,0
Banana,Trichy,41.47,463.5,12,50,2025,2025-12-10,Rabi,Medium,0
Coconut,Thanjavur,28.73,573.9,12,50,2025,2025-12-11,Rabi,Medium,0
Cabbage,Thanjavur,29.52,346.0,12,50,2025,2025-12-11,Rabi,Low,1
Rice,Vellore,37.55,568.0,12,50,2025,2025-12-11,Rabi,Medium,0
Coconut,Coimbatore,32.27,590.7,12,50,2025,2025-12-12,Rabi,Medium,0
Banana,Erode,45.92,692.5,12,50,2025,2025-12-12,Rabi,Medium,0
Sugarcane,Dindigul,4.93,620.4,12,50,2025,2025-12-12,Rabi,Low,1
Carrot,Salem,68.29,296.7,12,50,2025,2025-12-13,Rabi,Low,1
Onion,Vellore,44.2,265.8,12,50,2025,2025-12-13,Rabi,Low,1
Tomato,Vellore,53.36,445.5,12,50,2025,2025-12-14,Rabi,Low,1
Coconut,Thanjavur,28.21,653.8,12,50,2025,2025-12-14,Rabi,Medium,0
Groundnut,Chennai,72.89,731.6,12,50,2025,2025-12-14,Rabi,Medium,0
Carrot,Erode,65.6,343.4,12,50,2025,2025-12-14,Rabi,Low,1
Potato,Trichy,35.29,413.7,12,50,2025,2025-12-14,Rabi,Low,1
Chilli,Coimbatore,114.49,454.1,12,51,2025,2025-12-15,Rabi,Medium,0
Cauliflower,Tirunelveli,48.34,434.7,12,51,2025,2025-12-15,Rabi,Low,1
Cabbage,Trichy,31.05,414.8,12,51,2025,2025-12-15,Rabi,Low,1
Sugarcane,Madurai,5.0,426.9,12,51,2025,2025-12-15,Rabi,Low,1
Chilli,Trichy,115.7,782.8,12,51,2025,2025-12-16,Rabi,Medium,0
Cabbage,Chennai,26.06,428.7,12,51,2025,2025-12-16,Rabi,Low,1
Coconut,Trichy,29.47,297.5,12,51,2025,2025-12-17,Rabi,Medium,0
Coconut,Coimbatore,30.67,486.0,12,51,2025,2025-12-17,Rabi,Medium,0
Groundnut,Madurai,71.68,808.7,12,51,2025,2025-12-17,Rabi,Medium,0
Onion,Coimbatore,50.29,242.9,12,51,2025,2025-12-17,Rabi,Low,1
Brinjal,Dindigul,34.03,651.5,12,51,2025,2025-12-18,Rabi,Medium,0
Cauliflower,Coimbatore,39.15,628.4,12,51,2025,2025-12-18,Rabi,Medium,1
Carrot,Tirunelveli,71.32,196.1,12,51,2025,2025-12-18,Rabi,Low,1
Coconut,Erode,27.35,801.1,12,51,2025,2025-12-19,Rabi,Medium,0
Tomato,Vellore,55.69,397.7,12,51,2025,2025-12-19,Rabi,Low,1
Lady Finger,Vellore,43.08,507.0,12,51,2025,2025-12-19,Rabi,Medium,0
Cauliflower,Thanjavur,46.89,354.9,12,51,2025,2025-12-20,Rabi,Low,1
Brinjal,Thanjavur,23.25,552.1,12,51,2025,2025-12-20,Rabi,High,0
Tomato,Dindigul,61.9,419.4,12,51,2025,2025-12-20,Rabi,Low,1
Potato,Madurai,38.1,506.2,12,51,2025,2025-12-21,Rabi,Low,1
Sugarcane,Erode,4.59,732.7,12,51,2025,2025-12-21,Rabi,Medium,1
Coconut,Coimbatore,28.84,452.3,12,51,2025,2025-12-21,Rabi,Medium,0
Onion,Vellore,45.66,334.2,12,51,2025,2025-12-21,Rabi,Low,1
Sugarcane,Trichy,5.27,330.2,12,51,2025,2025-12-21,Rabi,Low,1
Banana,Chennai,49.2,301.9,12,51,2025,2025-12-21,Rabi,Medium,0
Potato,Dindigul,34.57,673.9,12,52,2025,2025-12-22,Rabi,Low,1
Coconut,Coimbatore,28.6,644.7,12,52,2025,2025-12-22,Rabi,Medium,0
Lady Finger,Erode,43.12,595.8,12,52,2025,2025-12-22,Rabi,Medium,0
Brinjal,Vellore,30.53,587.8,12,52,2025,2025-12-23,Rabi,Medium,0
Lady Finger,Trichy,39.21,873.3,12,52,2025,2025-12-23,Rabi,Medium,0
Onion,Thanjavur,45.33,355.6,12,52,2025,2025-12-23,Rabi,Low,1
Banana,Coimbatore,45.87,466.1,12,52,2025,2025-12-23,Rabi,Medium,0
Potato,Vellore,37.83,471.4,12,52,2025,2025-12-23,Rabi,Low,1
Tomato,Vellore,51.66,591.0,12,52,2025,2025-12-23,Rabi,Low,1
Chilli,Erode,130.17,661.2,12,52,2025,2025-12-24,Rabi,Medium,0
Coconut,Dindigul,29.73,551.6,12,52,2025,2025-12-24,Rabi,Medium,0
Cabbage,Vellore,25.12,609.9,12,52,2025,2025-12-24,Rabi,Low,1
Chilli,Madurai,117.32,534.3,12,52,2025,2025-12-25,Rabi,Medium,0
Lady Finger,Vellore,46.05,623.5,12,52,2025,2025-12-25,Rabi,Medium,0
Onion,Madurai,48.61,317.5,12,52,2025,2025-12-26,Rabi,Low,1
Banana,Chennai,46.06,575.0,12,52,2025,2025-12-26,Rabi,Medium,0
Cauliflower,Trichy,45.46,210.2,12,52,2025,2025-12-27,Rabi,Low,1
Chilli,Trichy,121.89,605.2,12,52,2025,2025-12-27,Rabi,Medium,0
Cauliflower,Tirunelveli,48.29,449.7,12,52,2025,2025-12-27,Rabi,Low,1
Lady Finger,Coimbatore,50.58,524.9,12,52,2025,2025-12-27,Rabi,Medium,0
Potato,Tirunelveli,35.75,455.9,12,52,2025,2025-12-28,Rabi,Low,1
Coconut,Coimbatore,24.42,702.2,12,52,2025,2025-12-28,Rabi,High,0
Onion,Madurai,46.55,336.7,12,52,2025,2025-12-28,Rabi,Low,1
Tomato,Madurai,50.91,511.2,12,52,2025,2025-12-28,Rabi,Low,1
Cabbage,Madurai,24.53,482.5,12,52,2025,2025-12-28,Rabi,Low,1
Banana,Vellore,50.22,722.8,12,52,2025,2025-12-28,Rabi,Medium,0
Potato,Vellore,36.99,331.7,12,1,2025,2025-12-30,Rabi,Low,1
Cotton,Trichy,63.08,528.8,12,1,2025,2025-12-30,Rabi,Medium,0
Brinjal,Madurai,30.58,553.4,12,1,2025,2025-12-31,Rabi,Medium,0
Banana,Salem,50.47,271.5,12,1,2025,2025-12-31,Rabi,Medium,0
Tomato,Dindigul,49.34,374.4,12,1,2025,2025-12-31,Rabi,Low,1
Cabbage,Salem,21.69,458.7,12,1,2025,2025-12-31,Rabi,Medium,1
Tomato,Thanjavur,59.89,471.2,12,1,2025,2025-12-31,Rabi,Low,1
Groundnut,Salem,82.99,284.8,12,1,2025,2025-12-31,Rabi,Medium,0
