order_id,farmer_id,consumer_id,crop_name,price_per_kg,quantity_kg,total,amount_saved,status,date,month,year,location
order_02881,farmer_0035,consumer_0012,Onion,39.56,5.2,205.71,53.57,Delivered,2023-01-01,1,2023,Dindigul
order_00524,farmer_0037,consumer_0041,Banana,37.39,35.8,1338.56,348.95,Delivered,2023-01-01,1,2023,Coimbatore
order_01960,farmer_0002,consumer_0114,Banana,40.81,22.6,922.31,328.29,Delivered,2023-01-01,1,2023,Thanjavur
order_02296,farmer_0028,consumer_0146,Carrot,66.3,89.7,5947.11,2181.54,Delivered,2023-01-02,1,2023,Chennai
order_02457,farmer_0016,consumer_0082,Lady Finger,39.77,28.1,1117.54,327.17,Delivered,2023-01-02,1,2023,Dindigul
order_01259,farmer_0023,consumer_0042,Potato,35.03,11.4,399.34,152.33,On the way,2023-01-03,1,2023,Salem
order_01594,farmer_0001,consumer_0068,Rice,30.45,16.6,505.47,114.78,Delivered,2023-01-03,1,2023,Madurai
order_01270,farmer_0040,consumer_0076,Potato,32.54,47.0,1529.38,322.39,Delivered,2023-01-03,1,2023,Thanjavur
order_02811,farmer_0017,consumer_0103,Brinjal,25.46,22.2,565.21,147.02,Delivered,2023-01-04,1,2023,Dindigul
order_01173,farmer_0007,consumer_0103,Banana,43.1,28.4,1224.04,442.55,Delivered,2023-01-04,1,2023,Dindigul
order_02188,farmer_0038,consumer_0169,Coconut,28.06,4.3,120.66,27.58,Delivered,2023-01-05,1,2023,Salem
order_01161,farmer_0025,consumer_0119,Cauliflower,43.36,7.9,342.54,69.62,Delivered,2023-01-05,1,2023,Tirunelveli
order_02047,farmer_0011,consumer_0004,Carrot,65.96,76.4,5039.34,1856.35,Delivered,2023-01-05,1,2023,Chennai
order_01910,farmer_0008,consumer_0185,Groundnut,66.1,40.9,2703.49,769.4,Delivered,2023-01-05,1,2023,Dindigul
order_00672,farmer_0019,consumer_0094,Tomato,37.41,18.9,707.05,208.04,Processing,2023-01-05,1,2023,Vellore
order_01279,farmer_0023,consumer_0184,Rice,33.22,126.7,4208.97,1416.05,Delivered,2023-01-06,1,2023,Dindigul
order_02798,farmer_0040,consumer_0014,Sugarcane,3.45,1.0,3.45,1.26,Delivered,2023-01-06,1,2023,Erode
order_01991,farmer_0009,consumer_0192,Groundnut,69.96,2.8,195.89,53.41,Delivered,2023-01-06,1,2023,Tirunelveli
order_02543,farmer_0036,consumer_0044,Potato,33.81,1.0,33.81,7.43,Delivered,2023-01-06,1,2023,Vellore
order_01791,farmer_0024,consumer_0193,Cabbage,23.69,22.3,528.29,149.9,Delivered,2023-01-06,1,2023,Tirunelveli
order_01098,farmer_0036,consumer_0038,Lady Finger,40.96,9.7,397.31,148.3,Delivered,2023-01-06,1,2023,Coimbatore
order_01531,farmer_0043,consumer_0048,Tomato,36.21,12.6,456.25,158.87,Delivered,2023-01-07,1,2023,Coimbatore
order_01053,farmer_0046,consumer_0017,Carrot,66.55,28.9,1923.29,505.84,Delivered,2023-01-07,1,2023,Vellore
order_00118,farmer_0008,consumer_0088,Potato,33.48,18.0,602.64,158.03,Delivered,2023-01-07,1,2023,Erode
order_02098,farmer_0009,consumer_0156,Rice,31.56,4.1,129.4,38.84,Delivered,2023-01-08,1,2023,Vellore
order_01719,farmer_0039,consumer_0195,Lady Finger,39.79,73.1,2908.65,856.12,Delivered,2023-01-08,1,2023,Chennai
order_01501,farmer_0020,consumer_0176,Tomato,32.96,25.3,833.89,259.05,Delivered,2023-01-08,1,2023,Erode
order_02935,farmer_0013,consumer_0194,Cabbage,21.99,34.1,749.86,274.65,Delivered,2023-01-08,1,2023,Erode
order_01168,farmer_0002,consumer_0118,Tomato,36.65,12.7,465.45,111.57,Delivered,2023-01-08,1,2023,Tirunelveli
order_01599,farmer_0035,consumer_0196,Coconut,29.86,2.9,86.59,27.18,On the way,2023-01-08,1,2023,Trichy
order_02068,farmer_0029,consumer_0040,Rice,33.56,12.4,416.14,154.5,Delivered,2023-01-08,1,2023,Salem
order_02252,farmer_0036,consumer_0168,Coconut,26.53,7.3,193.67,44.99,Delivered,2023-01-09,1,2023,Coimbatore
order_02012,farmer_0047,consumer_0163,Coconut,27.43,35.9,984.74,210.31,On the way,2023-01-09,1,2023,Coimbatore
order_01708,farmer_0010,consumer_0026,Groundnut,74.16,20.7,1535.11,559.95,On the way,2023-01-09,1,2023,Thanjavur
order_00544,farmer_0011,consumer_0190,Onion,39.97,124.1,4960.28,1244.75,Delivered,2023-01-09,1,2023,Salem
order_02401,farmer_0013,consumer_0002,Rice,31.45,20.5,644.73,232.59,Delivered,2023-01-10,1,2023,Thanjavur
order_01590,farmer_0012,consumer_0134,Groundnut,67.92,14.7,998.42,268.2,On the way,2023-01-10,1,2023,Coimbatore
order_00856,farmer_0050,consumer_0050,Cauliflower,41.9,18.7,783.53,281.1,Delivered,2023-01-11,1,2023,Vellore
order_02204,farmer_0028,consumer_0110,Cotton,49.18,37.8,1859.0,436.22,Delivered,2023-01-11,1,2023,Salem
order_02777,farmer_0015,consumer_0113,Lady Finger,42.09,17.5,736.58,157.92,Delivered,2023-01-11,1,2023,Salem
order_00172,farmer_0027,consumer_0169,Banana,42.32,13.4,567.09,159.6,Processing,2023-01-11,1,2023,Madurai
order_01475,farmer_0011,consumer_0139,Tomato,35.11,10.0,351.1,94.65,On the way,2023-01-12,1,2023,Vellore
order_02353,farmer_0037,consumer_0108,Chilli,142.68,26.7,3809.56,1492.26,Delivered,2023-01-12,1,2023,Vellore
order_01841,farmer_0002,consumer_0136,Cabbage,23.28,20.1,467.93,158.61,Delivered,2023-01-12,1,2023,Madurai
order_01260,farmer_0011,consumer_0026,Sugarcane,3.62,17.3,62.63,14.79,Delivered,2023-01-13,1,2023,Dindigul
order_02360,farmer_0032,consumer_0186,Cabbage,23.84,20.5,488.72,125.78,Delivered,2023-01-13,1,2023,Dindigul
order_01762,farmer_0034,consumer_0155,Banana,40.61,10.9,442.65,119.24,Processing,2023-01-13,1,2023,Madurai
order_00361,farmer_0049,consumer_0092,Chilli,136.45,31.6,4311.82,1699.62,Processing,2023-01-14,1,2023,Dindigul
order_02918,farmer_0006,consumer_0180,Lady Finger,36.67,6.8,249.36,73.36,Processing,2023-01-14,1,2023,Chennai
order_01584,farmer_0049,consumer_0111,Sugarcane,3.49,31.5,109.94,35.77,Delivered,2023-01-15,1,2023,Coimbatore
order_01724,farmer_0001,consumer_0173,Cauliflower,47.07,46.5,2188.76,517.45,Delivered,2023-01-15,1,2023,Thanjavur
order_01109,farmer_0042,consumer_0147,Brinjal,27.11,18.1,490.69,102.96,Delivered,2023-01-16,1,2023,Trichy
order_00027,farmer_0042,consumer_0117,Potato,31.24,26.7,834.11,265.84,Delivered,2023-01-16,1,2023,Tirunelveli
order_02283,farmer_0008,consumer_0164,Potato,33.28,94.1,3131.65,1122.1,Delivered,2023-01-16,1,2023,Vellore
order_00513,farmer_0019,consumer_0069,Lady Finger,43.91,13.0,570.83,218.65,Delivered,2023-01-16,1,2023,Thanjavur
order_02754,farmer_0033,consumer_0195,Brinjal,25.61,7.0,179.27,64.82,Delivered,2023-01-17,1,2023,Thanjavur
order_01996,farmer_0001,consumer_0056,Banana,39.43,17.2,678.2,220.26,Delivered,2023-01-17,1,2023,Dindigul
order_02635,farmer_0039,consumer_0109,Cabbage,23.28,26.5,616.92,154.07,Delivered,2023-01-17,1,2023,Trichy
order_01381,farmer_0011,consumer_0136,Brinjal,27.8,7.0,194.6,45.9,Delivered,2023-01-17,1,2023,Madurai
order_01393,farmer_0029,consumer_0034,Onion,37.47,26.8,1004.2,401.22,Delivered,2023-01-17,1,2023,Chennai
order_01462,farmer_0034,consumer_0084,Banana,44.18,54.8,2421.06,534.56,Delivered,2023-01-18,1,2023,Trichy
order_02538,farmer_0014,consumer_0070,Banana,41.16,53.4,2197.94,705.36,Delivered,2023-01-18,1,2023,Tirunelveli
order_01919,farmer_0037,consumer_0116,Rice,34.53,8.1,279.69,66.15,Delivered,2023-01-19,1,2023,Tirunelveli
order_02546,farmer_0043,consumer_0175,Groundnut,63.32,28.1,1779.29,440.4,Delivered,2023-01-19,1,2023,Coimbatore
order_02581,farmer_0041,consumer_0176,Cauliflower,40.88,4.0,163.52,46.85,Delivered,2023-01-20,1,2023,Vellore
order_01220,farmer_0022,consumer_0197,Sugarcane,3.47,4.2,14.57,4.65,Delivered,2023-01-20,1,2023,Vellore
order_00395,farmer_0018,consumer_0049,Sugarcane,3.84,19.8,76.03,21.53,Delivered,2023-01-21,1,2023,Erode
order_01397,farmer_0028,consumer_0078,Rice,34.13,11.0,375.43,78.31,Delivered,2023-01-21,1,2023,Tirunelveli
order_01417,farmer_0017,consumer_0105,Cauliflower,41.27,1.6,66.03,16.24,On the way,2023-01-21,1,2023,Erode
order_01815,farmer_0047,consumer_0198,Chilli,130.19,13.7,1783.6,470.08,Delivered,2023-01-21,1,2023,Madurai
order_00106,farmer_0013,consumer_0002,Potato,28.8,32.2,927.36,221.79,Delivered,2023-01-22,1,2023,Dindigul
order_00121,farmer_0006,consumer_0186,Cotton,57.93,7.7,446.06,108.62,Delivered,2023-01-22,1,2023,Salem
order_01419,farmer_0050,consumer_0123,Cauliflower,43.33,32.9,1425.56,409.86,Delivered,2023-01-22,1,2023,Dindigul
order_00396,farmer_0045,consumer_0197,Banana,42.72,18.1,773.23,251.54,Delivered,2023-01-22,1,2023,Erode
order_02848,farmer_0031,consumer_0112,Tomato,37.99,12.5,474.88,189.13,Delivered,2023-01-22,1,2023,Coimbatore
order_02534,farmer_0009,consumer_0199,Tomato,39.24,26.5,1039.86,376.19,On the way,2023-01-22,1,2023,Tirunelveli
order_02889,farmer_0044,consumer_0098,Carrot,60.11,19.5,1172.14,377.16,Delivered,2023-01-22,1,2023,Thanjavur
order_02962,farmer_0039,consumer_0145,Chilli,135.82,4.1,556.86,116.13,On the way,2023-01-22,1,2023,Chennai
order_02860,farmer_0022,consumer_0064,Brinjal,27.68,49.9,1381.23,403.97,On the way,2023-01-23,1,2023,Coimbatore
order_01916,farmer_0043,consumer_0169,Potato,31.64,35.2,1113.73,386.64,Delivered,2023-01-23,1,2023,Madurai
order_00796,farmer_0045,consumer_0007,Cotton,57.11,15.9,908.05,323.27,Delivered,2023-01-24,1,2023,Chennai
order_02008,farmer_0007,consumer_0108,Groundnut,68.92,8.3,572.04,141.26,Delivered,2023-01-25,1,2023,Madurai
order_00176,farmer_0029,consumer_0039,Brinjal,32.44,29.2,947.25,254.42,Delivered,2023-01-26,1,2023,Erode
order_01969,farmer_0020,consumer_0031,Rice,31.42,46.0,1445.32,496.27,Delivered,2023-01-26,1,2023,Thanjavur
order_02435,farmer_0047,consumer_0010,Cotton,60.32,3.5,211.12,46.0,Processing,2023-01-27,1,2023,Dindigul
order_00479,farmer_0022,consumer_0162,Brinjal,28.4,13.0,369.2,144.49,Delivered,2023-01-27,1,2023,Trichy
order_02681,farmer_0030,consumer_0008,Coconut,29.35,12.3,361.01,134.42,Processing,2023-01-28,1,2023,Dindigul
order_02512,farmer_0028,consumer_0147,Potato,32.35,15.9,514.37,163.48,Delivered,2023-01-29,1,2023,Salem
order_01607,farmer_0046,consumer_0003,Brinjal,29.06,1.0,29.06,10.63,Processing,2023-01-29,1,2023,Dindigul
order_01775,farmer_0018,consumer_0048,Cotton,55.15,7.5,413.62,90.64,Delivered,2023-01-29,1,2023,Tirunelveli
order_01113,farmer_0021,consumer_0109,Potato,31.98,7.3,233.45,84.98,Delivered,2023-01-30,1,2023,Vellore
order_00067,farmer_0010,consumer_0025,Tomato,35.05,1.0,35.05,12.22,Delivered,2023-01-31,1,2023,Dindigul
order_01203,farmer_0045,consumer_0168,Coconut,26.23,26.0,681.98,137.02,Delivered,2023-01-31,1,2023,Coimbatore
order_01912,farmer_0002,consumer_0062,Potato,28.33,131.9,3736.73,1163.97,Delivered,2023-02-01,2,2023,Dindigul
order_02689,farmer_0024,consumer_0104,Sugarcane,3.4,29.7,100.98,35.15,Delivered,2023-02-02,2,2023,Vellore
order_01864,farmer_0050,consumer_0057,Carrot,47.44,14.7,697.37,255.97,Processing,2023-02-02,2,2023,Erode
order_01924,farmer_0045,consumer_0070,Coconut,26.28,22.9,601.81,237.22,Delivered,2023-02-03,2,2023,Thanjavur
order_02165,farmer_0040,consumer_0019,Carrot,52.42,3.4,178.23,38.99,Delivered,2023-02-03,2,2023,Vellore
order_02626,farmer_0020,consumer_0033,Carrot,51.24,110.5,5662.02,2078.84,Delivered,2023-02-03,2,2023,Trichy
order_01424,farmer_0011,consumer_0170,Cotton,54.35,97.1,5277.39,1151.39,Delivered,2023-02-03,2,2023,Madurai
order_00550,farmer_0012,consumer_0199,Tomato,39.89,24.6,981.29,202.36,On the way,2023-02-03,2,2023,Coimbatore
order_01416,farmer_0007,consumer_0056,Potato,26.37,4.2,110.75,25.13,Delivered,2023-02-03,2,2023,Salem
order_01635,farmer_0029,consumer_0122,Potato,28.63,12.2,349.29,110.61,Delivered,2023-02-04,2,2023,Madurai
order_00498,farmer_0036,consumer_0123,Chilli,137.88,29.2,4026.1,905.0,Delivered,2023-02-04,2,2023,Vellore
order_02468,farmer_0002,consumer_0032,Coconut,26.81,21.5,576.41,204.5,Delivered,2023-02-04,2,2023,Coimbatore
order_00810,farmer_0034,consumer_0048,Chilli,138.19,15.4,2128.13,754.37,Delivered,2023-02-04,2,2023,Madurai
order_00114,farmer_0021,consumer_0182,Sugarcane,3.98,1.0,3.98,1.06,Delivered,2023-02-04,2,2023,Madurai
order_01001,farmer_0025,consumer_0166,Rice,30.15,31.0,934.65,238.92,Delivered,2023-02-05,2,2023,Coimbatore
order_00607,farmer_0048,consumer_0158,Carrot,55.42,9.2,509.86,199.3,Processing,2023-02-05,2,2023,Trichy
order_02285,farmer_0020,consumer_0027,Cauliflower,34.2,4.3,147.06,54.46,Processing,2023-02-05,2,2023,Dindigul
order_02431,farmer_0036,consumer_0197,Cotton,59.12,1.9,112.33,29.65,Delivered,2023-02-05,2,2023,Vellore
order_02094,farmer_0010,consumer_0011,Carrot,46.4,79.5,3688.8,1083.51,Delivered,2023-02-05,2,2023,Salem
order_00873,farmer_0001,consumer_0089,Cotton,55.51,44.3,2459.09,902.96,Delivered,2023-02-05,2,2023,Tirunelveli
order_02807,farmer_0038,consumer_0089,Chilli,145.48,10.9,1585.73,581.64,Delivered,2023-02-06,2,2023,Erode
order_00482,farmer_0014,consumer_0084,Onion,39.9,104.6,4173.54,1207.89,Delivered,2023-02-06,2,2023,Salem
order_01985,farmer_0031,consumer_0174,Potato,23.87,26.5,632.56,166.18,Delivered,2023-02-07,2,2023,Chennai
order_01970,farmer_0046,consumer_0140,Banana,39.12,28.4,1111.01,443.17,On the way,2023-02-07,2,2023,Madurai
order_02816,farmer_0044,consumer_0008,Onion,40.6,3.7,150.22,32.38,Delivered,2023-02-09,2,2023,Chennai
order_00486,farmer_0025,consumer_0193,Brinjal,27.52,50.5,1389.76,365.08,Delivered,2023-02-09,2,2023,Madurai
order_01894,farmer_0037,consumer_0157,Sugarcane,3.61,3.2,11.55,2.57,Delivered,2023-02-09,2,2023,Tirunelveli
order_01908,farmer_0043,consumer_0149,Coconut,24.89,10.4,258.86,75.47,Delivered,2023-02-09,2,2023,Vellore
order_01241,farmer_0036,consumer_0016,Coconut,26.06,5.0,130.3,36.43,Delivered,2023-02-09,2,2023,Coimbatore
order_02973,farmer_0022,consumer_0064,Rice,30.63,34.3,1050.61,406.43,On the way,2023-02-10,2,2023,Salem
order_01854,farmer_0032,consumer_0159,Brinjal,27.11,8.2,222.3,88.83,Delivered,2023-02-10,2,2023,Dindigul
order_01612,farmer_0045,consumer_0152,Onion,38.37,45.5,1745.83,368.93,Delivered,2023-02-10,2,2023,Trichy
order_00059,farmer_0025,consumer_0024,Lady Finger,43.13,33.0,1423.29,555.16,Processing,2023-02-10,2,2023,Vellore
order_02645,farmer_0043,consumer_0075,Groundnut,64.42,5.8,373.64,126.01,Delivered,2023-02-10,2,2023,Trichy
order_02856,farmer_0037,consumer_0009,Carrot,46.86,47.0,2202.42,610.91,Delivered,2023-02-11,2,2023,Dindigul
order_02302,farmer_0047,consumer_0103,Coconut,27.74,2.1,58.25,17.62,On the way,2023-02-11,2,2023,Dindigul
order_01978,farmer_0004,consumer_0196,Cabbage,20.69,9.1,188.28,56.6,Delivered,2023-02-12,2,2023,Tirunelveli
order_00705,farmer_0047,consumer_0067,Brinjal,26.55,47.5,1261.12,277.31,Delivered,2023-02-12,2,2023,Madurai
order_02633,farmer_0002,consumer_0148,Chilli,142.5,12.7,1809.75,524.74,On the way,2023-02-12,2,2023,Vellore
order_00347,farmer_0029,consumer_0107,Rice,33.14,74.0,2452.36,911.07,Delivered,2023-02-12,2,2023,Thanjavur
order_01574,farmer_0048,consumer_0004,Lady Finger,40.58,26.2,1063.2,373.09,Delivered,2023-02-12,2,2023,Vellore
order_02984,farmer_0047,consumer_0177,Cauliflower,34.91,9.8,342.12,92.32,Delivered,2023-02-13,2,2023,Trichy
order_02417,farmer_0043,consumer_0063,Brinjal,27.43,2.5,68.58,18.68,Delivered,2023-02-13,2,2023,Tirunelveli
order_00430,farmer_0004,consumer_0085,Onion,42.7,1.1,46.97,9.48,Delivered,2023-02-13,2,2023,Coimbatore
order_00475,farmer_0036,consumer_0072,Rice,30.79,59.2,1822.77,545.85,On the way,2023-02-14,2,2023,Salem
order_01093,farmer_0018,consumer_0193,Chilli,136.6,49.3,6734.38,2572.55,Delivered,2023-02-14,2,2023,Trichy
order_01792,farmer_0043,consumer_0184,Cabbage,23.57,29.6,697.67,163.21,Delivered,2023-02-14,2,2023,Coimbatore
order_00910,farmer_0035,consumer_0185,Sugarcane,3.85,43.4,167.09,49.89,Delivered,2023-02-16,2,2023,Tirunelveli
order_02900,farmer_0002,consumer_0097,Groundnut,71.7,34.1,2444.97,874.08,Delivered,2023-02-16,2,2023,Dindigul
order_01636,farmer_0042,consumer_0161,Groundnut,74.47,16.1,1198.97,289.73,On the way,2023-02-16,2,2023,Vellore
order_02117,farmer_0044,consumer_0123,Lady Finger,42.9,1.0,42.9,15.97,Delivered,2023-02-16,2,2023,Tirunelveli
order_02735,farmer_0041,consumer_0133,Cauliflower,32.46,4.2,136.33,46.53,On the way,2023-02-17,2,2023,Tirunelveli
order_01790,farmer_0035,consumer_0112,Chilli,145.58,21.7,3159.09,917.81,Processing,2023-02-17,2,2023,Trichy
order_00869,farmer_0026,consumer_0164,Groundnut,70.68,12.7,897.64,357.26,Delivered,2023-02-17,2,2023,Coimbatore
order_00069,farmer_0007,consumer_0068,Lady Finger,42.59,36.5,1554.54,404.85,Delivered,2023-02-17,2,2023,Dindigul
order_00255,farmer_0028,consumer_0102,Banana,40.86,7.6,310.54,70.82,Delivered,2023-02-17,2,2023,Erode
order_02496,farmer_0007,consumer_0080,Chilli,135.72,69.3,9405.4,3118.71,Delivered,2023-02-17,2,2023,Salem
order_00510,farmer_0036,consumer_0018,Brinjal,28.91,24.1,696.73,232.66,Delivered,2023-02-18,2,2023,Chennai
order_01225,farmer_0015,consumer_0081,Coconut,25.66,45.4,1164.96,327.62,Delivered,2023-02-18,2,2023,Trichy
order_00639,farmer_0002,consumer_0056,Chilli,132.07,7.4,977.32,256.95,On the way,2023-02-18,2,2023,Tirunelveli
order_01882,farmer_0041,consumer_0083,Groundnut,67.53,32.4,2187.97,762.24,Delivered,2023-02-19,2,2023,Chennai
order_00507,farmer_0015,consumer_0123,Coconut,29.38,20.4,599.35,126.16,Delivered,2023-02-19,2,2023,Chennai
order_02362,farmer_0034,consumer_0035,Brinjal,30.01,38.2,1146.38,275.96,Delivered,2023-02-19,2,2023,Coimbatore
order_00073,farmer_0024,consumer_0123,Rice,31.42,84.2,2645.56,739.35,On the way,2023-02-20,2,2023,Dindigul
order_02243,farmer_0011,consumer_0010,Cotton,56.02,6.0,336.12,70.42,Delivered,2023-02-21,2,2023,Madurai
order_00104,farmer_0050,consumer_0172,Potato,24.45,137.5,3361.88,1254.75,Delivered,2023-02-21,2,2023,Vellore
order_01686,farmer_0016,consumer_0002,Groundnut,71.67,27.8,1992.43,441.15,Processing,2023-02-21,2,2023,Vellore
order_02863,farmer_0024,consumer_0071,Sugarcane,3.61,24.5,88.44,27.42,Delivered,2023-02-21,2,2023,Thanjavur
order_00331,farmer_0041,consumer_0085,Coconut,30.4,41.0,1246.4,303.13,On the way,2023-02-22,2,2023,Coimbatore
order_00799,farmer_0021,consumer_0098,Tomato,35.63,39.1,1393.13,479.02,Delivered,2023-02-22,2,2023,Coimbatore
order_02270,farmer_0031,consumer_0006,Chilli,148.41,32.1,4763.96,1199.56,Delivered,2023-02-23,2,2023,Chennai
order_02173,farmer_0036,consumer_0083,Tomato,41.95,31.0,1300.45,316.36,Delivered,2023-02-23,2,2023,Chennai
order_00726,farmer_0046,consumer_0024,Tomato,35.1,9.4,329.94,130.74,Delivered,2023-02-23,2,2023,Madurai
order_02868,farmer_0020,consumer_0013,Onion,42.33,43.7,1849.82,694.08,Delivered,2023-02-23,2,2023,Coimbatore
order_01035,farmer_0027,consumer_0142,Rice,30.65,6.2,190.03,68.64,Delivered,2023-02-24,2,2023,Salem
order_01895,farmer_0005,consumer_0158,Brinjal,24.63,20.5,504.91,201.35,Delivered,2023-02-24,2,2023,Vellore
order_00843,farmer_0027,consumer_0050,Chilli,130.5,22.0,2871.0,911.0,Delivered,2023-02-24,2,2023,Madurai
order_00851,farmer_0005,consumer_0083,Onion,43.59,8.0,348.72,96.68,Delivered,2023-02-25,2,2023,Salem
order_02198,farmer_0040,consumer_0194,Coconut,27.68,51.8,1433.82,314.18,Delivered,2023-02-26,2,2023,Chennai
order_01409,farmer_0042,consumer_0081,Cabbage,23.65,3.0,70.95,14.65,Delivered,2023-02-27,2,2023,Madurai
order_01302,farmer_0024,consumer_0120,Groundnut,60.53,18.0,1089.54,299.38,Delivered,2023-02-27,2,2023,Tirunelveli
order_01589,farmer_0027,consumer_0197,Brinjal,26.23,96.7,2536.44,941.15,Delivered,2023-02-27,2,2023,Tirunelveli
order_00560,farmer_0033,consumer_0047,Carrot,54.19,38.9,2107.99,816.02,Delivered,2023-02-27,2,2023,Erode
order_01233,farmer_0005,consumer_0013,Coconut,28.32,20.6,583.39,223.26,Delivered,2023-02-27,2,2023,Chennai
order_02119,farmer_0006,consumer_0141,Cauliflower,32.53,15.8,513.97,167.76,Delivered,2023-02-27,2,2023,Thanjavur
order_02569,farmer_0044,consumer_0155,Tomato,33.44,14.1,471.5,120.54,On the way,2023-02-27,2,2023,Salem
order_00284,farmer_0010,consumer_0105,Chilli,127.09,4.0,508.36,192.04,Processing,2023-02-28,2,2023,Chennai
order_02494,farmer_0036,consumer_0090,Rice,30.77,11.5,353.86,75.26,On the way,2023-02-28,2,2023,Coimbatore
order_02978,farmer_0023,consumer_0084,Cabbage,25.55,48.4,1236.62,367.89,Processing,2023-02-28,2,2023,Thanjavur
order_00516,farmer_0043,consumer_0132,Brinjal,28.86,19.0,548.34,158.53,Delivered,2023-03-01,3,2023,Tirunelveli
order_02223,farmer_0014,consumer_0122,Onion,31.8,14.1,448.38,111.63,Delivered,2023-03-01,3,2023,Madurai
order_01555,farmer_0035,consumer_0153,Tomato,39.83,39.7,1581.25,534.3,On the way,2023-03-01,3,2023,Thanjavur
order_02461,farmer_0019,consumer_0032,Chilli,132.57,3.6,477.25,183.67,Delivered,2023-03-02,3,2023,Erode
order_01707,farmer_0020,consumer_0157,Rice,32.17,16.6,534.02,119.46,Delivered,2023-03-02,3,2023,Thanjavur
order_01527,farmer_0025,consumer_0078,Brinjal,28.23,12.9,364.17,91.67,Delivered,2023-03-02,3,2023,Thanjavur
order_01158,farmer_0037,consumer_0054,Brinjal,28.24,40.3,1138.07,316.82,Delivered,2023-03-03,3,2023,Madurai
order_00875,farmer_0010,consumer_0104,Chilli,148.64,15.2,2259.33,700.05,Delivered,2023-03-03,3,2023,Dindigul
order_01760,farmer_0034,consumer_0101,Groundnut,65.26,9.3,606.92,218.17,Delivered,2023-03-03,3,2023,Dindigul
order_01624,farmer_0039,consumer_0081,Lady Finger,43.11,1.1,47.42,9.58,Delivered,2023-03-05,3,2023,Chennai
order_00585,farmer_0046,consumer_0199,Groundnut,66.84,1.0,66.84,18.95,Delivered,2023-03-05,3,2023,Madurai
order_00779,farmer_0014,consumer_0094,Potato,25.97,6.2,161.01,36.0,Delivered,2023-03-06,3,2023,Trichy
order_01508,farmer_0030,consumer_0011,Cabbage,19.12,25.6,489.47,113.95,On the way,2023-03-06,3,2023,Tirunelveli
order_01905,farmer_0005,consumer_0117,Coconut,35.55,7.3,259.51,78.77,Delivered,2023-03-06,3,2023,Madurai
order_01011,farmer_0043,consumer_0191,Carrot,41.55,48.2,2002.71,579.38,Delivered,2023-03-07,3,2023,Thanjavur
order_01250,farmer_0027,consumer_0174,Tomato,34.62,1.0,34.62,10.88,Delivered,2023-03-07,3,2023,Chennai
order_00722,farmer_0016,consumer_0080,Onion,32.46,21.9,710.87,253.94,Delivered,2023-03-08,3,2023,Thanjavur
order_00199,farmer_0034,consumer_0121,Tomato,38.27,1.4,53.58,18.02,Delivered,2023-03-08,3,2023,Tirunelveli
order_00178,farmer_0006,consumer_0162,Groundnut,63.7,29.4,1872.78,622.02,Delivered,2023-03-08,3,2023,Erode
order_02872,farmer_0004,consumer_0147,Rice,30.37,52.6,1597.46,429.84,Delivered,2023-03-08,3,2023,Trichy
order_02131,farmer_0034,consumer_0123,Coconut,36.1,13.4,483.74,131.33,Delivered,2023-03-09,3,2023,Dindigul
order_01240,farmer_0037,consumer_0148,Onion,33.49,18.3,612.87,129.85,Delivered,2023-03-10,3,2023,Chennai
order_02677,farmer_0023,consumer_0186,Sugarcane,3.9,22.3,86.97,31.24,Delivered,2023-03-10,3,2023,Thanjavur
order_00021,farmer_0011,consumer_0019,Potato,26.58,25.9,688.42,252.49,Processing,2023-03-11,3,2023,Madurai
order_02041,farmer_0020,consumer_0187,Sugarcane,3.66,6.3,23.06,9.02,Delivered,2023-03-11,3,2023,Erode
order_00131,farmer_0023,consumer_0003,Groundnut,64.91,6.8,441.39,116.74,On the way,2023-03-11,3,2023,Madurai
order_02043,farmer_0040,consumer_0129,Cotton,57.95,27.0,1564.65,417.78,Delivered,2023-03-12,3,2023,Trichy
order_01795,farmer_0011,consumer_0090,Lady Finger,38.53,48.0,1849.44,586.19,On the way,2023-03-12,3,2023,Salem
order_01330,farmer_0040,consumer_0089,Cauliflower,32.29,9.3,300.3,71.98,On the way,2023-03-13,3,2023,Vellore
order_00162,farmer_0003,consumer_0137,Banana,38.21,154.1,5888.16,1879.24,Delivered,2023-03-14,3,2023,Tirunelveli
order_01275,farmer_0018,consumer_0183,Potato,25.69,12.4,318.56,104.11,Delivered,2023-03-15,3,2023,Madurai
order_02470,farmer_0049,consumer_0006,Cabbage,18.02,1.5,27.03,8.07,On the way,2023-03-15,3,2023,Tirunelveli
order_00401,farmer_0015,consumer_0010,Lady Finger,44.09,28.2,1243.34,365.28,On the way,2023-03-15,3,2023,Tirunelveli
order_00063,farmer_0034,consumer_0027,Tomato,37.33,1.0,37.33,13.78,Delivered,2023-03-15,3,2023,Thanjavur
order_00511,farmer_0001,consumer_0090,Rice,29.26,125.6,3675.06,888.51,Delivered,2023-03-15,3,2023,Coimbatore
order_00846,farmer_0019,consumer_0034,Cauliflower,32.09,55.4,1777.79,602.82,Delivered,2023-03-16,3,2023,Thanjavur
order_00622,farmer_0049,consumer_0059,Cabbage,18.93,2.9,54.9,21.73,Delivered,2023-03-16,3,2023,Coimbatore
order_01290,farmer_0013,consumer_0176,Banana,40.12,5.7,228.68,65.9,Delivered,2023-03-16,3,2023,Trichy
order_02795,farmer_0020,consumer_0186,Carrot,48.05,34.6,1662.53,492.58,Delivered,2023-03-17,3,2023,Dindigul
order_02963,farmer_0028,consumer_0077,Carrot,50.65,4.0,202.6,69.01,Delivered,2023-03-19,3,2023,Erode
order_02145,farmer_0022,consumer_0144,Sugarcane,3.46,1.4,4.84,1.1,Delivered,2023-03-19,3,2023,Vellore
order_00997,farmer_0036,consumer_0126,Potato,26.22,138.5,3631.47,1367.88,Delivered,2023-03-19,3,2023,Dindigul
order_00411,farmer_0015,consumer_0002,Chilli,132.55,10.5,1391.78,318.3,On the way,2023-03-20,3,2023,Tirunelveli
order_02495,farmer_0041,consumer_0002,Chilli,130.62,20.3,2651.59,889.12,Delivered,2023-03-20,3,2023,Trichy
order_00267,farmer_0005,consumer_0084,Lady Finger,40.44,8.0,323.52,115.14,Delivered,2023-03-22,3,2023,Vellore
order_00501,farmer_0046,consumer_0183,Chilli,147.45,9.5,1400.77,527.6,Processing,2023-03-22,3,2023,Madurai
order_00586,farmer_0030,consumer_0167,Cotton,50.34,29.0,1459.86,399.86,Delivered,2023-03-23,3,2023,Vellore
order_00603,farmer_0001,consumer_0029,Rice,31.64,3.7,117.07,44.28,Delivered,2023-03-23,3,2023,Vellore
order_02113,farmer_0030,consumer_0132,Onion,30.95,6.0,185.7,68.45,Delivered,2023-03-23,3,2023,Coimbatore
order_01458,farmer_0015,consumer_0181,Cotton,56.95,100.0,5695.0,1188.67,Delivered,2023-03-24,3,2023,Madurai
order_00743,farmer_0003,consumer_0188,Potato,28.28,55.4,1566.71,385.68,On the way,2023-03-24,3,2023,Coimbatore
order_01430,farmer_0045,consumer_0088,Chilli,136.26,11.7,1594.24,574.78,Delivered,2023-03-24,3,2023,Tirunelveli
order_02284,farmer_0016,consumer_0008,Brinjal,28.55,49.1,1401.81,448.24,Delivered,2023-03-25,3,2023,Madurai
order_01288,farmer_0010,consumer_0022,Cotton,60.22,1.0,60.22,16.66,Delivered,2023-03-25,3,2023,Dindigul
order_02894,farmer_0037,consumer_0105,Brinjal,26.81,5.9,158.18,55.58,On the way,2023-03-25,3,2023,Madurai
order_00819,farmer_0041,consumer_0100,Brinjal,27.83,105.8,2944.41,1072.96,Delivered,2023-03-25,3,2023,Madurai
order_02668,farmer_0036,consumer_0155,Sugarcane,3.65,2.3,8.39,2.53,Delivered,2023-03-26,3,2023,Erode
order_01860,farmer_0013,consumer_0133,Groundnut,64.3,44.9,2887.07,739.59,Delivered,2023-03-26,3,2023,Tirunelveli
order_01087,farmer_0017,consumer_0102,Carrot,49.78,14.2,706.88,265.83,On the way,2023-03-26,3,2023,Erode
order_01628,farmer_0005,consumer_0168,Carrot,47.65,14.8,705.22,245.87,Delivered,2023-03-26,3,2023,Tirunelveli
order_00385,farmer_0038,consumer_0192,Lady Finger,41.23,21.4,882.32,209.65,Processing,2023-03-27,3,2023,Dindigul
order_00718,farmer_0037,consumer_0091,Rice,32.9,97.7,3214.33,666.25,On the way,2023-03-27,3,2023,Chennai
order_02473,farmer_0041,consumer_0051,Cauliflower,31.03,43.3,1343.6,272.39,Delivered,2023-03-27,3,2023,Chennai
order_00808,farmer_0031,consumer_0014,Groundnut,75.6,32.9,2487.24,772.31,Processing,2023-03-27,3,2023,Tirunelveli
order_02390,farmer_0022,consumer_0138,Cabbage,17.73,11.9,210.99,72.56,Delivered,2023-03-27,3,2023,Salem
order_01453,farmer_0049,consumer_0171,Rice,35.9,2.1,75.39,17.36,Delivered,2023-03-28,3,2023,Dindigul
order_02383,farmer_0026,consumer_0133,Rice,31.9,24.6,784.74,254.96,Processing,2023-03-28,3,2023,Vellore
order_00803,farmer_0033,consumer_0112,Cotton,56.63,33.2,1880.12,494.14,Delivered,2023-03-28,3,2023,Erode
order_00541,farmer_0041,consumer_0038,Cauliflower,31.39,4.2,131.84,35.42,Delivered,2023-03-29,3,2023,Dindigul
order_01979,farmer_0036,consumer_0124,Brinjal,27.26,28.7,782.36,235.58,Delivered,2023-03-29,3,2023,Chennai
order_01221,farmer_0047,consumer_0008,Onion,33.18,36.4,1207.75,360.73,Delivered,2023-03-29,3,2023,Dindigul
order_02395,farmer_0018,consumer_0109,Chilli,141.26,24.6,3475.0,741.24,Delivered,2023-03-30,3,2023,Tirunelveli
order_01077,farmer_0008,consumer_0067,Banana,43.06,2.1,90.43,28.74,On the way,2023-03-30,3,2023,Coimbatore
order_02003,farmer_0039,consumer_0073,Potato,24.99,39.7,992.1,261.72,Delivered,2023-03-31,3,2023,Trichy
order_01092,farmer_0033,consumer_0025,Rice,28.87,9.0,259.83,99.69,Delivered,2023-03-31,3,2023,Tirunelveli
order_01201,farmer_0029,consumer_0014,Onion,31.56,86.7,2736.25,954.33,On the way,2023-03-31,3,2023,Dindigul
order_02809,farmer_0034,consumer_0198,Groundnut,79.08,13.8,1091.3,252.17,Delivered,2023-04-01,4,2023,Trichy
order_00534,farmer_0028,consumer_0144,Coconut,38.04,29.3,1114.57,417.63,Delivered,2023-04-01,4,2023,Erode
order_01034,farmer_0033,consumer_0032,Onion,32.4,15.7,508.68,158.19,Delivered,2023-04-01,4,2023,Chennai
order_00804,farmer_0017,consumer_0063,Tomato,38.95,49.2,1916.34,612.93,Processing,2023-04-01,4,2023,Tirunelveli
order_01598,farmer_0045,consumer_0194,Cotton,55.25,7.9,436.48,123.82,Delivered,2023-04-02,4,2023,Dindigul
order_02320,farmer_0004,consumer_0028,Potato,24.42,185.9,4539.68,1287.44,Delivered,2023-04-03,4,2023,Dindigul
order_01191,farmer_0009,consumer_0001,Brinjal,25.74,51.6,1328.18,350.36,Delivered,2023-04-03,4,2023,Dindigul
order_01210,farmer_0043,consumer_0157,Chilli,123.36,12.6,1554.34,358.66,Delivered,2023-04-03,4,2023,Tirunelveli
order_02823,farmer_0009,consumer_0137,Groundnut,71.87,1.8,129.37,38.53,Delivered,2023-04-04,4,2023,Thanjavur
order_02492,farmer_0048,consumer_0126,Carrot,51.18,9.9,506.68,171.96,Delivered,2023-04-04,4,2023,Madurai
order_02549,farmer_0006,consumer_0066,Potato,25.05,10.1,253.0,52.76,Delivered,2023-04-05,4,2023,Coimbatore
order_01072,farmer_0043,consumer_0024,Banana,51.65,14.3,738.6,209.58,Delivered,2023-04-06,4,2023,Madurai
order_02561,farmer_0044,consumer_0168,Cabbage,17.02,11.7,199.13,46.43,On the way,2023-04-06,4,2023,Trichy
order_01880,farmer_0037,consumer_0107,Cotton,56.49,8.1,457.57,126.95,Delivered,2023-04-06,4,2023,Salem
order_01983,farmer_0016,consumer_0048,Chilli,108.87,6.2,674.99,181.29,Delivered,2023-04-07,4,2023,Coimbatore
order_02665,farmer_0008,consumer_0115,Brinjal,25.96,5.5,142.78,41.36,On the way,2023-04-08,4,2023,Trichy
order_01166,farmer_0049,consumer_0197,Lady Finger,39.88,47.2,1882.34,672.44,Delivered,2023-04-08,4,2023,Thanjavur
order_02751,farmer_0029,consumer_0033,Sugarcane,3.41,56.0,190.96,74.74,On the way,2023-04-08,4,2023,Thanjavur
order_00860,farmer_0038,consumer_0182,Cabbage,18.95,49.5,938.02,282.79,Delivered,2023-04-08,4,2023,Coimbatore
order_00256,farmer_0033,consumer_0096,Cotton,51.59,6.8,350.81,128.51,Processing,2023-04-09,4,2023,Chennai
order_02259,farmer_0022,consumer_0056,Cauliflower,31.53,1.7,53.6,11.54,On the way,2023-04-09,4,2023,Vellore
order_00295,farmer_0001,consumer_0037,Coconut,31.2,25.5,795.6,285.49,Delivered,2023-04-09,4,2023,Chennai
order_02378,farmer_0033,consumer_0148,Lady Finger,43.81,3.0,131.43,31.98,Delivered,2023-04-10,4,2023,Chennai
order_02775,farmer_0017,consumer_0112,Groundnut,73.01,64.4,4701.84,1474.24,Delivered,2023-04-10,4,2023,Chennai
order_02368,farmer_0034,consumer_0075,Tomato,34.99,1.5,52.48,19.85,Delivered,2023-04-11,4,2023,Thanjavur
order_01232,farmer_0038,consumer_0173,Carrot,49.17,48.1,2365.08,913.28,Delivered,2023-04-12,4,2023,Vellore
order_02064,farmer_0047,consumer_0052,Lady Finger,39.74,47.7,1895.6,524.86,Processing,2023-04-12,4,2023,Trichy
order_00000,farmer_0012,consumer_0176,Cabbage,18.46,57.1,1054.07,259.86,Delivered,2023-04-12,4,2023,Thanjavur
order_02852,farmer_0025,consumer_0148,Groundnut,76.26,3.1,236.41,78.34,On the way,2023-04-12,4,2023,Salem
order_01193,farmer_0046,consumer_0088,Tomato,37.71,1.9,71.65,15.24,Delivered,2023-04-12,4,2023,Tirunelveli
order_01435,farmer_0005,consumer_0117,Cotton,56.35,22.7,1279.14,427.13,Delivered,2023-04-13,4,2023,Chennai
order_01373,farmer_0036,consumer_0119,Sugarcane,3.86,110.7,427.3,85.56,Delivered,2023-04-13,4,2023,Tirunelveli
order_02949,farmer_0005,consumer_0108,Sugarcane,3.97,42.2,167.53,52.52,Processing,2023-04-13,4,2023,Vellore
order_02550,farmer_0030,consumer_0030,Cotton,53.97,2.5,134.93,53.07,Delivered,2023-04-14,4,2023,Tirunelveli
order_02440,farmer_0017,consumer_0181,Coconut,32.62,11.6,378.39,122.72,On the way,2023-04-14,4,2023,Salem
order_01930,farmer_0034,consumer_0100,Sugarcane,3.44,94.8,326.11,127.27,On the way,2023-04-14,4,2023,Madurai
order_01266,farmer_0016,consumer_0123,Tomato,36.45,2.9,105.7,37.0,Delivered,2023-04-14,4,2023,Thanjavur
order_00226,farmer_0013,consumer_0123,Onion,33.34,19.5,650.13,171.49,Delivered,2023-04-15,4,2023,Coimbatore
order_02925,farmer_0004,consumer_0124,Potato,25.14,18.4,462.58,113.78,Delivered,2023-04-15,4,2023,Thanjavur
order_00702,farmer_0035,consumer_0170,Cotton,53.33,22.9,1221.26,365.56,Delivered,2023-04-15,4,2023,Thanjavur
order_01715,farmer_0038,consumer_0166,Cotton,56.48,35.0,1976.8,680.71,Delivered,2023-04-15,4,2023,Trichy
order_00643,farmer_0041,consumer_0026,Groundnut,60.87,42.1,2562.63,638.28,On the way,2023-04-16,4,2023,Trichy
order_02829,farmer_0015,consumer_0094,Coconut,33.41,5.2,173.73,66.51,Delivered,2023-04-16,4,2023,Tirunelveli
order_01562,farmer_0048,consumer_0150,Cabbage,18.28,12.7,232.16,54.75,Processing,2023-04-16,4,2023,Erode
order_00932,farmer_0043,consumer_0093,Chilli,114.83,1.0,114.83,38.94,Delivered,2023-04-17,4,2023,Tirunelveli
order_01901,farmer_0017,consumer_0198,Carrot,51.12,60.6,3097.87,683.36,Delivered,2023-04-17,4,2023,Dindigul
order_01425,farmer_0047,consumer_0106,Banana,51.88,31.6,1639.41,616.77,Processing,2023-04-17,4,2023,Trichy
order_02169,farmer_0032,consumer_0193,Cabbage,18.97,16.0,303.52,67.38,Delivered,2023-04-18,4,2023,Madurai
order_02966,farmer_0042,consumer_0064,Coconut,32.51,19.8,643.7,220.71,Delivered,2023-04-18,4,2023,Coimbatore
order_01709,farmer_0004,consumer_0179,Groundnut,72.08,5.8,418.06,166.18,On the way,2023-04-19,4,2023,Salem
order_00644,farmer_0042,consumer_0111,Chilli,111.17,2.7,300.16,81.08,Delivered,2023-04-19,4,2023,Coimbatore
order_01194,farmer_0009,consumer_0072,Banana,51.73,22.4,1158.75,338.21,On the way,2023-04-19,4,2023,Erode
order_02586,farmer_0011,consumer_0179,Coconut,35.58,58.3,2074.31,577.47,Delivered,2023-04-20,4,2023,Chennai
order_01269,farmer_0009,consumer_0044,Cabbage,15.9,85.7,1362.63,451.67,Delivered,2023-04-20,4,2023,Erode
order_02138,farmer_0041,consumer_0078,Brinjal,27.87,33.4,930.86,348.83,On the way,2023-04-20,4,2023,Trichy
order_01119,farmer_0028,consumer_0042,Cauliflower,32.75,34.7,1136.43,229.37,Delivered,2023-04-20,4,2023,Madurai
order_02529,farmer_0040,consumer_0040,Onion,32.38,19.6,634.65,219.74,Delivered,2023-04-20,4,2023,Madurai
order_02045,farmer_0002,consumer_0173,Sugarcane,3.84,41.6,159.74,36.17,Delivered,2023-04-20,4,2023,Tirunelveli
order_01024,farmer_0011,consumer_0123,Cauliflower,32.21,34.4,1108.02,315.22,Delivered,2023-04-21,4,2023,Salem
order_01632,farmer_0015,consumer_0195,Groundnut,68.28,17.7,1208.56,479.38,On the way,2023-04-21,4,2023,Trichy
order_02017,farmer_0037,consumer_0189,Carrot,50.32,29.6,1489.47,393.02,Delivered,2023-04-22,4,2023,Coimbatore
order_01898,farmer_0045,consumer_0174,Cotton,56.4,11.6,654.24,222.1,Delivered,2023-04-22,4,2023,Coimbatore
order_00056,farmer_0022,consumer_0163,Cauliflower,34.58,17.7,612.07,155.26,Delivered,2023-04-22,4,2023,Chennai
order_00154,farmer_0041,consumer_0030,Groundnut,66.29,16.4,1087.16,283.3,Delivered,2023-04-22,4,2023,Dindigul
order_00519,farmer_0017,consumer_0056,Brinjal,26.57,29.2,775.84,255.69,On the way,2023-04-22,4,2023,Thanjavur
order_02722,farmer_0040,consumer_0188,Potato,25.32,45.6,1154.59,327.21,Delivered,2023-04-23,4,2023,Coimbatore
order_02333,farmer_0047,consumer_0160,Brinjal,27.42,2.3,63.07,17.75,Processing,2023-04-23,4,2023,Chennai
order_00850,farmer_0025,consumer_0102,Rice,33.5,6.3,211.05,64.17,On the way,2023-04-24,4,2023,Dindigul
order_02710,farmer_0005,consumer_0067,Sugarcane,3.6,48.3,173.88,69.3,Delivered,2023-04-24,4,2023,Tirunelveli
order_01679,farmer_0004,consumer_0022,Rice,32.72,12.5,409.0,103.44,Delivered,2023-04-24,4,2023,Madurai
order_02109,farmer_0049,consumer_0110,Brinjal,27.01,28.9,780.59,161.72,Delivered,2023-04-26,4,2023,Vellore
order_00455,farmer_0048,consumer_0021,Onion,30.76,2.4,73.82,25.16,On the way,2023-04-26,4,2023,Madurai
order_02591,farmer_0039,consumer_0092,Sugarcane,3.74,47.8,178.77,44.43,Delivered,2023-04-26,4,2023,Trichy
order_00406,farmer_0019,consumer_0130,Rice,33.43,11.1,371.07,103.25,On the way,2023-04-26,4,2023,Coimbatore
order_02753,farmer_0015,consumer_0033,Coconut,33.53,8.9,298.42,108.63,Delivered,2023-04-26,4,2023,Tirunelveli
order_00631,farmer_0031,consumer_0040,Cauliflower,31.29,52.4,1639.6,457.06,On the way,2023-04-27,4,2023,Madurai
order_00666,farmer_0010,consumer_0107,Cauliflower,31.21,5.9,184.14,52.87,Delivered,2023-04-27,4,2023,Erode
order_02433,farmer_0013,consumer_0061,Sugarcane,3.61,5.4,19.49,7.32,Delivered,2023-04-27,4,2023,Vellore
order_01987,farmer_0044,consumer_0198,Sugarcane,3.4,54.6,185.64,69.19,Delivered,2023-04-27,4,2023,Madurai
order_01771,farmer_0035,consumer_0096,Potato,24.23,4.3,104.19,37.08,On the way,2023-04-28,4,2023,Coimbatore
order_00356,farmer_0046,consumer_0038,Brinjal,28.43,13.6,386.65,146.61,Delivered,2023-04-28,4,2023,Coimbatore
order_02572,farmer_0018,consumer_0017,Brinjal,28.28,23.8,673.06,186.21,Delivered,2023-04-29,4,2023,Chennai
order_02841,farmer_0042,consumer_0139,Potato,24.69,26.5,654.29,157.82,Delivered,2023-04-29,4,2023,Coimbatore
order_02155,farmer_0036,consumer_0053,Groundnut,70.42,4.6,323.93,110.48,Delivered,2023-04-30,4,2023,Erode
order_00958,farmer_0038,consumer_0130,Groundnut,62.22,20.7,1287.95,503.73,Delivered,2023-04-30,4,2023,Tirunelveli
order_00412,farmer_0008,consumer_0058,Tomato,38.71,45.4,1757.43,637.49,Delivered,2023-04-30,4,2023,Chennai
order_01463,farmer_0049,consumer_0035,Lady Finger,41.19,4.6,189.47,52.65,Delivered,2023-04-30,4,2023,Chennai
order_01196,farmer_0034,consumer_0047,Tomato,37.99,3.3,125.37,27.3,Delivered,2023-04-30,4,2023,Madurai
order_02676,farmer_0003,consumer_0147,Tomato,38.24,12.5,478.0,171.01,Delivered,2023-04-30,4,2023,Trichy
order_01669,farmer_0042,consumer_0185,Onion,30.35,88.4,2682.94,832.0,Delivered,2023-04-30,4,2023,Chennai
order_02224,farmer_0050,consumer_0002,Groundnut,61.71,10.3,635.61,187.06,On the way,2023-05-01,5,2023,Coimbatore
order_00489,farmer_0001,consumer_0084,Chilli,106.6,20.5,2185.3,644.12,On the way,2023-05-01,5,2023,Vellore
order_00975,farmer_0006,consumer_0134,Onion,34.59,2.8,96.85,26.68,Processing,2023-05-01,5,2023,Salem
order_01920,farmer_0049,consumer_0115,Cabbage,16.94,66.1,1119.73,279.92,Delivered,2023-05-01,5,2023,Chennai
order_02274,farmer_0049,consumer_0026,Groundnut,60.55,85.6,5183.08,1733.55,Delivered,2023-05-01,5,2023,Erode
order_00369,farmer_0001,consumer_0136,Lady Finger,41.0,11.1,455.1,153.16,Processing,2023-05-02,5,2023,Chennai
order_02489,farmer_0039,consumer_0045,Chilli,110.92,29.7,3294.32,896.83,Delivered,2023-05-03,5,2023,Thanjavur
order_01871,farmer_0045,consumer_0043,Tomato,37.95,4.6,174.57,40.12,Delivered,2023-05-03,5,2023,Dindigul
order_00477,farmer_0021,consumer_0181,Coconut,35.78,7.4,264.77,71.67,On the way,2023-05-03,5,2023,Erode
order_01694,farmer_0003,consumer_0106,Carrot,50.26,80.3,4035.88,1323.05,Delivered,2023-05-04,5,2023,Coimbatore
order_02877,farmer_0020,consumer_0084,Cabbage,18.65,38.6,719.89,145.33,Delivered,2023-05-05,5,2023,Dindigul
order_00811,farmer_0008,consumer_0101,Onion,31.47,8.6,270.64,68.62,Processing,2023-05-05,5,2023,Trichy
order_00492,farmer_0033,consumer_0073,Banana,54.46,11.8,642.63,223.06,On the way,2023-05-05,5,2023,Salem
order_01039,farmer_0003,consumer_0105,Sugarcane,3.53,7.0,24.71,7.23,On the way,2023-05-05,5,2023,Erode
order_01783,farmer_0047,consumer_0157,Banana,51.89,8.5,441.06,102.0,Delivered,2023-05-05,5,2023,Thanjavur
order_01141,farmer_0025,consumer_0064,Coconut,36.61,39.2,1435.11,516.98,Processing,2023-05-05,5,2023,Chennai
order_01886,farmer_0011,consumer_0148,Potato,25.68,11.7,300.46,105.91,Delivered,2023-05-06,5,2023,Chennai
order_00459,farmer_0006,consumer_0046,Cabbage,19.05,25.9,493.39,142.34,Delivered,2023-05-06,5,2023,Salem
order_02322,farmer_0012,consumer_0182,Onion,32.08,4.4,141.15,28.29,Delivered,2023-05-07,5,2023,Dindigul
order_02014,farmer_0020,consumer_0020,Brinjal,30.18,10.0,301.8,82.9,On the way,2023-05-07,5,2023,Salem
order_02240,farmer_0032,consumer_0154,Onion,30.68,17.4,533.83,208.73,Delivered,2023-05-08,5,2023,Salem
order_01479,farmer_0045,consumer_0111,Coconut,33.68,4.0,134.72,28.55,Delivered,2023-05-08,5,2023,Madurai
order_00113,farmer_0018,consumer_0050,Coconut,35.54,19.3,685.92,180.29,Delivered,2023-05-08,5,2023,Dindigul
order_02828,farmer_0002,consumer_0051,Brinjal,26.23,3.4,89.18,34.79,Delivered,2023-05-09,5,2023,Chennai
order_02011,farmer_0005,consumer_0096,Cotton,56.47,4.6,259.76,70.97,Delivered,2023-05-09,5,2023,Salem
order_00589,farmer_0018,consumer_0074,Lady Finger,40.37,1.0,40.37,10.11,Delivered,2023-05-09,5,2023,Dindigul
order_01487,farmer_0049,consumer_0189,Sugarcane,3.91,16.2,63.34,19.36,Delivered,2023-05-10,5,2023,Chennai
order_01089,farmer_0008,consumer_0151,Cabbage,17.11,1.7,29.09,6.34,Processing,2023-05-10,5,2023,Salem
order_01096,farmer_0048,consumer_0017,Cabbage,20.23,8.7,176.0,51.75,Delivered,2023-05-10,5,2023,Thanjavur
order_01354,farmer_0031,consumer_0012,Groundnut,63.09,43.1,2719.18,714.51,Delivered,2023-05-10,5,2023,Vellore
order_02522,farmer_0038,consumer_0007,Potato,26.52,25.1,665.65,147.8,Delivered,2023-05-11,5,2023,Trichy
order_00502,farmer_0007,consumer_0134,Brinjal,27.64,67.9,1876.76,723.28,On the way,2023-05-11,5,2023,Madurai
order_01398,farmer_0037,consumer_0014,Cauliflower,29.44,10.6,312.06,71.67,Delivered,2023-05-12,5,2023,Chennai
order_00815,farmer_0044,consumer_0017,Coconut,36.11,10.7,386.38,108.16,On the way,2023-05-12,5,2023,Madurai
order_02114,farmer_0036,consumer_0149,Chilli,99.44,1.0,99.44,26.26,Delivered,2023-05-13,5,2023,Trichy
order_00618,farmer_0025,consumer_0147,Rice,28.08,30.6,859.25,249.57,Delivered,2023-05-13,5,2023,Vellore
order_00196,farmer_0030,consumer_0118,Banana,49.35,15.7,774.79,293.56,On the way,2023-05-13,5,2023,Salem
order_01553,farmer_0026,consumer_0035,Carrot,47.8,24.9,1190.22,472.98,On the way,2023-05-14,5,2023,Dindigul
order_00530,farmer_0003,consumer_0128,Rice,32.84,19.8,650.23,181.74,Delivered,2023-05-14,5,2023,Tirunelveli
order_00467,farmer_0021,consumer_0116,Coconut,32.71,3.3,107.94,33.88,Delivered,2023-05-15,5,2023,Vellore
order_00885,farmer_0042,consumer_0072,Tomato,35.66,29.5,1051.97,289.33,Processing,2023-05-16,5,2023,Coimbatore
order_00923,farmer_0029,consumer_0161,Lady Finger,40.73,17.4,708.7,233.48,Delivered,2023-05-16,5,2023,Thanjavur
order_01019,farmer_0001,consumer_0055,Cabbage,19.61,8.2,160.8,58.22,Delivered,2023-05-16,5,2023,Dindigul
order_00598,farmer_0032,consumer_0117,Tomato,34.78,23.1,803.42,191.04,Delivered,2023-05-17,5,2023,Thanjavur
order_00312,farmer_0010,consumer_0124,Rice,32.94,8.4,276.7,58.62,Delivered,2023-05-17,5,2023,Madurai
order_01122,farmer_0012,consumer_0072,Carrot,54.82,16.3,893.57,248.44,On the way,2023-05-18,5,2023,Coimbatore
order_01146,farmer_0012,consumer_0072,Lady Finger,41.1,1.0,41.1,15.15,Delivered,2023-05-18,5,2023,Trichy
order_01418,farmer_0028,consumer_0117,Brinjal,28.14,33.6,945.5,327.91,On the way,2023-05-19,5,2023,Vellore
order_02964,farmer_0020,consumer_0038,Groundnut,65.91,45.6,3005.5,1120.85,Delivered,2023-05-19,5,2023,Erode
order_01050,farmer_0038,consumer_0125,Tomato,36.55,38.3,1399.86,502.58,Processing,2023-05-19,5,2023,Erode
order_01052,farmer_0045,consumer_0182,Lady Finger,41.67,39.3,1637.63,596.28,Delivered,2023-05-20,5,2023,Trichy
order_01532,farmer_0016,consumer_0200,Cauliflower,33.29,10.5,349.55,134.88,Delivered,2023-05-20,5,2023,Madurai
order_00708,farmer_0008,consumer_0001,Coconut,36.32,32.4,1176.77,253.29,On the way,2023-05-21,5,2023,Salem
order_01631,farmer_0017,consumer_0079,Lady Finger,38.44,13.5,518.94,152.98,Processing,2023-05-21,5,2023,Salem
order_01145,farmer_0031,consumer_0130,Lady Finger,40.92,11.1,454.21,155.81,Delivered,2023-05-22,5,2023,Trichy
order_01371,farmer_0023,consumer_0125,Carrot,45.85,9.2,421.82,114.06,Processing,2023-05-22,5,2023,Tirunelveli
order_01853,farmer_0007,consumer_0131,Cotton,53.58,14.9,798.34,235.25,Delivered,2023-05-23,5,2023,Thanjavur
order_02399,farmer_0046,consumer_0016,Chilli,102.54,31.8,3260.77,1068.21,Delivered,2023-05-23,5,2023,Madurai
order_02037,farmer_0008,consumer_0008,Sugarcane,3.85,23.5,90.48,21.75,Delivered,2023-05-23,5,2023,Chennai
order_00371,farmer_0040,consumer_0128,Cabbage,17.97,87.3,1568.78,613.62,On the way,2023-05-23,5,2023,Madurai
order_01673,farmer_0009,consumer_0120,Lady Finger,46.31,54.2,2510.0,751.43,Delivered,2023-05-24,5,2023,Salem
order_01106,farmer_0047,consumer_0016,Onion,30.41,3.4,103.39,30.49,Delivered,2023-05-25,5,2023,Salem
order_02585,farmer_0014,consumer_0135,Lady Finger,41.28,1.0,41.28,8.99,Delivered,2023-05-26,5,2023,Dindigul
order_00841,farmer_0041,consumer_0198,Carrot,49.69,106.4,5287.02,1912.33,Delivered,2023-05-26,5,2023,Dindigul
order_00362,farmer_0047,consumer_0042,Onion,32.7,19.3,631.11,203.7,Delivered,2023-05-26,5,2023,Salem
order_02076,farmer_0021,consumer_0028,Chilli,110.39,96.9,10696.79,3026.6,Delivered,2023-05-27,5,2023,Madurai
order_01352,farmer_0026,consumer_0170,Cauliflower,32.79,15.4,504.97,123.19,Delivered,2023-05-27,5,2023,Chennai
order_02654,farmer_0016,consumer_0133,Cotton,55.53,8.6,477.56,155.61,Delivered,2023-05-27,5,2023,Trichy
order_02345,farmer_0014,consumer_0135,Chilli,108.9,19.0,2069.1,778.97,Delivered,2023-05-27,5,2023,Madurai
order_02189,farmer_0046,consumer_0191,Rice,34.17,51.1,1746.09,479.23,Delivered,2023-05-28,5,2023,Salem
order_01179,farmer_0038,consumer_0110,Cotton,57.08,1.1,62.79,17.13,Delivered,2023-05-29,5,2023,Madurai
order_00580,farmer_0049,consumer_0106,Lady Finger,38.18,1.6,61.09,19.14,On the way,2023-05-29,5,2023,Vellore
order_01732,farmer_0014,consumer_0051,Groundnut,64.29,46.4,2983.06,599.24,Delivered,2023-05-29,5,2023,Vellore
order_02245,farmer_0016,consumer_0075,Sugarcane,3.42,30.1,102.94,38.63,Delivered,2023-05-29,5,2023,Madurai
order_02977,farmer_0009,consumer_0084,Cauliflower,30.77,22.7,698.48,195.54,On the way,2023-05-29,5,2023,Coimbatore
order_00768,farmer_0036,consumer_0113,Lady Finger,45.05,22.7,1022.63,225.51,Delivered,2023-05-29,5,2023,Madurai
order_01404,farmer_0024,consumer_0013,Onion,30.56,1.0,30.56,7.47,Delivered,2023-05-29,5,2023,Salem
order_01752,farmer_0021,consumer_0181,Banana,48.91,2.5,122.27,45.01,Delivered,2023-05-30,5,2023,Erode
order_00886,farmer_0030,consumer_0105,Banana,49.08,6.5,319.02,118.54,Delivered,2023-05-30,5,2023,Madurai
order_02750,farmer_0017,consumer_0118,Banana,49.96,11.5,574.54,182.6,Delivered,2023-05-31,5,2023,Dindigul
order_01965,farmer_0001,consumer_0089,Carrot,48.27,44.6,2152.84,670.97,Delivered,2023-05-31,5,2023,Vellore
order_02241,farmer_0006,consumer_0027,Tomato,40.27,6.8,273.84,109.21,Delivered,2023-06-01,6,2023,Tirunelveli
order_00791,farmer_0022,consumer_0135,Lady Finger,51.31,9.0,461.79,114.66,Delivered,2023-06-01,6,2023,Thanjavur
order_01563,farmer_0035,consumer_0049,Sugarcane,3.27,57.4,187.7,68.32,Delivered,2023-06-01,6,2023,Dindigul
order_00413,farmer_0031,consumer_0147,Carrot,49.66,34.8,1728.17,352.48,Delivered,2023-06-01,6,2023,Tirunelveli
order_02514,farmer_0004,consumer_0080,Chilli,104.18,60.6,6313.31,1812.96,Delivered,2023-06-01,6,2023,Vellore
order_01189,farmer_0017,consumer_0185,Carrot,48.58,5.0,242.9,70.41,Delivered,2023-06-02,6,2023,Vellore
order_00452,farmer_0037,consumer_0061,Rice,32.46,66.8,2168.33,510.47,Processing,2023-06-02,6,2023,Coimbatore
order_02137,farmer_0029,consumer_0116,Carrot,46.46,42.9,1993.13,695.07,Delivered,2023-06-02,6,2023,Dindigul
order_02989,farmer_0043,consumer_0094,Potato,26.24,43.2,1133.57,378.92,Delivered,2023-06-02,6,2023,Tirunelveli
order_00884,farmer_0040,consumer_0086,Rice,33.79,13.1,442.65,95.72,On the way,2023-06-03,6,2023,Chennai
order_02911,farmer_0006,consumer_0160,Rice,30.94,1.0,30.94,11.86,Processing,2023-06-03,6,2023,Vellore
order_01023,farmer_0002,consumer_0037,Banana,49.99,16.0,799.84,302.04,Delivered,2023-06-03,6,2023,Erode
order_00453,farmer_0022,consumer_0159,Cabbage,18.25,22.9,417.92,84.39,Processing,2023-06-04,6,2023,Coimbatore
order_02199,farmer_0035,consumer_0079,Cabbage,18.8,24.2,454.96,101.35,On the way,2023-06-04,6,2023,Salem
order_01614,farmer_0040,consumer_0080,Coconut,27.74,8.5,235.79,49.96,Delivered,2023-06-04,6,2023,Coimbatore
order_00461,farmer_0049,consumer_0059,Sugarcane,3.77,16.7,62.96,14.96,Delivered,2023-06-05,6,2023,Madurai
order_00802,farmer_0019,consumer_0129,Lady Finger,56.5,49.7,2808.05,646.18,Delivered,2023-06-06,6,2023,Dindigul
order_02686,farmer_0029,consumer_0109,Groundnut,65.72,5.5,361.46,94.84,Delivered,2023-06-06,6,2023,Coimbatore
order_01743,farmer_0022,consumer_0026,Potato,24.63,35.2,866.98,330.46,Delivered,2023-06-06,6,2023,Madurai
order_00081,farmer_0011,consumer_0134,Groundnut,67.36,19.7,1326.99,365.1,Delivered,2023-06-08,6,2023,Coimbatore
order_00615,farmer_0025,consumer_0044,Potato,25.19,22.0,554.18,177.44,Delivered,2023-06-08,6,2023,Tirunelveli
order_02221,farmer_0015,consumer_0173,Carrot,51.42,2.0,102.84,29.11,Delivered,2023-06-08,6,2023,Thanjavur
order_01865,farmer_0020,consumer_0126,Lady Finger,50.5,100.5,5075.25,1280.84,Delivered,2023-06-09,6,2023,Tirunelveli
order_02161,farmer_0048,consumer_0101,Groundnut,70.08,21.0,1471.68,294.78,Delivered,2023-06-09,6,2023,Salem
order_00010,farmer_0015,consumer_0145,Groundnut,71.01,65.4,4644.05,1815.99,Delivered,2023-06-10,6,2023,Thanjavur
order_01183,farmer_0037,consumer_0095,Banana,55.12,13.2,727.58,226.03,Processing,2023-06-11,6,2023,Madurai
order_01402,farmer_0005,consumer_0067,Cotton,56.11,23.8,1335.42,513.52,Delivered,2023-06-11,6,2023,Vellore
order_01379,farmer_0042,consumer_0092,Brinjal,27.79,1.0,27.79,6.17,Delivered,2023-06-11,6,2023,Madurai
order_02499,farmer_0007,consumer_0029,Rice,30.23,34.8,1052.0,378.19,Delivered,2023-06-11,6,2023,Madurai
order_01966,farmer_0021,consumer_0116,Lady Finger,49.91,75.9,3788.17,1309.89,Delivered,2023-06-11,6,2023,Trichy
order_02682,farmer_0020,consumer_0150,Sugarcane,3.77,4.6,17.34,3.71,Delivered,2023-06-11,6,2023,Vellore
order_01301,farmer_0043,consumer_0136,Onion,31.15,5.0,155.75,53.15,Delivered,2023-06-11,6,2023,Erode
order_00039,farmer_0005,consumer_0084,Chilli,108.31,55.2,5978.71,2085.71,On the way,2023-06-11,6,2023,Madurai
order_00729,farmer_0049,consumer_0141,Cotton,56.72,5.4,306.29,75.44,Delivered,2023-06-11,6,2023,Thanjavur
order_01307,farmer_0002,consumer_0138,Potato,28.27,38.1,1077.09,253.56,Delivered,2023-06-11,6,2023,Chennai
order_01126,farmer_0023,consumer_0114,Rice,33.27,6.1,202.95,47.61,Delivered,2023-06-12,6,2023,Chennai
order_00457,farmer_0013,consumer_0122,Sugarcane,3.67,45.5,166.98,46.32,Delivered,2023-06-12,6,2023,Salem
order_01923,farmer_0024,consumer_0200,Cotton,52.47,19.1,1002.18,340.72,Delivered,2023-06-12,6,2023,Trichy
order_00221,farmer_0037,consumer_0134,Cabbage,18.64,5.7,106.25,41.87,Processing,2023-06-12,6,2023,Salem
order_02657,farmer_0036,consumer_0148,Cotton,59.41,22.1,1312.96,485.84,On the way,2023-06-12,6,2023,Tirunelveli
order_00896,farmer_0011,consumer_0174,Lady Finger,52.66,18.6,979.48,286.84,On the way,2023-06-12,6,2023,Coimbatore
order_02232,farmer_0042,consumer_0106,Cabbage,17.03,48.2,820.85,327.27,On the way,2023-06-13,6,2023,Tirunelveli
order_00730,farmer_0037,consumer_0177,Cauliflower,33.56,25.1,842.36,305.2,Delivered,2023-06-13,6,2023,Thanjavur
order_00657,farmer_0022,consumer_0158,Onion,31.71,156.3,4956.27,1654.82,Delivered,2023-06-13,6,2023,Vellore
order_00157,farmer_0046,consumer_0152,Cabbage,17.21,16.8,289.13,66.52,Delivered,2023-06-13,6,2023,Trichy
order_02941,farmer_0045,consumer_0018,Chilli,117.85,67.5,7954.88,2413.72,Delivered,2023-06-13,6,2023,Madurai
order_01219,farmer_0014,consumer_0145,Chilli,111.63,126.4,14110.03,3849.84,Delivered,2023-06-13,6,2023,Madurai
order_01099,farmer_0007,consumer_0058,Banana,52.83,38.7,2044.52,589.99,Delivered,2023-06-13,6,2023,Vellore
order_02747,farmer_0014,consumer_0131,Cauliflower,32.38,1.0,32.38,11.36,Delivered,2023-06-13,6,2023,Chennai
order_01888,farmer_0035,consumer_0041,Cabbage,17.25,1.3,22.43,7.5,Delivered,2023-06-14,6,2023,Erode
order_00446,farmer_0040,consumer_0003,Coconut,25.2,1.0,25.2,6.72,Processing,2023-06-14,6,2023,Dindigul
order_02674,farmer_0013,consumer_0077,Chilli,104.52,21.0,2194.92,574.25,Delivered,2023-06-14,6,2023,Coimbatore
order_02505,farmer_0006,consumer_0123,Tomato,33.21,110.6,3673.03,1164.06,Delivered,2023-06-15,6,2023,Trichy
order_02533,farmer_0017,consumer_0071,Chilli,105.5,8.3,875.65,240.48,On the way,2023-06-15,6,2023,Vellore
order_01971,farmer_0014,consumer_0151,Potato,23.95,60.6,1451.37,523.73,Processing,2023-06-16,6,2023,Tirunelveli
order_01264,farmer_0037,consumer_0192,Lady Finger,49.98,22.2,1109.56,383.98,Delivered,2023-06-17,6,2023,Erode
order_02574,farmer_0033,consumer_0041,Onion,31.73,13.9,441.05,136.13,On the way,2023-06-17,6,2023,Trichy
order_00344,farmer_0003,consumer_0063,Carrot,53.53,41.3,2210.79,585.34,On the way,2023-06-18,6,2023,Thanjavur
order_02642,farmer_0014,consumer_0135,Cauliflower,32.17,96.3,3097.97,669.65,Delivered,2023-06-18,6,2023,Trichy
order_00670,farmer_0010,consumer_0139,Onion,33.93,34.0,1153.62,249.71,Delivered,2023-06-18,6,2023,Tirunelveli
order_00674,farmer_0013,consumer_0044,Carrot,51.35,67.9,3486.67,1386.43,Delivered,2023-06-18,6,2023,Tirunelveli
order_01663,farmer_0006,consumer_0082,Brinjal,27.26,15.2,414.35,159.9,Delivered,2023-06-18,6,2023,Coimbatore
order_02407,farmer_0010,consumer_0184,Cauliflower,29.68,24.3,721.22,165.37,Processing,2023-06-19,6,2023,Trichy
order_02866,farmer_0016,consumer_0084,Coconut,26.86,8.0,214.88,43.16,Delivered,2023-06-19,6,2023,Coimbatore
order_01226,farmer_0006,consumer_0171,Sugarcane,3.91,12.8,50.05,16.84,Delivered,2023-06-20,6,2023,Madurai
order_00227,farmer_0038,consumer_0056,Brinjal,25.78,66.6,1716.95,506.86,Processing,2023-06-20,6,2023,Dindigul
order_00711,farmer_0012,consumer_0100,Cotton,58.55,11.0,644.05,174.7,Processing,2023-06-20,6,2023,Salem
order_02855,farmer_0044,consumer_0193,Carrot,51.16,8.3,424.63,119.0,Delivered,2023-06-20,6,2023,Salem
order_00402,farmer_0016,consumer_0112,Potato,25.09,49.1,1231.92,434.26,Delivered,2023-06-21,6,2023,Dindigul
order_01459,farmer_0012,consumer_0020,Onion,34.8,23.6,821.28,193.29,On the way,2023-06-21,6,2023,Vellore
order_01451,farmer_0002,consumer_0168,Lady Finger,53.3,48.6,2590.38,591.52,Delivered,2023-06-21,6,2023,Vellore
order_02715,farmer_0024,consumer_0051,Rice,34.04,16.4,558.26,148.76,Delivered,2023-06-21,6,2023,Chennai
order_02184,farmer_0017,consumer_0059,Rice,36.87,51.2,1887.74,500.09,Delivered,2023-06-22,6,2023,Tirunelveli
order_01537,farmer_0004,consumer_0136,Chilli,102.14,42.1,4300.09,1245.85,Processing,2023-06-22,6,2023,Chennai
order_01074,farmer_0032,consumer_0173,Cotton,56.76,2.5,141.9,54.89,Delivered,2023-06-22,6,2023,Dindigul
order_00277,farmer_0031,consumer_0005,Rice,30.21,4.7,141.99,46.87,Delivered,2023-06-22,6,2023,Trichy
order_02896,farmer_0016,consumer_0092,Onion,30.83,3.0,92.49,19.52,Delivered,2023-06-24,6,2023,Coimbatore
order_01026,farmer_0002,consumer_0106,Sugarcane,3.59,33.3,119.55,34.22,Delivered,2023-06-24,6,2023,Salem
order_02372,farmer_0022,consumer_0164,Brinjal,31.01,58.2,1804.78,612.65,Delivered,2023-06-25,6,2023,Trichy
order_01956,farmer_0012,consumer_0012,Groundnut,69.94,45.1,3154.29,1108.78,Delivered,2023-06-26,6,2023,Madurai
order_00119,farmer_0008,consumer_0024,Carrot,53.16,6.2,329.59,103.24,Delivered,2023-06-26,6,2023,Madurai
order_00120,farmer_0002,consumer_0197,Sugarcane,3.49,65.8,229.64,54.45,Delivered,2023-06-26,6,2023,Madurai
order_00572,farmer_0029,consumer_0169,Potato,27.23,20.4,555.49,174.47,Delivered,2023-06-26,6,2023,Thanjavur
order_02729,farmer_0037,consumer_0059,Brinjal,29.31,9.2,269.65,94.15,Processing,2023-06-26,6,2023,Madurai
order_02104,farmer_0034,consumer_0196,Rice,34.09,25.8,879.52,241.26,Delivered,2023-06-27,6,2023,Coimbatore
order_01356,farmer_0005,consumer_0020,Chilli,110.85,9.7,1075.24,307.11,Delivered,2023-06-27,6,2023,Dindigul
order_01698,farmer_0017,consumer_0155,Potato,27.0,76.3,2060.1,550.57,Delivered,2023-06-27,6,2023,Vellore
order_01893,farmer_0021,consumer_0078,Cauliflower,29.25,4.1,119.92,40.16,On the way,2023-06-28,6,2023,Dindigul
order_01870,farmer_0048,consumer_0156,Cauliflower,31.87,130.0,4143.1,1259.06,Delivered,2023-06-28,6,2023,Dindigul
order_02453,farmer_0050,consumer_0164,Tomato,35.08,24.2,848.94,293.51,Delivered,2023-06-29,6,2023,Madurai
order_00673,farmer_0022,consumer_0026,Coconut,28.32,18.8,532.42,110.79,Delivered,2023-06-29,6,2023,Chennai
order_00466,farmer_0024,consumer_0179,Sugarcane,3.99,47.1,187.93,49.55,Delivered,2023-06-30,6,2023,Dindigul
order_00251,farmer_0035,consumer_0196,Rice,31.07,11.3,351.09,100.99,Delivered,2023-06-30,6,2023,Trichy
order_02416,farmer_0016,consumer_0160,Potato,26.38,6.4,168.83,53.33,Delivered,2023-06-30,6,2023,Chennai
order_01645,farmer_0003,consumer_0126,Cabbage,17.53,1.0,17.53,6.93,On the way,2023-07-01,7,2023,Trichy
order_02023,farmer_0001,consumer_0165,Cotton,50.5,39.5,1994.75,615.21,On the way,2023-07-01,7,2023,Coimbatore
order_00364,farmer_0045,consumer_0176,Chilli,112.64,3.4,382.98,83.81,Delivered,2023-07-02,7,2023,Tirunelveli
order_01282,farmer_0044,consumer_0191,Carrot,52.69,18.9,995.84,281.96,Delivered,2023-07-03,7,2023,Coimbatore
order_01682,farmer_0017,consumer_0137,Chilli,109.42,2.4,262.61,59.09,Delivered,2023-07-03,7,2023,Vellore
order_01918,farmer_0015,consumer_0118,Carrot,54.24,6.2,336.29,130.4,On the way,2023-07-04,7,2023,Vellore
order_00981,farmer_0043,consumer_0190,Carrot,50.3,1.0,50.3,15.2,Delivered,2023-07-04,7,2023,Erode
order_02696,farmer_0033,consumer_0087,Carrot,51.46,1.0,51.46,12.9,Delivered,2023-07-04,7,2023,Madurai
order_01890,farmer_0001,consumer_0137,Brinjal,33.13,7.9,261.73,76.3,Delivered,2023-07-05,7,2023,Tirunelveli
order_02147,farmer_0024,consumer_0018,Banana,39.78,2.5,99.45,27.37,Delivered,2023-07-05,7,2023,Thanjavur
order_02714,farmer_0026,consumer_0023,Banana,40.47,13.5,546.35,217.46,Delivered,2023-07-05,7,2023,Salem
order_00337,farmer_0032,consumer_0164,Onion,29.85,14.5,432.83,141.92,Delivered,2023-07-05,7,2023,Madurai
order_02615,farmer_0028,consumer_0169,Sugarcane,3.56,16.9,60.16,13.45,Delivered,2023-07-06,7,2023,Coimbatore
order_02385,farmer_0010,consumer_0119,Tomato,38.9,23.6,918.04,360.25,Delivered,2023-07-06,7,2023,Coimbatore
order_01338,farmer_0030,consumer_0012,Groundnut,76.25,4.3,327.88,125.08,Delivered,2023-07-07,7,2023,Thanjavur
order_01863,farmer_0021,consumer_0200,Potato,24.34,30.4,739.94,205.82,Delivered,2023-07-07,7,2023,Dindigul
order_00456,farmer_0015,consumer_0054,Onion,31.59,1.3,41.07,8.25,Delivered,2023-07-07,7,2023,Chennai
order_02253,farmer_0030,consumer_0162,Banana,37.79,3.5,132.26,29.61,Delivered,2023-07-08,7,2023,Trichy
order_02208,farmer_0025,consumer_0104,Cabbage,19.39,13.5,261.76,69.87,On the way,2023-07-08,7,2023,Vellore
order_00557,farmer_0046,consumer_0162,Lady Finger,55.95,1.0,55.95,12.12,Delivered,2023-07-08,7,2023,Coimbatore
order_00125,farmer_0023,consumer_0198,Banana,42.09,23.6,993.32,295.99,Delivered,2023-07-09,7,2023,Thanjavur
order_00671,farmer_0045,consumer_0166,Brinjal,35.37,4.1,145.02,56.1,Delivered,2023-07-09,7,2023,Madurai
order_01657,farmer_0041,consumer_0039,Cabbage,16.02,20.5,328.41,90.94,Delivered,2023-07-09,7,2023,Salem
order_01318,farmer_0021,consumer_0041,Brinjal,34.32,9.0,308.88,118.37,Delivered,2023-07-09,7,2023,Salem
order_01848,farmer_0013,consumer_0184,Banana,41.17,5.9,242.9,95.46,Delivered,2023-07-10,7,2023,Coimbatore
order_02464,farmer_0042,consumer_0030,Cotton,55.75,36.8,2051.6,629.59,Delivered,2023-07-10,7,2023,Trichy
order_02606,farmer_0005,consumer_0053,Chilli,113.55,6.0,681.3,193.29,Delivered,2023-07-10,7,2023,Salem
order_02387,farmer_0025,consumer_0109,Groundnut,69.21,42.8,2962.19,655.65,Delivered,2023-07-11,7,2023,Thanjavur
order_01278,farmer_0027,consumer_0065,Lady Finger,47.76,25.8,1232.21,349.44,Delivered,2023-07-11,7,2023,Tirunelveli
order_01003,farmer_0037,consumer_0043,Cauliflower,30.44,7.7,234.39,47.95,On the way,2023-07-11,7,2023,Dindigul
order_02724,farmer_0045,consumer_0187,Sugarcane,3.86,36.2,139.73,28.43,Delivered,2023-07-11,7,2023,Thanjavur
order_00090,farmer_0004,consumer_0160,Rice,30.09,5.6,168.5,51.82,Delivered,2023-07-12,7,2023,Erode
order_02851,farmer_0035,consumer_0135,Potato,28.18,1.0,28.18,8.45,Processing,2023-07-12,7,2023,Thanjavur
order_01866,farmer_0034,consumer_0068,Sugarcane,3.65,14.6,53.29,13.79,Delivered,2023-07-12,7,2023,Trichy
order_01637,farmer_0027,consumer_0021,Chilli,111.44,2.7,300.89,73.7,On the way,2023-07-13,7,2023,Erode
order_02346,farmer_0002,consumer_0100,Tomato,33.58,30.8,1034.26,227.2,Delivered,2023-07-13,7,2023,Vellore
order_01557,farmer_0027,consumer_0170,Potato,26.58,8.7,231.25,78.82,Delivered,2023-07-14,7,2023,Thanjavur
order_00291,farmer_0040,consumer_0027,Sugarcane,3.87,13.9,53.79,18.47,Delivered,2023-07-14,7,2023,Salem
order_01223,farmer_0010,consumer_0085,Groundnut,67.46,62.1,4189.27,1341.43,Delivered,2023-07-14,7,2023,Trichy
order_02195,farmer_0016,consumer_0053,Tomato,38.53,7.3,281.27,111.56,Delivered,2023-07-15,7,2023,Thanjavur
order_02805,farmer_0042,consumer_0096,Banana,46.57,23.3,1085.08,302.41,Delivered,2023-07-15,7,2023,Erode
order_00849,farmer_0050,consumer_0005,Lady Finger,52.86,22.1,1168.21,260.86,On the way,2023-07-16,7,2023,Chennai
order_02812,farmer_0043,consumer_0152,Brinjal,37.6,20.5,770.8,193.39,Delivered,2023-07-16,7,2023,Erode
order_01625,farmer_0037,consumer_0004,Tomato,36.98,15.4,569.49,170.27,On the way,2023-07-16,7,2023,Chennai
order_00289,farmer_0037,consumer_0051,Chilli,110.79,48.8,5406.55,1597.95,Delivered,2023-07-17,7,2023,Madurai
order_00206,farmer_0030,consumer_0182,Banana,42.03,88.5,3719.66,989.45,Delivered,2023-07-18,7,2023,Erode
order_01457,farmer_0015,consumer_0168,Chilli,99.95,18.9,1889.05,451.31,Delivered,2023-07-18,7,2023,Thanjavur
order_00776,farmer_0043,consumer_0071,Tomato,38.15,1.0,38.15,15.11,Delivered,2023-07-19,7,2023,Salem
order_00707,farmer_0035,consumer_0178,Chilli,115.17,1.0,115.17,40.66,Delivered,2023-07-19,7,2023,Thanjavur
order_02839,farmer_0043,consumer_0196,Lady Finger,56.69,23.4,1326.55,476.84,Delivered,2023-07-19,7,2023,Vellore
order_00555,farmer_0023,consumer_0176,Cotton,56.62,36.7,2077.95,591.26,Delivered,2023-07-20,7,2023,Erode
order_01808,farmer_0029,consumer_0020,Cotton,58.94,6.1,359.53,114.04,On the way,2023-07-20,7,2023,Salem
order_01705,farmer_0012,consumer_0024,Chilli,109.45,25.4,2780.03,1010.02,Delivered,2023-07-21,7,2023,Madurai
order_02121,farmer_0002,consumer_0167,Cabbage,17.9,67.2,1202.88,363.45,On the way,2023-07-21,7,2023,Erode
order_02154,farmer_0018,consumer_0171,Cauliflower,35.37,5.6,198.07,48.64,Delivered,2023-07-22,7,2023,Erode
order_00578,farmer_0041,consumer_0139,Rice,29.0,3.6,104.4,24.48,Delivered,2023-07-22,7,2023,Coimbatore
order_02183,farmer_0016,consumer_0022,Tomato,37.16,11.8,438.49,151.11,Delivered,2023-07-24,7,2023,Trichy
order_02859,farmer_0010,consumer_0149,Lady Finger,48.76,16.7,814.29,193.45,Delivered,2023-07-24,7,2023,Tirunelveli
order_00376,farmer_0040,consumer_0087,Cauliflower,30.63,13.8,422.69,126.61,Delivered,2023-07-24,7,2023,Erode
order_02843,farmer_0032,consumer_0021,Cotton,53.6,6.5,348.4,107.1,Delivered,2023-07-24,7,2023,Trichy
order_02612,farmer_0018,consumer_0044,Onion,34.1,25.5,869.55,286.75,Delivered,2023-07-24,7,2023,Trichy
order_02931,farmer_0007,consumer_0094,Sugarcane,3.69,35.4,130.63,42.35,Delivered,2023-07-24,7,2023,Chennai
order_00276,farmer_0005,consumer_0112,Groundnut,66.37,57.8,3836.19,1039.36,Delivered,2023-07-24,7,2023,Trichy
order_02871,farmer_0032,consumer_0180,Brinjal,36.95,97.8,3613.71,1078.9,Delivered,2023-07-24,7,2023,Chennai
order_02953,farmer_0016,consumer_0028,Cauliflower,32.77,3.0,98.31,33.01,On the way,2023-07-25,7,2023,Coimbatore
order_00611,farmer_0029,consumer_0114,Rice,33.0,11.2,369.6,136.55,Delivered,2023-07-25,7,2023,Madurai
order_02239,farmer_0035,consumer_0177,Cotton,58.48,5.9,345.03,88.43,Delivered,2023-07-25,7,2023,Trichy
order_01951,farmer_0022,consumer_0123,Groundnut,70.03,54.9,3844.65,1488.99,Delivered,2023-07-25,7,2023,Madurai
order_02200,farmer_0024,consumer_0047,Rice,34.13,40.0,1365.2,325.58,Delivered,2023-07-26,7,2023,Thanjavur
order_01579,farmer_0003,consumer_0073,Cotton,53.59,5.2,278.67,103.42,Delivered,2023-07-26,7,2023,Vellore
order_02129,farmer_0043,consumer_0056,Sugarcane,3.89,13.7,53.29,18.82,Delivered,2023-07-27,7,2023,Coimbatore
order_00166,farmer_0006,consumer_0087,Sugarcane,3.84,1.4,5.38,1.49,Delivered,2023-07-27,7,2023,Trichy
order_01689,farmer_0030,consumer_0172,Chilli,102.96,14.7,1513.51,529.56,On the way,2023-07-27,7,2023,Madurai
order_00152,farmer_0001,consumer_0042,Chilli,109.83,9.9,1087.32,360.09,Delivered,2023-07-27,7,2023,Vellore
order_02222,farmer_0042,consumer_0051,Onion,32.54,34.4,1119.38,312.01,Delivered,2023-07-27,7,2023,Erode
order_02713,farmer_0010,consumer_0121,Cabbage,18.83,2.0,37.66,8.84,Delivered,2023-07-28,7,2023,Salem
order_00903,farmer_0010,consumer_0119,Cabbage,18.71,36.0,673.56,188.38,Delivered,2023-07-28,7,2023,Erode
order_00859,farmer_0045,consumer_0005,Tomato,40.57,38.9,1578.17,526.17,Delivered,2023-07-29,7,2023,Dindigul
order_00830,farmer_0030,consumer_0135,Cotton,55.25,37.7,2082.93,454.1,Delivered,2023-07-29,7,2023,Erode
order_01811,farmer_0002,consumer_0159,Groundnut,68.15,6.6,449.79,170.68,On the way,2023-07-30,7,2023,Tirunelveli
order_01157,farmer_0042,consumer_0169,Cotton,58.4,4.9,286.16,65.87,On the way,2023-07-31,7,2023,Thanjavur
order_00111,farmer_0046,consumer_0040,Cotton,48.87,13.7,669.52,139.02,Processing,2023-08-01,8,2023,Madurai
order_02330,farmer_0032,consumer_0110,Sugarcane,3.54,52.5,185.85,71.37,Delivered,2023-08-02,8,2023,Tirunelveli
order_01592,farmer_0021,consumer_0163,Tomato,35.11,1.0,35.11,11.4,Delivered,2023-08-03,8,2023,Salem
order_01567,farmer_0041,consumer_0008,Lady Finger,51.36,1.1,56.5,12.24,Delivered,2023-08-03,8,2023,Salem
order_02817,farmer_0025,consumer_0118,Cotton,53.66,30.4,1631.26,469.26,Processing,2023-08-03,8,2023,Dindigul
order_01816,farmer_0004,consumer_0133,Onion,32.22,2.5,80.55,20.94,Delivered,2023-08-04,8,2023,Erode
order_00973,farmer_0005,consumer_0033,Cotton,58.36,52.9,3087.24,1072.54,On the way,2023-08-05,8,2023,Salem
order_00186,farmer_0041,consumer_0196,Coconut,29.54,1.0,29.54,9.83,Delivered,2023-08-05,8,2023,Vellore
order_01640,farmer_0035,consumer_0149,Onion,32.54,1.0,32.54,10.25,On the way,2023-08-06,8,2023,Coimbatore
order_01033,farmer_0030,consumer_0112,Brinjal,35.01,2.2,77.02,17.51,Delivered,2023-08-06,8,2023,Chennai
order_02458,farmer_0031,consumer_0123,Lady Finger,49.41,14.7,726.33,164.96,Delivered,2023-08-06,8,2023,Erode
order_00733,farmer_0024,consumer_0104,Tomato,37.15,2.8,104.02,39.35,Processing,2023-08-07,8,2023,Thanjavur
order_02932,farmer_0031,consumer_0172,Sugarcane,3.42,21.7,74.21,23.24,Delivered,2023-08-07,8,2023,Madurai
order_01038,farmer_0047,consumer_0028,Brinjal,38.03,16.0,608.48,139.72,Processing,2023-08-08,8,2023,Vellore
order_00523,farmer_0040,consumer_0013,Carrot,49.36,9.1,449.18,169.29,Delivered,2023-08-08,8,2023,Chennai
order_01712,farmer_0007,consumer_0151,Rice,39.67,25.1,995.72,348.54,Delivered,2023-08-08,8,2023,Erode
order_01149,farmer_0049,consumer_0186,Sugarcane,3.69,5.4,19.93,4.05,Delivered,2023-08-08,8,2023,Vellore
order_00602,farmer_0007,consumer_0191,Banana,40.0,143.8,5752.0,1781.38,Delivered,2023-08-09,8,2023,Tirunelveli
order_01407,farmer_0029,consumer_0183,Rice,37.75,12.5,471.88,96.14,On the way,2023-08-09,8,2023,Dindigul
order_00024,farmer_0048,consumer_0091,Carrot,51.21,1.0,51.21,20.42,Processing,2023-08-09,8,2023,Erode
order_02235,farmer_0037,consumer_0008,Groundnut,73.31,49.1,3599.52,842.15,Delivered,2023-08-09,8,2023,Coimbatore
order_01118,farmer_0039,consumer_0089,Tomato,36.26,4.0,145.04,40.51,Delivered,2023-08-11,8,2023,Salem
order_00842,farmer_0026,consumer_0136,Banana,41.68,18.4,766.91,236.09,On the way,2023-08-11,8,2023,Erode
order_01484,farmer_0010,consumer_0170,Banana,37.02,10.6,392.41,78.55,Processing,2023-08-11,8,2023,Thanjavur
order_01784,farmer_0039,consumer_0058,Chilli,117.4,6.5,763.1,259.28,On the way,2023-08-11,8,2023,Madurai
order_01200,farmer_0021,consumer_0048,Cauliflower,31.76,2.5,79.4,31.46,Delivered,2023-08-12,8,2023,Tirunelveli
order_00282,farmer_0014,consumer_0079,Chilli,118.22,9.9,1170.38,418.19,Processing,2023-08-13,8,2023,Tirunelveli
order_02358,farmer_0043,consumer_0096,Carrot,48.45,59.6,2887.62,751.45,Delivered,2023-08-14,8,2023,Chennai
order_00058,farmer_0022,consumer_0034,Cotton,55.48,17.5,970.9,378.24,Delivered,2023-08-14,8,2023,Dindigul
order_00633,farmer_0039,consumer_0194,Sugarcane,4.21,5.2,21.89,7.5,On the way,2023-08-14,8,2023,Chennai
order_01872,farmer_0022,consumer_0011,Cabbage,18.57,42.2,783.65,158.47,Delivered,2023-08-14,8,2023,Erode
order_02553,farmer_0006,consumer_0160,Onion,30.37,32.7,993.1,373.83,Delivered,2023-08-14,8,2023,Trichy
order_02307,farmer_0026,consumer_0154,Banana,38.51,12.3,473.67,162.96,Delivered,2023-08-15,8,2023,Coimbatore
order_01229,farmer_0012,consumer_0089,Chilli,116.54,6.6,769.16,205.71,Delivered,2023-08-16,8,2023,Dindigul
order_01655,farmer_0034,consumer_0147,Rice,43.96,26.3,1156.15,372.79,Processing,2023-08-16,8,2023,Dindigul
order_00156,farmer_0035,consumer_0195,Chilli,113.71,10.7,1216.7,434.48,Delivered,2023-08-17,8,2023,Tirunelveli
order_01899,farmer_0001,consumer_0099,Brinjal,34.66,23.1,800.65,226.47,Delivered,2023-08-17,8,2023,Tirunelveli
order_02000,farmer_0026,consumer_0011,Rice,38.54,5.9,227.39,71.6,Delivered,2023-08-18,8,2023,Chennai
order_01471,farmer_0029,consumer_0040,Lady Finger,60.88,35.9,2185.59,476.48,Delivered,2023-08-18,8,2023,Tirunelveli
order_01263,farmer_0024,consumer_0086,Onion,33.58,48.7,1635.35,491.63,On the way,2023-08-18,8,2023,Thanjavur
order_00259,farmer_0006,consumer_0147,Cotton,54.69,43.3,2368.08,725.47,Delivered,2023-08-19,8,2023,Erode
order_01608,farmer_0033,consumer_0164,Tomato,38.58,16.2,625.0,242.76,Delivered,2023-08-19,8,2023,Tirunelveli
order_01010,farmer_0012,consumer_0011,Onion,35.65,1.5,53.47,14.79,On the way,2023-08-19,8,2023,Coimbatore
order_01734,farmer_0037,consumer_0036,Sugarcane,3.24,28.2,91.37,29.6,Delivered,2023-08-19,8,2023,Trichy
order_00947,farmer_0011,consumer_0013,Onion,31.3,23.8,744.94,285.15,Delivered,2023-08-20,8,2023,Salem
order_02388,farmer_0025,consumer_0113,Groundnut,69.9,99.5,6955.05,1509.51,Delivered,2023-08-20,8,2023,Vellore
order_02916,farmer_0026,consumer_0080,Cabbage,19.18,11.9,228.24,67.28,Delivered,2023-08-20,8,2023,Trichy
order_00052,farmer_0009,consumer_0199,Chilli,118.1,28.8,3401.28,916.7,Delivered,2023-08-21,8,2023,Erode
order_02437,farmer_0020,consumer_0137,Lady Finger,48.59,5.6,272.1,93.99,Delivered,2023-08-22,8,2023,Chennai
order_02418,farmer_0038,consumer_0030,Tomato,35.4,8.1,286.74,76.54,Delivered,2023-08-22,8,2023,Coimbatore
order_01162,farmer_0041,consumer_0153,Groundnut,69.29,44.5,3083.41,644.62,Processing,2023-08-23,8,2023,Thanjavur
order_00014,farmer_0027,consumer_0093,Chilli,114.55,5.6,641.48,217.21,Delivered,2023-08-25,8,2023,Coimbatore
order_01587,farmer_0026,consumer_0174,Cotton,58.06,4.8,278.69,61.38,Delivered,2023-08-25,8,2023,Dindigul
order_00506,farmer_0015,consumer_0062,Potato,26.34,16.2,426.71,150.44,Delivered,2023-08-25,8,2023,Chennai
order_01199,farmer_0040,consumer_0046,Onion,29.53,1.0,29.53,9.3,Delivered,2023-08-26,8,2023,Erode
order_00574,farmer_0010,consumer_0077,Groundnut,70.51,46.8,3299.87,1029.34,On the way,2023-08-26,8,2023,Madurai
order_00703,farmer_0025,consumer_0144,Banana,43.16,3.8,164.01,60.86,Delivered,2023-08-26,8,2023,Vellore
order_00992,farmer_0038,consumer_0113,Sugarcane,3.61,10.2,36.82,8.69,Delivered,2023-08-27,8,2023,Chennai
order_02201,farmer_0047,consumer_0154,Groundnut,68.63,2.1,144.12,51.79,On the way,2023-08-28,8,2023,Trichy
order_01293,farmer_0017,consumer_0056,Groundnut,67.7,28.5,1929.45,420.03,Delivered,2023-08-29,8,2023,Tirunelveli
order_00100,farmer_0050,consumer_0099,Lady Finger,52.36,22.2,1162.39,288.45,Delivered,2023-08-29,8,2023,Erode
order_02810,farmer_0016,consumer_0055,Coconut,28.81,2.9,83.55,29.69,Delivered,2023-08-29,8,2023,Trichy
order_00328,farmer_0038,consumer_0173,Onion,33.85,5.4,182.79,71.9,On the way,2023-08-29,8,2023,Dindigul
order_00562,farmer_0029,consumer_0076,Carrot,56.26,43.7,2458.56,835.03,Delivered,2023-08-29,8,2023,Madurai
order_00316,farmer_0050,consumer_0161,Tomato,39.4,40.8,1607.52,488.89,Delivered,2023-08-29,8,2023,Dindigul
order_01786,farmer_0042,consumer_0013,Cauliflower,31.91,19.6,625.44,227.94,On the way,2023-08-30,8,2023,Trichy
order_00874,farmer_0037,consumer_0157,Cauliflower,32.53,8.6,279.76,110.87,Delivered,2023-08-30,8,2023,Tirunelveli
order_00681,farmer_0009,consumer_0039,Carrot,52.97,11.1,587.97,134.96,Delivered,2023-08-30,8,2023,Coimbatore
order_01997,farmer_0048,consumer_0061,Tomato,32.7,3.6,117.72,46.82,Processing,2023-08-31,8,2023,Chennai
order_01519,farmer_0042,consumer_0009,Coconut,26.03,19.1,497.17,152.22,On the way,2023-08-31,8,2023,Chennai
order_02329,farmer_0023,consumer_0051,Tomato,37.51,73.1,2741.98,885.63,Delivered,2023-08-31,8,2023,Dindigul
order_01235,farmer_0003,consumer_0055,Rice,42.1,55.7,2344.97,470.4,Delivered,2023-08-31,8,2023,Tirunelveli
order_01740,farmer_0032,consumer_0108,Tomato,37.17,16.1,598.44,225.07,Delivered,2023-08-31,8,2023,Trichy
order_00911,farmer_0026,consumer_0128,Groundnut,69.31,32.0,2217.92,644.78,Delivered,2023-09-01,9,2023,Salem
order_01718,farmer_0036,consumer_0136,Sugarcane,3.82,8.3,31.71,6.49,Delivered,2023-09-02,9,2023,Erode
order_01284,farmer_0016,consumer_0190,Rice,44.85,1.0,44.85,17.44,Processing,2023-09-02,9,2023,Thanjavur
order_02316,farmer_0012,consumer_0104,Cauliflower,30.09,24.5,737.21,200.4,On the way,2023-09-02,9,2023,Tirunelveli
order_02069,farmer_0037,consumer_0037,Groundnut,68.31,4.7,321.06,67.47,Delivered,2023-09-02,9,2023,Tirunelveli
order_01603,farmer_0018,consumer_0199,Cotton,51.0,32.2,1642.2,587.53,Delivered,2023-09-03,9,2023,Chennai
order_00839,farmer_0001,consumer_0159,Cabbage,19.52,2.5,48.8,19.13,Delivered,2023-09-03,9,2023,Salem
order_02767,farmer_0040,consumer_0159,Chilli,110.33,96.1,10602.71,3899.74,Delivered,2023-09-04,9,2023,Erode
order_01953,farmer_0005,consumer_0169,Banana,38.67,21.9,846.87,289.77,Delivered,2023-09-04,9,2023,Salem
order_00770,farmer_0029,consumer_0054,Groundnut,75.36,1.0,75.36,30.01,Delivered,2023-09-04,9,2023,Coimbatore
order_01160,farmer_0012,consumer_0059,Potato,25.36,4.6,116.66,24.38,On the way,2023-09-06,9,2023,Madurai
order_01656,farmer_0001,consumer_0006,Onion,30.4,3.5,106.4,26.65,Delivered,2023-09-06,9,2023,Dindigul
order_00683,farmer_0043,consumer_0142,Groundnut,73.3,5.3,388.49,149.95,Delivered,2023-09-09,9,2023,Dindigul
order_00183,farmer_0008,consumer_0147,Carrot,50.56,47.8,2416.77,530.23,On the way,2023-09-10,9,2023,Trichy
order_02007,farmer_0021,consumer_0180,Potato,25.12,6.8,170.82,51.02,Delivered,2023-09-10,9,2023,Tirunelveli
order_01150,farmer_0033,consumer_0132,Rice,40.98,5.0,204.9,47.01,Delivered,2023-09-10,9,2023,Trichy
order_00831,farmer_0013,consumer_0062,Sugarcane,3.42,1.0,3.42,1.06,Delivered,2023-09-11,9,2023,Dindigul
order_02575,farmer_0035,consumer_0030,Brinjal,34.59,3.5,121.07,36.77,Processing,2023-09-12,9,2023,Erode
order_02579,farmer_0027,consumer_0086,Brinjal,34.07,3.7,126.06,27.99,Delivered,2023-09-12,9,2023,Tirunelveli
order_01341,farmer_0042,consumer_0142,Brinjal,34.88,14.7,512.74,118.54,Processing,2023-09-13,9,2023,Salem
order_02448,farmer_0028,consumer_0156,Lady Finger,42.72,31.8,1358.5,474.66,On the way,2023-09-13,9,2023,Salem
order_02332,farmer_0036,consumer_0023,Onion,29.69,30.6,908.51,186.52,Delivered,2023-09-14,9,2023,Vellore
order_02400,farmer_0020,consumer_0110,Chilli,90.79,1.0,90.79,34.04,Delivered,2023-09-15,9,2023,Coimbatore
order_01939,farmer_0005,consumer_0075,Potato,25.16,10.6,266.7,74.81,Processing,2023-09-16,9,2023,Trichy
order_01192,farmer_0001,consumer_0182,Potato,26.37,20.7,545.86,201.37,Delivered,2023-09-16,9,2023,Dindigul
order_00302,farmer_0008,consumer_0031,Lady Finger,50.36,30.7,1546.05,338.46,Delivered,2023-09-16,9,2023,Thanjavur
order_00095,farmer_0050,consumer_0099,Onion,32.7,30.0,981.0,352.55,Delivered,2023-09-17,9,2023,Vellore
order_01181,farmer_0028,consumer_0180,Rice,41.61,9.7,403.62,82.52,Processing,2023-09-17,9,2023,Vellore
order_01575,farmer_0048,consumer_0032,Rice,38.21,24.7,943.79,315.86,Processing,2023-09-17,9,2023,Coimbatore
order_00788,farmer_0045,consumer_0137,Cotton,57.77,37.3,2154.82,819.19,On the way,2023-09-17,9,2023,Coimbatore
order_01027,farmer_0007,consumer_0088,Potato,22.57,11.4,257.3,95.72,Delivered,2023-09-17,9,2023,Vellore
order_00579,farmer_0049,consumer_0018,Potato,25.7,1.0,25.7,9.55,On the way,2023-09-18,9,2023,Erode
order_01927,farmer_0026,consumer_0119,Rice,39.32,12.5,491.5,120.99,Processing,2023-09-18,9,2023,Dindigul
order_01681,farmer_0041,consumer_0110,Rice,41.07,64.2,2636.69,826.76,Delivered,2023-09-18,9,2023,Coimbatore
order_01648,farmer_0015,consumer_0072,Sugarcane,3.37,2.7,9.1,3.34,Delivered,2023-09-19,9,2023,Thanjavur
order_00742,farmer_0038,consumer_0031,Sugarcane,3.3,27.6,91.08,28.72,Delivered,2023-09-20,9,2023,Salem
order_00352,farmer_0033,consumer_0182,Carrot,53.68,7.7,413.34,90.66,Delivered,2023-09-21,9,2023,Erode
order_01961,farmer_0005,consumer_0002,Groundnut,69.34,68.8,4770.59,1693.05,Delivered,2023-09-21,9,2023,Erode
order_02429,farmer_0003,consumer_0177,Coconut,27.77,7.4,205.5,53.02,Processing,2023-09-21,9,2023,Madurai
order_02196,farmer_0003,consumer_0009,Potato,26.47,126.5,3348.45,760.56,On the way,2023-09-21,9,2023,Vellore
order_02933,farmer_0003,consumer_0031,Tomato,35.81,33.7,1206.8,325.93,Delivered,2023-09-22,9,2023,Thanjavur
order_01995,farmer_0006,consumer_0166,Tomato,37.93,6.5,246.54,85.35,Delivered,2023-09-22,9,2023,Tirunelveli
order_02873,farmer_0025,consumer_0002,Onion,31.4,18.7,587.18,147.22,Delivered,2023-09-23,9,2023,Vellore
order_02652,farmer_0044,consumer_0062,Cabbage,17.51,44.9,786.2,209.2,Delivered,2023-09-24,9,2023,Thanjavur
order_01768,farmer_0004,consumer_0181,Sugarcane,3.63,42.4,153.91,44.8,On the way,2023-09-24,9,2023,Madurai
order_00922,farmer_0048,consumer_0157,Banana,38.61,21.4,826.25,214.52,Delivered,2023-09-24,9,2023,Thanjavur
order_02197,farmer_0024,consumer_0097,Rice,40.29,44.3,1784.85,422.72,On the way,2023-09-25,9,2023,Madurai
order_01117,farmer_0027,consumer_0087,Cotton,56.11,27.2,1526.19,566.0,On the way,2023-09-25,9,2023,Trichy
order_01646,farmer_0004,consumer_0104,Carrot,48.16,10.1,486.42,105.63,Delivered,2023-09-25,9,2023,Dindigul
order_01116,farmer_0017,consumer_0104,Groundnut,68.86,11.9,819.43,203.63,Delivered,2023-09-25,9,2023,Tirunelveli
order_00965,farmer_0008,consumer_0084,Rice,41.66,8.6,358.28,117.71,Delivered,2023-09-26,9,2023,Vellore
order_01276,farmer_0023,consumer_0033,Rice,39.65,7.7,305.31,69.04,Delivered,2023-09-26,9,2023,Coimbatore
order_02315,farmer_0030,consumer_0139,Cabbage,16.62,84.2,1399.4,287.28,Processing,2023-09-26,9,2023,Madurai
order_01423,farmer_0030,consumer_0018,Sugarcane,3.44,4.5,15.48,3.24,Delivered,2023-09-27,9,2023,Dindigul
order_02913,farmer_0034,consumer_0199,Coconut,24.84,20.4,506.74,156.07,Delivered,2023-09-27,9,2023,Erode
order_00112,farmer_0008,consumer_0015,Cabbage,17.86,5.1,91.09,19.73,Delivered,2023-09-27,9,2023,Erode
order_01633,farmer_0042,consumer_0102,Banana,43.78,7.5,328.35,77.73,On the way,2023-09-27,9,2023,Chennai
order_02923,farmer_0048,consumer_0005,Groundnut,64.45,35.6,2294.42,860.15,Delivered,2023-09-27,9,2023,Coimbatore
order_02541,farmer_0049,consumer_0081,Coconut,28.76,16.4,471.66,136.44,Processing,2023-09-28,9,2023,Coimbatore
order_01990,farmer_0021,consumer_0180,Groundnut,68.64,12.1,830.54,311.08,On the way,2023-09-28,9,2023,Dindigul
order_02334,farmer_0026,consumer_0123,Potato,24.61,76.9,1892.51,471.58,Delivered,2023-09-28,9,2023,Thanjavur
order_01190,farmer_0044,consumer_0076,Banana,42.71,6.9,294.7,65.14,Delivered,2023-09-28,9,2023,Vellore
order_02609,farmer_0048,consumer_0070,Banana,39.23,10.8,423.68,139.85,Delivered,2023-09-29,9,2023,Coimbatore
order_00778,farmer_0029,consumer_0058,Rice,40.54,15.7,636.48,164.85,Processing,2023-09-29,9,2023,Dindigul
order_02725,farmer_0048,consumer_0032,Coconut,26.55,20.0,531.0,123.2,Delivered,2023-09-29,9,2023,Tirunelveli
order_02521,farmer_0029,consumer_0097,Banana,37.43,7.9,295.7,87.02,Delivered,2023-09-29,9,2023,Erode
order_02026,farmer_0026,consumer_0075,Rice,40.33,6.8,274.24,66.38,Delivered,2023-09-30,9,2023,Trichy
order_00937,farmer_0018,consumer_0101,Coconut,25.82,7.0,180.74,60.86,Delivered,2023-09-30,9,2023,Salem
order_00343,farmer_0048,consumer_0076,Groundnut,71.89,6.9,496.04,190.6,On the way,2023-09-30,9,2023,Dindigul
order_02803,farmer_0030,consumer_0129,Brinjal,29.18,15.5,452.29,106.1,Delivered,2023-10-01,10,2023,Vellore
order_02107,farmer_0042,consumer_0122,Rice,35.24,30.2,1064.25,310.8,On the way,2023-10-01,10,2023,Coimbatore
order_00755,farmer_0032,consumer_0099,Cauliflower,34.78,18.4,639.95,130.18,On the way,2023-10-01,10,2023,Salem
order_01588,farmer_0031,consumer_0125,Tomato,46.22,2.6,120.17,44.18,Delivered,2023-10-02,10,2023,Madurai
order_00826,farmer_0004,consumer_0173,Sugarcane,5.18,8.6,44.55,13.06,Delivered,2023-10-02,10,2023,Vellore
order_00720,farmer_0036,consumer_0197,Onion,33.3,66.5,2214.45,816.26,Delivered,2023-10-02,10,2023,Coimbatore
order_02844,farmer_0017,consumer_0170,Groundnut,85.03,4.9,416.65,97.15,Delivered,2023-10-03,10,2023,Thanjavur
order_00351,farmer_0045,consumer_0064,Onion,30.82,43.2,1331.42,351.94,Delivered,2023-10-03,10,2023,Thanjavur
order_00026,farmer_0038,consumer_0131,Sugarcane,4.36,27.1,118.16,40.96,Delivered,2023-10-03,10,2023,Coimbatore
order_01104,farmer_0004,consumer_0176,Onion,32.16,58.5,1881.36,648.08,Delivered,2023-10-04,10,2023,Erode
order_01580,farmer_0014,consumer_0103,Tomato,47.22,12.1,571.36,148.48,Delivered,2023-10-05,10,2023,Coimbatore
order_01877,farmer_0027,consumer_0122,Lady Finger,40.55,13.8,559.59,132.4,On the way,2023-10-05,10,2023,Dindigul
order_00382,farmer_0041,consumer_0110,Chilli,107.67,9.2,990.56,286.85,On the way,2023-10-05,10,2023,Tirunelveli
order_01945,farmer_0040,consumer_0182,Sugarcane,4.53,2.5,11.33,2.94,Processing,2023-10-05,10,2023,Madurai
order_00721,farmer_0036,consumer_0186,Carrot,53.51,20.7,1107.66,326.41,Delivered,2023-10-06,10,2023,Vellore
order_01756,farmer_0025,consumer_0175,Banana,40.86,27.9,1139.99,230.34,Delivered,2023-10-06,10,2023,Salem
order_02667,farmer_0029,consumer_0138,Cauliflower,31.58,10.1,318.96,88.55,Delivered,2023-10-06,10,2023,Vellore
order_01110,farmer_0017,consumer_0046,Cotton,68.29,8.8,600.95,156.09,Delivered,2023-10-06,10,2023,Chennai
order_02254,farmer_0005,consumer_0198,Chilli,111.42,64.5,7186.59,2743.32,Delivered,2023-10-07,10,2023,Dindigul
order_02361,farmer_0019,consumer_0179,Brinjal,24.64,1.1,27.1,7.44,Delivered,2023-10-08,10,2023,Chennai
order_00043,farmer_0015,consumer_0173,Rice,41.52,3.3,137.02,43.47,Delivered,2023-10-08,10,2023,Salem
order_00891,farmer_0006,consumer_0191,Carrot,46.04,18.5,851.74,229.04,Delivered,2023-10-08,10,2023,Erode
order_00767,farmer_0014,consumer_0120,Cauliflower,31.56,12.4,391.34,96.37,Delivered,2023-10-08,10,2023,Tirunelveli
order_00588,farmer_0032,consumer_0088,Groundnut,93.55,4.4,411.62,120.96,Processing,2023-10-09,10,2023,Thanjavur
order_01294,farmer_0042,consumer_0143,Coconut,24.79,19.4,480.93,184.64,Delivered,2023-10-09,10,2023,Vellore
order_02922,farmer_0004,consumer_0069,Brinjal,24.43,1.0,24.43,8.1,Delivered,2023-10-09,10,2023,Tirunelveli
order_02745,farmer_0006,consumer_0026,Cauliflower,34.27,16.6,568.88,209.73,Processing,2023-10-10,10,2023,Salem
order_01671,farmer_0039,consumer_0197,Potato,23.68,12.0,284.16,93.92,Delivered,2023-10-10,10,2023,Trichy
order_02781,farmer_0022,consumer_0192,Coconut,28.28,15.9,449.65,134.51,Processing,2023-10-10,10,2023,Salem
order_01217,farmer_0004,consumer_0115,Cauliflower,36.79,8.4,309.04,95.2,Delivered,2023-10-10,10,2023,Erode
order_02951,farmer_0010,consumer_0009,Sugarcane,5.35,51.8,277.13,62.4,Delivered,2023-10-11,10,2023,Salem
order_01167,farmer_0038,consumer_0081,Coconut,25.73,4.3,110.64,26.44,Delivered,2023-10-11,10,2023,Coimbatore
order_00191,farmer_0006,consumer_0154,Rice,39.63,29.0,1149.27,370.0,Delivered,2023-10-11,10,2023,Dindigul
order_02463,farmer_0023,consumer_0102,Cabbage,16.95,13.3,225.44,71.7,Delivered,2023-10-12,10,2023,Vellore
order_00917,farmer_0030,consumer_0194,Carrot,48.01,1.0,48.01,12.75,Delivered,2023-10-12,10,2023,Dindigul
order_01676,farmer_0036,consumer_0030,Cotton,67.6,17.5,1183.0,367.12,Delivered,2023-10-13,10,2023,Tirunelveli
order_00567,farmer_0039,consumer_0145,Potato,27.94,46.5,1299.21,294.14,Delivered,2023-10-13,10,2023,Chennai
order_02312,farmer_0018,consumer_0006,Chilli,107.74,1.8,193.93,59.16,On the way,2023-10-13,10,2023,Madurai
order_00138,farmer_0004,consumer_0024,Rice,43.88,46.6,2044.81,462.08,Delivered,2023-10-13,10,2023,Trichy
order_01670,farmer_0006,consumer_0177,Cotton,69.86,1.0,69.86,23.84,Delivered,2023-10-13,10,2023,Thanjavur
order_01009,farmer_0048,consumer_0173,Brinjal,26.48,20.1,532.25,112.15,Delivered,2023-10-13,10,2023,Coimbatore
order_02226,farmer_0014,consumer_0031,Cauliflower,32.24,21.1,680.26,188.65,Delivered,2023-10-14,10,2023,Madurai
order_02405,farmer_0031,consumer_0168,Banana,46.91,29.3,1374.46,362.59,Delivered,2023-10-15,10,2023,Thanjavur
order_00936,farmer_0019,consumer_0048,Rice,34.05,4.8,163.44,44.23,Delivered,2023-10-15,10,2023,Salem
order_02091,farmer_0011,consumer_0184,Tomato,40.26,2.6,104.68,34.71,Delivered,2023-10-15,10,2023,Dindigul
order_01205,farmer_0027,consumer_0152,Rice,39.81,66.1,2631.44,945.98,Delivered,2023-10-16,10,2023,Thanjavur
order_00901,farmer_0003,consumer_0025,Tomato,45.04,43.0,1936.72,722.06,Delivered,2023-10-16,10,2023,Tirunelveli
order_01468,farmer_0010,consumer_0046,Carrot,54.27,75.7,4108.24,1409.01,Delivered,2023-10-16,10,2023,Coimbatore
order_02275,farmer_0013,consumer_0129,Potato,26.79,17.7,474.18,95.57,Delivered,2023-10-16,10,2023,Coimbatore
order_02726,farmer_0009,consumer_0039,Lady Finger,40.87,62.6,2558.46,725.27,Delivered,2023-10-17,10,2023,Coimbatore
order_00139,farmer_0011,consumer_0118,Cotton,71.9,28.9,2077.91,748.67,Delivered,2023-10-17,10,2023,Chennai
order_00868,farmer_0037,consumer_0144,Banana,41.73,6.6,275.42,97.84,Delivered,2023-10-17,10,2023,Chennai
order_02864,farmer_0015,consumer_0051,Tomato,44.67,8.7,388.63,144.95,Delivered,2023-10-17,10,2023,Vellore
order_02721,farmer_0039,consumer_0069,Onion,30.45,2.1,63.95,17.99,Delivered,2023-10-17,10,2023,Vellore
order_01902,farmer_0006,consumer_0085,Cauliflower,32.22,5.7,183.65,69.83,Delivered,2023-10-18,10,2023,Chennai
order_00527,farmer_0014,consumer_0031,Banana,43.67,62.5,2729.38,689.29,Delivered,2023-10-18,10,2023,Chennai
order_01629,farmer_0017,consumer_0081,Brinjal,29.67,4.4,130.55,30.96,Processing,2023-10-19,10,2023,Trichy
order_01805,farmer_0013,consumer_0020,Onion,33.13,58.1,1924.85,478.41,Delivered,2023-10-20,10,2023,Erode
order_00974,farmer_0041,consumer_0079,Carrot,47.32,6.3,298.12,112.01,Delivered,2023-10-21,10,2023,Dindigul
order_02907,farmer_0016,consumer_0114,Cauliflower,34.31,14.0,480.34,146.93,Processing,2023-10-21,10,2023,Tirunelveli
order_00098,farmer_0021,consumer_0020,Potato,23.7,30.7,727.59,169.5,Delivered,2023-10-21,10,2023,Chennai
order_00409,farmer_0008,consumer_0176,Potato,25.64,1.3,33.33,10.31,Delivered,2023-10-21,10,2023,Coimbatore
order_02899,farmer_0015,consumer_0065,Tomato,41.13,5.5,226.22,55.0,Delivered,2023-10-21,10,2023,Trichy
order_00460,farmer_0013,consumer_0180,Banana,42.11,31.9,1343.31,504.59,Delivered,2023-10-22,10,2023,Coimbatore
order_00913,farmer_0012,consumer_0058,Groundnut,89.92,3.4,305.73,66.3,Delivered,2023-10-22,10,2023,Vellore
order_00888,farmer_0041,consumer_0072,Coconut,26.75,24.5,655.38,137.67,Delivered,2023-10-22,10,2023,Trichy
order_02124,farmer_0015,consumer_0058,Lady Finger,47.79,65.7,3139.8,871.37,Delivered,2023-10-22,10,2023,Trichy
order_00494,farmer_0042,consumer_0196,Rice,37.1,67.0,2485.7,644.34,Processing,2023-10-23,10,2023,Tirunelveli
order_02348,farmer_0021,consumer_0089,Onion,31.3,12.1,378.73,112.7,Delivered,2023-10-23,10,2023,Salem
order_01685,farmer_0015,consumer_0163,Cauliflower,31.32,1.1,34.45,13.63,Delivered,2023-10-23,10,2023,Trichy
order_01615,farmer_0030,consumer_0008,Coconut,27.63,35.3,975.34,223.2,Delivered,2023-10-23,10,2023,Dindigul
order_01441,farmer_0044,consumer_0083,Potato,26.51,60.9,1614.46,359.37,On the way,2023-10-23,10,2023,Trichy
order_02571,farmer_0039,consumer_0030,Sugarcane,4.2,145.4,610.68,217.34,Delivered,2023-10-24,10,2023,Madurai
order_00240,farmer_0048,consumer_0081,Chilli,113.43,30.5,3459.62,903.81,Delivered,2023-10-24,10,2023,Erode
order_01094,farmer_0028,consumer_0082,Brinjal,29.4,10.2,299.88,75.7,Delivered,2023-10-24,10,2023,Chennai
order_02520,farmer_0016,consumer_0028,Tomato,43.21,37.5,1620.38,503.28,Delivered,2023-10-24,10,2023,Salem
order_01007,farmer_0047,consumer_0039,Onion,33.16,12.7,421.13,117.73,Delivered,2023-10-25,10,2023,Coimbatore
order_02519,farmer_0026,consumer_0077,Tomato,45.79,18.5,847.12,231.99,Delivered,2023-10-25,10,2023,Vellore
order_00748,farmer_0043,consumer_0170,Cabbage,18.5,8.4,155.4,37.51,Delivered,2023-10-26,10,2023,Salem
order_00647,farmer_0004,consumer_0007,Onion,32.69,35.1,1147.42,400.3,Delivered,2023-10-26,10,2023,Thanjavur
order_01135,farmer_0005,consumer_0029,Chilli,107.92,13.3,1435.34,536.78,Delivered,2023-10-26,10,2023,Madurai
order_00537,farmer_0027,consumer_0045,Sugarcane,4.67,54.6,254.98,67.35,Delivered,2023-10-26,10,2023,Dindigul
order_01067,farmer_0029,consumer_0006,Cauliflower,35.61,37.3,1328.25,504.06,Processing,2023-10-28,10,2023,Thanjavur
order_02836,farmer_0020,consumer_0101,Carrot,54.18,51.5,2790.27,1028.44,Delivered,2023-10-28,10,2023,Vellore
order_01925,farmer_0037,consumer_0116,Lady Finger,41.3,16.6,685.58,153.41,Delivered,2023-10-28,10,2023,Erode
order_01737,farmer_0025,consumer_0122,Tomato,45.17,10.6,478.8,105.43,Delivered,2023-10-29,10,2023,Vellore
order_02220,farmer_0041,consumer_0061,Sugarcane,4.76,13.9,66.16,17.15,Delivered,2023-10-29,10,2023,Dindigul
order_01769,farmer_0005,consumer_0119,Potato,25.05,27.3,683.87,202.72,On the way,2023-10-29,10,2023,Vellore
order_02526,farmer_0044,consumer_0120,Groundnut,92.22,35.0,3227.7,1086.65,On the way,2023-10-29,10,2023,Dindigul
order_00640,farmer_0049,consumer_0192,Cotton,69.22,10.0,692.2,200.73,Delivered,2023-10-29,10,2023,Madurai
order_02359,farmer_0032,consumer_0119,Potato,24.75,4.8,118.8,42.47,Delivered,2023-10-29,10,2023,Thanjavur
order_00140,farmer_0020,consumer_0021,Coconut,27.87,33.5,933.64,224.15,On the way,2023-10-30,10,2023,Madurai
order_01572,farmer_0028,consumer_0150,Chilli,124.89,18.2,2273.0,709.3,Delivered,2023-10-30,10,2023,Salem
order_00801,farmer_0031,consumer_0074,Lady Finger,43.4,14.3,620.62,198.64,Delivered,2023-10-30,10,2023,Erode
order_00794,farmer_0047,consumer_0163,Lady Finger,42.73,18.1,773.41,251.33,Processing,2023-10-30,10,2023,Thanjavur
order_02277,farmer_0019,consumer_0004,Lady Finger,41.42,34.6,1433.13,338.5,Delivered,2023-10-31,10,2023,Thanjavur
order_01651,farmer_0005,consumer_0043,Potato,25.87,11.6,300.09,102.9,Processing,2023-10-31,10,2023,Salem
order_02996,farmer_0033,consumer_0143,Carrot,61.57,123.2,7585.42,2253.77,Delivered,2023-11-01,11,2023,Coimbatore
order_02627,farmer_0044,consumer_0046,Coconut,27.3,2.7,73.71,19.08,Delivered,2023-11-01,11,2023,Thanjavur
order_02341,farmer_0005,consumer_0054,Carrot,62.92,1.1,69.21,25.94,Delivered,2023-11-01,11,2023,Madurai
order_01672,farmer_0003,consumer_0136,Tomato,50.21,2.3,115.48,45.29,Delivered,2023-11-02,11,2023,Vellore
order_02034,farmer_0044,consumer_0124,Lady Finger,41.65,56.3,2344.89,886.11,Processing,2023-11-02,11,2023,Vellore
order_01015,farmer_0007,consumer_0024,Onion,31.93,6.1,194.77,68.73,Delivered,2023-11-03,11,2023,Trichy
order_01249,farmer_0022,consumer_0025,Coconut,28.89,2.1,60.67,14.79,On the way,2023-11-03,11,2023,Coimbatore
order_00953,farmer_0007,consumer_0073,Cabbage,19.69,13.6,267.78,90.89,Delivered,2023-11-03,11,2023,Coimbatore
order_02469,farmer_0042,consumer_0130,Sugarcane,4.54,13.8,62.65,16.79,Processing,2023-11-04,11,2023,Tirunelveli
order_01906,farmer_0027,consumer_0141,Groundnut,81.42,43.2,3517.34,1075.39,Delivered,2023-11-04,11,2023,Madurai
order_00916,farmer_0050,consumer_0045,Groundnut,92.56,12.0,1110.72,384.86,Delivered,2023-11-04,11,2023,Coimbatore
order_02664,farmer_0044,consumer_0108,Onion,30.26,11.8,357.07,85.42,Delivered,2023-11-05,11,2023,Coimbatore
order_00150,farmer_0031,consumer_0009,Groundnut,85.21,34.2,2914.18,748.92,Delivered,2023-11-05,11,2023,Trichy
order_02216,farmer_0006,consumer_0041,Brinjal,28.19,3.5,98.67,25.61,Delivered,2023-11-05,11,2023,Erode
order_01295,farmer_0033,consumer_0163,Banana,39.45,19.7,777.17,171.2,Delivered,2023-11-06,11,2023,Chennai
order_02118,farmer_0007,consumer_0047,Onion,30.58,60.7,1856.21,459.52,Delivered,2023-11-06,11,2023,Coimbatore
order_01622,farmer_0022,consumer_0200,Tomato,42.15,31.3,1319.3,469.42,Processing,2023-11-07,11,2023,Salem
order_02158,farmer_0023,consumer_0192,Cotton,60.54,55.4,3353.92,955.7,Delivered,2023-11-07,11,2023,Chennai
order_00315,farmer_0018,consumer_0195,Onion,32.03,4.9,156.95,37.85,On the way,2023-11-07,11,2023,Vellore
order_00306,farmer_0004,consumer_0137,Carrot,57.99,24.6,1426.55,445.91,Delivered,2023-11-07,11,2023,Vellore
order_02420,farmer_0003,consumer_0035,Sugarcane,4.88,9.0,43.92,12.47,Processing,2023-11-07,11,2023,Tirunelveli
order_00261,farmer_0042,consumer_0148,Brinjal,26.16,15.6,408.1,134.71,Processing,2023-11-08,11,2023,Vellore
order_01943,farmer_0031,consumer_0034,Chilli,113.98,19.3,2199.81,836.43,Delivered,2023-11-08,11,2023,Chennai
order_01326,farmer_0047,consumer_0033,Cauliflower,37.2,9.0,334.8,99.36,Delivered,2023-11-08,11,2023,Coimbatore
order_02980,farmer_0044,consumer_0173,Banana,42.0,69.6,2923.2,673.69,Delivered,2023-11-08,11,2023,Trichy
order_00094,farmer_0012,consumer_0068,Onion,32.47,1.5,48.7,10.74,On the way,2023-11-09,11,2023,Dindigul
order_00471,farmer_0027,consumer_0007,Brinjal,26.15,19.7,515.15,117.67,Delivered,2023-11-09,11,2023,Madurai
order_02135,farmer_0021,consumer_0013,Cotton,73.3,4.2,307.86,119.22,Delivered,2023-11-09,11,2023,Salem
order_00318,farmer_0047,consumer_0088,Brinjal,28.6,64.7,1850.42,396.14,Delivered,2023-11-11,11,2023,Trichy
order_01461,farmer_0035,consumer_0128,Lady Finger,41.79,51.9,2168.9,811.05,Delivered,2023-11-11,11,2023,Tirunelveli
order_01136,farmer_0019,consumer_0198,Rice,33.91,32.8,1112.25,430.36,Delivered,2023-11-12,11,2023,Thanjavur
order_01889,farmer_0050,consumer_0053,Onion,31.96,123.9,3959.84,1123.55,Delivered,2023-11-12,11,2023,Salem
order_01797,farmer_0022,consumer_0089,Tomato,46.38,12.0,556.56,201.43,Delivered,2023-11-12,11,2023,Chennai
order_01331,farmer_0047,consumer_0007,Sugarcane,4.32,29.0,125.28,38.04,Delivered,2023-11-12,11,2023,Dindigul
order_01745,farmer_0003,consumer_0196,Banana,42.15,41.5,1749.22,481.52,Delivered,2023-11-13,11,2023,Dindigul
order_02120,farmer_0035,consumer_0134,Onion,32.33,17.3,559.31,215.71,Delivered,2023-11-13,11,2023,Tirunelveli
order_01152,farmer_0039,consumer_0016,Lady Finger,39.64,17.6,697.66,262.99,Delivered,2023-11-14,11,2023,Trichy
order_02773,farmer_0009,consumer_0135,Brinjal,28.45,61.2,1741.14,408.32,Delivered,2023-11-14,11,2023,Trichy
order_01714,farmer_0044,consumer_0184,Cauliflower,42.65,10.7,456.35,160.69,Delivered,2023-11-15,11,2023,Dindigul
order_01741,farmer_0038,consumer_0109,Cotton,69.94,25.4,1776.48,529.6,Delivered,2023-11-15,11,2023,Coimbatore
order_02247,farmer_0013,consumer_0020,Banana,42.02,52.7,2214.45,884.19,On the way,2023-11-16,11,2023,Tirunelveli
order_00393,farmer_0043,consumer_0067,Tomato,50.76,5.8,294.41,67.22,On the way,2023-11-16,11,2023,Tirunelveli
order_02269,farmer_0042,consumer_0093,Brinjal,29.8,10.9,324.82,90.28,On the way,2023-11-16,11,2023,Tirunelveli
order_02426,farmer_0032,consumer_0178,Cotton,69.69,18.7,1303.2,266.62,On the way,2023-11-16,11,2023,Madurai
order_00091,farmer_0015,consumer_0089,Carrot,69.88,147.3,10293.32,2196.13,Delivered,2023-11-17,11,2023,Chennai
order_01046,farmer_0029,consumer_0066,Groundnut,74.93,35.8,2682.49,977.81,Delivered,2023-11-17,11,2023,Tirunelveli
order_01485,farmer_0039,consumer_0040,Cotton,72.11,4.4,317.28,76.22,On the way,2023-11-18,11,2023,Coimbatore
order_00777,farmer_0012,consumer_0051,Potato,32.97,13.4,441.8,109.06,Processing,2023-11-18,11,2023,Salem
order_00496,farmer_0007,consumer_0071,Lady Finger,43.1,46.2,1991.22,634.74,Delivered,2023-11-18,11,2023,Erode
order_00281,farmer_0034,consumer_0039,Cabbage,18.05,57.5,1037.88,294.6,On the way,2023-11-19,11,2023,Madurai
order_00584,farmer_0032,consumer_0198,Coconut,29.24,5.6,163.74,40.65,Delivered,2023-11-19,11,2023,Coimbatore
order_01452,farmer_0005,consumer_0083,Carrot,65.89,10.7,705.02,162.28,Delivered,2023-11-19,11,2023,Tirunelveli
order_01008,farmer_0045,consumer_0118,Rice,33.37,9.4,313.68,70.14,Delivered,2023-11-19,11,2023,Tirunelveli
order_00844,farmer_0033,consumer_0038,Cabbage,19.0,31.3,594.7,230.93,Delivered,2023-11-19,11,2023,Coimbatore
order_02915,farmer_0027,consumer_0045,Cotton,70.42,1.0,70.42,25.43,Delivered,2023-11-19,11,2023,Dindigul
order_00782,farmer_0007,consumer_0112,Onion,32.52,8.8,286.18,69.36,On the way,2023-11-19,11,2023,Salem
order_01228,farmer_0045,consumer_0013,Tomato,42.59,19.0,809.21,301.02,Delivered,2023-11-20,11,2023,Coimbatore
order_01785,farmer_0035,consumer_0023,Brinjal,25.22,55.0,1387.1,552.43,Delivered,2023-11-20,11,2023,Madurai
order_01340,farmer_0003,consumer_0026,Cotton,72.19,5.3,382.61,140.02,On the way,2023-11-21,11,2023,Chennai
order_00750,farmer_0004,consumer_0192,Brinjal,26.78,10.6,283.87,60.26,Delivered,2023-11-21,11,2023,Erode
order_01028,farmer_0042,consumer_0002,Banana,40.89,6.3,257.61,94.17,Delivered,2023-11-21,11,2023,Salem
order_02764,farmer_0032,consumer_0071,Coconut,26.9,22.5,605.25,232.87,Delivered,2023-11-21,11,2023,Thanjavur
order_00623,farmer_0004,consumer_0065,Sugarcane,4.75,2.5,11.88,2.6,Delivered,2023-11-22,11,2023,Coimbatore
order_00184,farmer_0026,consumer_0141,Potato,33.66,27.3,918.92,324.72,Delivered,2023-11-22,11,2023,Tirunelveli
order_02100,farmer_0011,consumer_0110,Groundnut,86.41,7.5,648.07,161.33,Delivered,2023-11-22,11,2023,Chennai
order_02757,farmer_0035,consumer_0001,Cabbage,19.65,5.0,98.25,29.98,On the way,2023-11-22,11,2023,Coimbatore
order_02486,farmer_0050,consumer_0157,Rice,29.44,4.0,117.76,41.76,Delivered,2023-11-22,11,2023,Thanjavur
order_02920,farmer_0001,consumer_0022,Potato,35.41,20.8,736.53,254.93,Delivered,2023-11-23,11,2023,Erode
order_02394,farmer_0007,consumer_0120,Banana,38.43,3.6,138.35,38.4,Delivered,2023-11-23,11,2023,Erode
order_00914,farmer_0043,consumer_0094,Chilli,112.17,5.7,639.37,138.9,Delivered,2023-11-23,11,2023,Chennai
order_00542,farmer_0014,consumer_0178,Chilli,106.61,42.2,4498.94,1665.6,Delivered,2023-11-23,11,2023,Tirunelveli
order_02483,farmer_0014,consumer_0112,Groundnut,90.42,8.8,795.7,295.15,Delivered,2023-11-24,11,2023,Tirunelveli
order_00246,farmer_0047,consumer_0152,Rice,31.36,4.2,131.71,34.92,Delivered,2023-11-25,11,2023,Erode
order_00334,farmer_0036,consumer_0166,Cotton,69.44,38.2,2652.61,641.6,Delivered,2023-11-25,11,2023,Vellore
order_01972,farmer_0003,consumer_0062,Groundnut,81.78,24.7,2019.97,713.93,Delivered,2023-11-25,11,2023,Thanjavur
order_00417,farmer_0020,consumer_0037,Banana,39.04,16.8,655.87,179.46,Processing,2023-11-25,11,2023,Chennai
order_02303,farmer_0019,consumer_0069,Carrot,61.71,37.9,2338.81,767.2,Delivered,2023-11-26,11,2023,Trichy
order_01746,farmer_0010,consumer_0076,Brinjal,27.37,16.2,443.39,108.82,Delivered,2023-11-26,11,2023,Trichy
order_01345,farmer_0041,consumer_0028,Potato,30.66,6.3,193.16,74.16,Delivered,2023-11-27,11,2023,Dindigul
order_02061,farmer_0048,consumer_0130,Cabbage,18.78,23.1,433.82,116.35,Delivered,2023-11-27,11,2023,Erode
order_00464,farmer_0023,consumer_0188,Banana,43.4,24.4,1058.96,225.49,Processing,2023-11-27,11,2023,Chennai
order_00062,farmer_0014,consumer_0142,Banana,43.08,61.5,2649.42,1012.42,Delivered,2023-11-27,11,2023,Salem
order_02528,farmer_0010,consumer_0176,Cabbage,20.44,39.2,801.25,241.85,Delivered,2023-11-28,11,2023,Dindigul
order_01803,farmer_0050,consumer_0086,Onion,30.41,12.3,374.04,140.62,Processing,2023-11-28,11,2023,Dindigul
order_01917,farmer_0027,consumer_0153,Banana,44.33,17.1,758.04,251.31,Delivered,2023-11-29,11,2023,Chennai
order_00713,farmer_0045,consumer_0137,Onion,32.35,9.7,313.8,71.91,On the way,2023-11-29,11,2023,Salem
order_00133,farmer_0002,consumer_0113,Banana,40.31,61.5,2479.07,727.28,On the way,2023-11-30,11,2023,Dindigul
order_00678,farmer_0023,consumer_0131,Coconut,24.99,4.4,109.96,37.27,Delivered,2023-11-30,11,2023,Trichy
order_00897,farmer_0049,consumer_0109,Onion,38.53,11.2,431.54,86.35,On the way,2023-12-01,12,2023,Salem
order_02961,farmer_0050,consumer_0061,Cotton,52.95,4.6,243.57,84.85,Delivered,2023-12-01,12,2023,Tirunelveli
order_01801,farmer_0035,consumer_0007,Groundnut,69.91,61.7,4313.45,1373.48,On the way,2023-12-01,12,2023,Vellore
order_01090,farmer_0046,consumer_0105,Chilli,108.48,3.5,379.68,151.76,Delivered,2023-12-01,12,2023,Coimbatore
order_00137,farmer_0039,consumer_0179,Tomato,49.57,7.8,386.65,116.94,Delivered,2023-12-02,12,2023,Thanjavur
order_02229,farmer_0023,consumer_0193,Cabbage,24.12,5.3,127.84,35.5,Delivered,2023-12-03,12,2023,Tirunelveli
order_02167,farmer_0023,consumer_0017,Carrot,56.86,9.6,545.86,132.24,Delivered,2023-12-03,12,2023,Erode
order_00939,farmer_0021,consumer_0048,Groundnut,65.27,13.3,868.09,218.89,Delivered,2023-12-03,12,2023,Thanjavur
order_00669,farmer_0038,consumer_0097,Carrot,72.44,12.3,891.01,238.1,Delivered,2023-12-04,12,2023,Coimbatore
order_01075,farmer_0033,consumer_0039,Banana,41.63,125.8,5237.05,1675.75,Delivered,2023-12-05,12,2023,Erode
order_00862,farmer_0037,consumer_0160,Banana,44.74,1.0,44.74,12.55,Delivered,2023-12-06,12,2023,Tirunelveli
order_00609,farmer_0018,consumer_0028,Brinjal,27.19,4.4,119.64,45.27,Delivered,2023-12-06,12,2023,Chennai
order_00308,farmer_0015,consumer_0193,Onion,43.57,20.9,910.61,297.75,Delivered,2023-12-06,12,2023,Madurai
order_01814,farmer_0045,consumer_0059,Rice,30.99,33.8,1047.46,357.22,Processing,2023-12-07,12,2023,Vellore
order_02834,farmer_0011,consumer_0083,Rice,32.16,35.6,1144.9,246.28,Delivered,2023-12-07,12,2023,Madurai
order_00783,farmer_0036,consumer_0174,Sugarcane,4.33,27.1,117.34,29.71,Delivered,2023-12-07,12,2023,Thanjavur
order_02756,farmer_0043,consumer_0137,Carrot,62.97,58.7,3696.34,1010.99,Delivered,2023-12-08,12,2023,Madurai
order_00444,farmer_0020,consumer_0068,Chilli,98.58,84.3,8310.29,1748.5,On the way,2023-12-08,12,2023,Erode
order_01571,farmer_0037,consumer_0013,Coconut,29.65,3.4,100.81,36.96,Delivered,2023-12-08,12,2023,Vellore
order_01489,farmer_0035,consumer_0134,Cabbage,24.16,1.0,24.16,4.86,Delivered,2023-12-09,12,2023,Coimbatore
order_01317,farmer_0024,consumer_0187,Cauliflower,44.16,86.3,3811.01,870.5,On the way,2023-12-09,12,2023,Thanjavur
order_02651,farmer_0008,consumer_0077,Carrot,64.24,1.1,70.66,26.84,Delivered,2023-12-10,12,2023,Chennai
order_02624,farmer_0035,consumer_0099,Cotton,59.74,28.2,1684.67,528.93,On the way,2023-12-10,12,2023,Coimbatore
order_02898,farmer_0013,consumer_0176,Cauliflower,38.56,18.2,701.79,180.7,On the way,2023-12-10,12,2023,Salem
order_01980,farmer_0008,consumer_0154,Carrot,64.58,19.2,1239.94,258.16,Delivered,2023-12-11,12,2023,Dindigul
order_01828,farmer_0050,consumer_0164,Coconut,30.02,34.1,1023.68,278.93,Delivered,2023-12-11,12,2023,Vellore
order_00097,farmer_0014,consumer_0024,Rice,32.24,33.9,1092.94,219.17,On the way,2023-12-11,12,2023,Dindigul
order_00320,farmer_0032,consumer_0195,Carrot,62.18,7.5,466.35,175.0,Delivered,2023-12-11,12,2023,Trichy
order_00035,farmer_0035,consumer_0138,Cotton,54.52,8.8,479.78,98.58,Delivered,2023-12-12,12,2023,Salem
order_01360,farmer_0001,consumer_0019,Banana,41.06,1.0,41.06,11.78,On the way,2023-12-12,12,2023,Dindigul
order_01881,farmer_0033,consumer_0194,Banana,38.86,19.2,746.11,253.14,Delivered,2023-12-13,12,2023,Erode
order_00033,farmer_0039,consumer_0193,Cauliflower,38.84,46.3,1798.29,463.41,Delivered,2023-12-13,12,2023,Coimbatore
order_01140,farmer_0023,consumer_0183,Coconut,28.72,12.6,361.87,131.7,Delivered,2023-12-14,12,2023,Chennai
order_01139,farmer_0036,consumer_0138,Brinjal,25.24,7.3,184.25,37.98,Delivered,2023-12-14,12,2023,Tirunelveli
order_01833,farmer_0018,consumer_0023,Onion,41.64,1.6,66.62,23.89,On the way,2023-12-14,12,2023,Trichy
order_01835,farmer_0009,consumer_0105,Groundnut,73.48,23.3,1712.08,627.13,Delivered,2023-12-15,12,2023,Tirunelveli
order_00437,farmer_0024,consumer_0113,Brinjal,27.21,23.5,639.44,226.0,Delivered,2023-12-16,12,2023,Dindigul
order_00126,farmer_0025,consumer_0040,Brinjal,28.89,54.1,1562.95,324.07,Delivered,2023-12-16,12,2023,Thanjavur
order_01495,farmer_0007,consumer_0036,Cotton,58.99,14.1,831.76,268.1,Delivered,2023-12-16,12,2023,Vellore
order_02924,farmer_0029,consumer_0065,Chilli,122.32,7.2,880.7,247.61,Delivered,2023-12-17,12,2023,Trichy
order_00781,farmer_0044,consumer_0108,Tomato,44.47,22.6,1005.02,276.29,Delivered,2023-12-17,12,2023,Coimbatore
order_00986,farmer_0021,consumer_0169,Cauliflower,42.65,42.1,1795.57,702.19,Delivered,2023-12-17,12,2023,Dindigul
order_00895,farmer_0026,consumer_0028,Chilli,121.69,36.6,4453.85,1071.26,Delivered,2023-12-17,12,2023,Erode
order_01261,farmer_0034,consumer_0032,Sugarcane,4.41,17.8,78.5,16.76,Delivered,2023-12-17,12,2023,Thanjavur
order_02943,farmer_0013,consumer_0163,Brinjal,27.97,1.9,53.14,20.0,Delivered,2023-12-18,12,2023,Trichy
order_00238,farmer_0011,consumer_0084,Cotton,55.09,5.9,325.03,120.41,Delivered,2023-12-18,12,2023,Thanjavur
order_01793,farmer_0050,consumer_0020,Carrot,64.69,7.7,498.11,158.9,On the way,2023-12-18,12,2023,Vellore
order_00630,farmer_0002,consumer_0129,Cabbage,20.98,17.9,375.54,132.67,Delivered,2023-12-18,12,2023,Thanjavur
order_00941,farmer_0045,consumer_0057,Potato,31.59,6.7,211.65,59.42,Delivered,2023-12-18,12,2023,Vellore
order_01827,farmer_0026,consumer_0124,Cotton,54.09,8.0,432.72,88.1,Delivered,2023-12-19,12,2023,Madurai
order_00426,farmer_0037,consumer_0197,Groundnut,70.95,13.8,979.11,249.34,Delivered,2023-12-19,12,2023,Madurai
order_01054,farmer_0033,consumer_0010,Cotton,57.09,17.5,999.08,208.27,Delivered,2023-12-19,12,2023,Dindigul
order_00985,farmer_0040,consumer_0055,Potato,28.63,14.1,403.68,93.27,Delivered,2023-12-20,12,2023,Tirunelveli
order_01394,farmer_0003,consumer_0123,Sugarcane,4.67,9.2,42.96,9.58,Delivered,2023-12-21,12,2023,Vellore
order_00594,farmer_0019,consumer_0164,Lady Finger,41.51,10.3,427.55,95.53,Delivered,2023-12-22,12,2023,Salem
order_00386,farmer_0035,consumer_0008,Lady Finger,39.74,1.0,39.74,13.04,Delivered,2023-12-22,12,2023,Chennai
order_01547,farmer_0001,consumer_0074,Cotton,51.47,6.1,313.97,92.93,Delivered,2023-12-23,12,2023,Thanjavur
order_02162,farmer_0009,consumer_0033,Banana,37.89,26.8,1015.45,367.86,Delivered,2023-12-23,12,2023,Madurai
order_01238,farmer_0049,consumer_0193,Cauliflower,42.15,3.6,151.74,59.48,Delivered,2023-12-23,12,2023,Salem
order_02205,farmer_0038,consumer_0092,Banana,42.27,14.2,600.23,209.53,Delivered,2023-12-23,12,2023,Salem
order_00993,farmer_0022,consumer_0064,Potato,33.97,18.2,618.25,178.07,On the way,2023-12-24,12,2023,Dindigul
order_02289,farmer_0036,consumer_0157,Tomato,48.85,7.7,376.15,81.62,Delivered,2023-12-25,12,2023,Salem
order_00272,farmer_0034,consumer_0032,Onion,41.49,47.4,1966.63,592.63,Delivered,2023-12-25,12,2023,Madurai
order_01120,farmer_0049,consumer_0116,Onion,42.84,2.3,98.53,22.7,On the way,2023-12-25,12,2023,Tirunelveli
order_00163,farmer_0047,consumer_0038,Rice,29.76,29.6,880.9,190.99,Processing,2023-12-25,12,2023,Erode
order_01834,farmer_0039,consumer_0180,Carrot,63.6,3.2,203.52,64.88,Delivered,2023-12-25,12,2023,Tirunelveli
order_01439,farmer_0025,consumer_0192,Potato,31.8,8.0,254.4,58.11,Delivered,2023-12-26,12,2023,Trichy
order_01773,farmer_0038,consumer_0003,Chilli,110.21,3.7,407.78,158.22,Delivered,2023-12-26,12,2023,Salem
order_00852,farmer_0022,consumer_0092,Onion,41.59,63.4,2636.81,932.16,Delivered,2023-12-26,12,2023,Chennai
order_02622,farmer_0016,consumer_0123,Carrot,62.04,29.7,1842.59,381.5,Delivered,2023-12-26,12,2023,Tirunelveli
order_02605,farmer_0041,consumer_0199,Cabbage,25.37,4.2,106.55,36.28,Delivered,2023-12-27,12,2023,Salem
order_00626,farmer_0028,consumer_0043,Tomato,41.75,45.1,1882.92,485.13,Delivered,2023-12-27,12,2023,Salem
order_01677,farmer_0023,consumer_0145,Onion,44.59,8.5,379.02,135.41,Delivered,2023-12-28,12,2023,Chennai
order_02150,farmer_0041,consumer_0147,Groundnut,61.82,17.3,1069.49,369.44,Delivered,2023-12-28,12,2023,Vellore
order_02632,farmer_0009,consumer_0142,Rice,31.77,13.8,438.43,121.33,Delivered,2023-12-28,12,2023,Vellore
order_01188,farmer_0031,consumer_0086,Banana,39.3,95.2,3741.36,870.03,Delivered,2023-12-29,12,2023,Thanjavur
order_00373,farmer_0050,consumer_0046,Chilli,123.15,3.0,369.45,139.76,Delivered,2023-12-29,12,2023,Thanjavur
order_00752,farmer_0049,consumer_0136,Banana,42.9,15.7,673.53,192.11,Processing,2023-12-29,12,2023,Coimbatore
order_00147,farmer_0022,consumer_0129,Rice,29.99,13.6,407.86,144.21,Delivered,2023-12-31,12,2023,Chennai
order_02650,farmer_0031,consumer_0180,Cauliflower,36.92,13.8,509.5,182.95,Delivered,2023-12-31,12,2023,Thanjavur
order_00341,farmer_0013,consumer_0024,Banana,39.17,36.6,1433.62,400.83,Delivered,2023-12-31,12,2023,Coimbatore
order_02708,farmer_0007,consumer_0151,Chilli,107.33,50.1,5377.23,1306.81,On the way,2023-12-31,12,2023,Salem
order_00962,farmer_0040,consumer_0031,Banana,45.57,39.7,1809.13,543.47,Delivered,2023-12-31,12,2023,Coimbatore
order_01850,farmer_0025,consumer_0134,Brinjal,26.36,25.8,680.09,199.12,Delivered,2024-01-01,1,2024,Vellore
order_01774,farmer_0048,consumer_0106,Carrot,65.03,21.5,1398.14,331.97,Delivered,2024-01-02,1,2024,Dindigul
order_01257,farmer_0010,consumer_0118,Coconut,26.11,66.5,1736.32,624.15,Delivered,2024-01-02,1,2024,Vellore
order_00234,farmer_0020,consumer_0025,Potato,32.45,37.3,1210.38,257.95,Delivered,2024-01-02,1,2024,Erode
order_00628,farmer_0036,consumer_0195,Cabbage,22.27,38.9,866.3,265.77,Delivered,2024-01-02,1,2024,Vellore
order_02620,farmer_0050,consumer_0019,Cauliflower,38.26,28.8,1101.89,305.34,Processing,2024-01-02,1,2024,Chennai
order_01014,farmer_0020,consumer_0199,Tomato,37.35,33.9,1266.16,368.54,Delivered,2024-01-02,1,2024,Thanjavur
order_00629,farmer_0016,consumer_0003,Sugarcane,3.91,2.4,9.38,2.16,Delivered,2024-01-02,1,2024,Vellore
order_00363,farmer_0032,consumer_0187,Rice,34.04,7.3,248.49,91.23,Processing,2024-01-03,1,2024,Coimbatore
order_01477,farmer_0016,consumer_0141,Chilli,139.61,22.5,3141.23,797.97,Delivered,2024-01-03,1,2024,Chennai
order_00151,farmer_0007,consumer_0120,Groundnut,67.75,3.2,216.8,50.45,Delivered,2024-01-03,1,2024,Coimbatore
order_01820,farmer_0020,consumer_0198,Carrot,62.21,2.4,149.3,51.84,Delivered,2024-01-05,1,2024,Thanjavur
order_02910,farmer_0009,consumer_0044,Tomato,37.8,7.8,294.84,61.45,Delivered,2024-01-05,1,2024,Coimbatore
order_01753,farmer_0012,consumer_0086,Coconut,26.56,19.4,515.26,142.55,On the way,2024-01-06,1,2024,Trichy
order_00601,farmer_0004,consumer_0011,Potato,31.48,19.1,601.27,135.04,Delivered,2024-01-06,1,2024,Coimbatore
order_02974,farmer_0007,consumer_0046,Tomato,39.11,16.1,629.67,250.07,Delivered,2024-01-06,1,2024,Madurai
order_02646,farmer_0024,consumer_0157,Carrot,58.53,7.0,409.71,98.69,Delivered,2024-01-06,1,2024,Tirunelveli
order_00438,farmer_0032,consumer_0172,Carrot,67.49,17.2,1160.83,336.02,Processing,2024-01-08,1,2024,Dindigul
order_02891,farmer_0046,consumer_0105,Sugarcane,3.58,79.4,284.25,109.28,Delivered,2024-01-08,1,2024,Coimbatore
order_01043,farmer_0044,consumer_0091,Groundnut,69.52,1.0,69.52,18.76,Delivered,2024-01-08,1,2024,Erode
order_02031,farmer_0045,consumer_0001,Coconut,26.97,10.2,275.09,56.21,Processing,2024-01-09,1,2024,Coimbatore
order_00233,farmer_0033,consumer_0121,Cotton,52.15,12.3,641.45,190.84,Delivered,2024-01-09,1,2024,Erode
order_01169,farmer_0018,consumer_0085,Cauliflower,37.42,32.6,1219.89,244.83,Delivered,2024-01-09,1,2024,Dindigul
order_01060,farmer_0033,consumer_0172,Groundnut,67.74,7.1,480.95,116.48,Delivered,2024-01-10,1,2024,Dindigul
order_01469,farmer_0003,consumer_0073,Rice,35.79,15.8,565.48,115.03,Delivered,2024-01-10,1,2024,Madurai
order_01342,farmer_0032,consumer_0171,Cauliflower,43.12,9.2,396.7,135.36,Delivered,2024-01-10,1,2024,Tirunelveli
order_00235,farmer_0015,consumer_0055,Chilli,144.29,1.1,158.72,37.89,On the way,2024-01-10,1,2024,Trichy
order_01211,farmer_0014,consumer_0187,Rice,32.27,17.8,574.41,122.78,Delivered,2024-01-11,1,2024,Vellore
order_01617,farmer_0032,consumer_0077,Rice,33.25,83.0,2759.75,649.9,Processing,2024-01-11,1,2024,Madurai
order_02502,farmer_0045,consumer_0014,Cauliflower,42.18,15.2,641.14,231.6,Delivered,2024-01-11,1,2024,Thanjavur
order_01405,farmer_0043,consumer_0190,Banana,40.46,6.1,246.81,58.77,Delivered,2024-01-11,1,2024,Madurai
order_01830,farmer_0007,consumer_0137,Potato,35.32,5.6,197.79,73.96,Processing,2024-01-11,1,2024,Madurai
order_02228,farmer_0010,consumer_0192,Groundnut,71.58,41.5,2970.57,786.2,Delivered,2024-01-12,1,2024,Dindigul
order_00407,farmer_0047,consumer_0113,Rice,31.8,55.5,1764.9,574.37,Delivered,2024-01-12,1,2024,Chennai
order_01959,farmer_0020,consumer_0071,Banana,42.62,42.4,1807.09,654.3,Delivered,2024-01-12,1,2024,Erode
order_01548,farmer_0012,consumer_0032,Groundnut,67.59,45.8,3095.62,814.75,Processing,2024-01-12,1,2024,Erode
order_02466,farmer_0041,consumer_0047,Tomato,40.22,14.3,575.15,145.16,Delivered,2024-01-12,1,2024,Thanjavur
order_00688,farmer_0017,consumer_0107,Cabbage,22.6,27.2,614.72,123.86,Delivered,2024-01-12,1,2024,Coimbatore
order_01909,farmer_0018,consumer_0023,Carrot,64.93,9.3,603.85,198.25,Delivered,2024-01-12,1,2024,Coimbatore
order_02596,farmer_0005,consumer_0162,Onion,38.34,3.8,145.69,38.54,Delivered,2024-01-13,1,2024,Trichy
order_02305,farmer_0017,consumer_0045,Coconut,28.7,57.2,1641.64,407.25,On the way,2024-01-13,1,2024,Salem
order_01347,farmer_0026,consumer_0015,Potato,31.85,73.2,2331.42,549.58,Delivered,2024-01-13,1,2024,Tirunelveli
order_01100,farmer_0017,consumer_0140,Carrot,67.07,5.3,355.47,136.44,Delivered,2024-01-14,1,2024,Tirunelveli
order_01000,farmer_0004,consumer_0193,Chilli,139.99,21.8,3051.78,754.89,Delivered,2024-01-14,1,2024,Chennai
order_00517,farmer_0007,consumer_0191,Rice,31.79,23.6,750.24,166.96,Delivered,2024-01-14,1,2024,Salem
order_00836,farmer_0002,consumer_0151,Cauliflower,39.28,39.9,1567.27,378.87,Processing,2024-01-14,1,2024,Coimbatore
order_01186,farmer_0044,consumer_0166,Groundnut,71.98,1.9,136.76,48.8,Processing,2024-01-14,1,2024,Thanjavur
order_01365,farmer_0044,consumer_0196,Cotton,51.1,21.0,1073.1,242.92,Delivered,2024-01-15,1,2024,Chennai
order_00735,farmer_0007,consumer_0162,Potato,30.79,17.2,529.59,174.6,Delivered,2024-01-15,1,2024,Chennai
order_02022,farmer_0045,consumer_0123,Cotton,58.96,45.6,2688.58,1059.61,Delivered,2024-01-16,1,2024,Erode
order_02024,farmer_0028,consumer_0126,Carrot,65.19,4.0,260.76,60.7,Delivered,2024-01-16,1,2024,Salem
order_02565,farmer_0039,consumer_0102,Chilli,139.68,73.7,10294.42,2667.33,On the way,2024-01-16,1,2024,Thanjavur
order_00130,farmer_0021,consumer_0096,Coconut,27.17,89.3,2426.28,715.85,Delivered,2024-01-17,1,2024,Dindigul
order_01433,farmer_0004,consumer_0031,Cotton,54.86,20.5,1124.63,247.36,Processing,2024-01-17,1,2024,Thanjavur
order_01332,farmer_0032,consumer_0064,Coconut,29.11,52.1,1516.63,477.92,Delivered,2024-01-17,1,2024,Vellore
order_01609,farmer_0023,consumer_0068,Tomato,35.74,1.1,39.31,12.15,Delivered,2024-01-17,1,2024,Madurai
order_01327,farmer_0013,consumer_0031,Banana,41.37,5.1,210.99,55.69,Delivered,2024-01-17,1,2024,Tirunelveli
order_02027,farmer_0021,consumer_0062,Tomato,34.95,14.8,517.26,193.31,Delivered,2024-01-17,1,2024,Madurai
order_02029,farmer_0016,consumer_0160,Cabbage,22.92,29.7,680.72,171.31,Delivered,2024-01-18,1,2024,Madurai
order_02702,farmer_0024,consumer_0051,Coconut,26.2,23.6,618.32,124.74,Delivered,2024-01-20,1,2024,Trichy
order_02598,farmer_0045,consumer_0139,Sugarcane,3.74,6.9,25.81,7.26,Processing,2024-01-20,1,2024,Tirunelveli
order_02628,farmer_0020,consumer_0173,Sugarcane,3.72,45.1,167.77,42.62,On the way,2024-01-20,1,2024,Thanjavur
order_02375,farmer_0049,consumer_0024,Cabbage,24.21,18.0,435.78,99.84,Delivered,2024-01-20,1,2024,Dindigul
order_02460,farmer_0048,consumer_0137,Tomato,36.11,49.6,1791.06,684.95,Delivered,2024-01-20,1,2024,Chennai
order_00124,farmer_0019,consumer_0067,Cabbage,22.46,10.2,229.09,58.32,On the way,2024-01-21,1,2024,Erode
order_01323,farmer_0018,consumer_0016,Groundnut,66.79,38.2,2551.38,609.77,Processing,2024-01-21,1,2024,Chennai
order_02032,farmer_0034,consumer_0072,Groundnut,64.69,36.9,2387.06,586.24,Delivered,2024-01-22,1,2024,Trichy
order_01855,farmer_0003,consumer_0044,Carrot,70.86,7.5,531.45,124.62,Delivered,2024-01-22,1,2024,Trichy
order_00266,farmer_0012,consumer_0026,Potato,33.39,4.5,150.25,53.28,On the way,2024-01-22,1,2024,Chennai
order_01291,farmer_0023,consumer_0003,Carrot,52.85,41.6,2198.56,755.11,Delivered,2024-01-22,1,2024,Trichy
order_01073,farmer_0039,consumer_0104,Cabbage,25.39,29.8,756.62,208.86,Processing,2024-01-22,1,2024,Coimbatore
order_02588,farmer_0008,consumer_0100,Chilli,147.48,18.0,2654.64,953.2,Delivered,2024-01-22,1,2024,Salem
order_00404,farmer_0003,consumer_0146,Cotton,56.12,4.0,224.48,79.4,Delivered,2024-01-23,1,2024,Chennai
order_02025,farmer_0046,consumer_0155,Rice,33.27,23.5,781.85,289.33,On the way,2024-01-24,1,2024,Erode
order_02391,farmer_0005,consumer_0151,Chilli,124.04,64.1,7950.96,1996.62,Delivered,2024-01-24,1,2024,Vellore
order_00340,farmer_0045,consumer_0165,Onion,40.73,33.5,1364.45,431.67,Delivered,2024-01-24,1,2024,Thanjavur
order_01335,farmer_0012,consumer_0001,Rice,29.95,10.7,320.46,121.37,Delivered,2024-01-25,1,2024,Trichy
order_00042,farmer_0041,consumer_0010,Chilli,133.56,25.7,3432.49,1264.14,Delivered,2024-01-25,1,2024,Chennai
order_00224,farmer_0009,consumer_0134,Onion,40.61,24.6,999.01,346.32,Delivered,2024-01-25,1,2024,Trichy
order_01511,farmer_0022,consumer_0124,Tomato,39.24,48.8,1914.91,718.07,Delivered,2024-01-25,1,2024,Trichy
order_00798,farmer_0029,consumer_0138,Onion,38.53,15.8,608.77,180.29,Delivered,2024-01-25,1,2024,Vellore
order_00469,farmer_0045,consumer_0091,Sugarcane,3.35,19.6,65.66,16.13,On the way,2024-01-25,1,2024,Tirunelveli
order_00260,farmer_0028,consumer_0071,Carrot,61.74,8.2,506.27,177.39,Delivered,2024-01-26,1,2024,Erode
order_00122,farmer_0020,consumer_0014,Banana,36.79,14.5,533.46,186.43,Delivered,2024-01-27,1,2024,Tirunelveli
order_00274,farmer_0033,consumer_0093,Groundnut,64.81,6.8,440.71,106.68,Processing,2024-01-27,1,2024,Erode
order_02733,farmer_0010,consumer_0157,Cotton,49.0,1.0,49.0,15.25,Delivered,2024-01-27,1,2024,Vellore
order_02230,farmer_0048,consumer_0150,Rice,31.72,17.7,561.44,179.42,Delivered,2024-01-27,1,2024,Dindigul
order_02772,farmer_0048,consumer_0084,Groundnut,62.97,9.5,598.22,219.8,Processing,2024-01-28,1,2024,Dindigul
order_00822,farmer_0002,consumer_0172,Banana,39.01,62.2,2426.42,950.78,Delivered,2024-01-28,1,2024,Coimbatore
order_01887,farmer_0012,consumer_0197,Brinjal,27.98,13.5,377.73,146.82,Delivered,2024-01-28,1,2024,Thanjavur
order_00348,farmer_0038,consumer_0103,Lady Finger,45.95,45.7,2099.92,593.15,Delivered,2024-01-29,1,2024,Dindigul
order_00880,farmer_0010,consumer_0062,Cabbage,21.4,4.2,89.88,31.95,Delivered,2024-01-29,1,2024,Dindigul
order_02618,farmer_0041,consumer_0035,Cauliflower,43.19,20.1,868.12,254.79,Delivered,2024-01-30,1,2024,Trichy
order_00582,farmer_0026,consumer_0116,Tomato,35.89,10.0,358.9,119.99,Delivered,2024-01-30,1,2024,Dindigul
order_00092,farmer_0028,consumer_0150,Cauliflower,38.93,43.1,1677.88,427.72,Delivered,2024-01-30,1,2024,Trichy
order_01095,farmer_0037,consumer_0107,Cabbage,23.5,19.2,451.2,153.14,Delivered,2024-01-31,1,2024,Tirunelveli
order_00116,farmer_0047,consumer_0069,Onion,36.48,15.2,554.5,202.4,Delivered,2024-01-31,1,2024,Coimbatore
order_01018,farmer_0023,consumer_0185,Tomato,33.47,13.0,435.11,147.99,Delivered,2024-02-01,2,2024,Tirunelveli
order_01800,farmer_0011,consumer_0076,Carrot,49.61,30.7,1523.03,534.6,On the way,2024-02-01,2,2024,Salem
order_02408,farmer_0014,consumer_0174,Potato,24.68,18.5,456.58,118.27,Delivered,2024-02-01,2,2024,Chennai
order_01778,farmer_0022,consumer_0176,Cauliflower,31.14,1.2,37.37,10.8,Delivered,2024-02-02,2,2024,Chennai
order_02825,farmer_0013,consumer_0013,Cotton,55.61,6.7,372.59,120.13,Processing,2024-02-02,2,2024,Dindigul
order_01837,farmer_0019,consumer_0166,Groundnut,69.91,25.3,1768.72,419.23,Delivered,2024-02-02,2,2024,Chennai
order_02081,farmer_0018,consumer_0040,Groundnut,64.57,19.6,1265.57,264.65,Delivered,2024-02-02,2,2024,Salem
order_00867,farmer_0007,consumer_0048,Cotton,54.82,41.8,2291.48,895.18,Delivered,2024-02-03,2,2024,Salem
order_02589,farmer_0016,consumer_0020,Cotton,57.19,16.2,926.48,263.42,On the way,2024-02-03,2,2024,Erode
order_02020,farmer_0032,consumer_0068,Rice,33.22,33.6,1116.19,419.93,Delivered,2024-02-03,2,2024,Thanjavur
order_00938,farmer_0037,consumer_0027,Cabbage,22.83,16.7,381.26,117.9,Delivered,2024-02-03,2,2024,Vellore
order_00229,farmer_0049,consumer_0117,Cotton,53.71,17.9,961.41,305.52,Delivered,2024-02-03,2,2024,Chennai
order_01175,farmer_0019,consumer_0142,Chilli,128.3,11.7,1501.11,429.29,Delivered,2024-02-03,2,2024,Madurai
order_00894,farmer_0006,consumer_0034,Onion,40.52,1.4,56.73,13.6,Delivered,2024-02-04,2,2024,Vellore
order_01443,farmer_0020,consumer_0114,Sugarcane,3.37,1.1,3.71,0.89,Delivered,2024-02-05,2,2024,Chennai
order_01701,farmer_0010,consumer_0119,Brinjal,25.21,8.2,206.72,63.95,Processing,2024-02-05,2,2024,Salem
order_02560,farmer_0031,consumer_0192,Onion,38.84,8.0,310.72,95.98,Delivered,2024-02-05,2,2024,Trichy
order_00515,farmer_0008,consumer_0167,Chilli,135.47,52.5,7112.18,1887.66,Delivered,2024-02-05,2,2024,Trichy
order_01313,farmer_0027,consumer_0030,Coconut,26.16,33.4,873.74,218.05,Delivered,2024-02-05,2,2024,Trichy
order_00627,farmer_0050,consumer_0026,Tomato,33.29,74.4,2476.78,793.87,Processing,2024-02-05,2,2024,Trichy
order_01274,farmer_0048,consumer_0161,Sugarcane,3.56,10.5,37.38,12.72,Delivered,2024-02-06,2,2024,Chennai
order_00930,farmer_0042,consumer_0137,Carrot,50.86,28.1,1429.17,427.01,Delivered,2024-02-06,2,2024,Vellore
order_01988,farmer_0019,consumer_0100,Cauliflower,32.05,2.6,83.33,18.0,Delivered,2024-02-07,2,2024,Coimbatore
order_00694,farmer_0003,consumer_0117,Cauliflower,33.32,2.3,76.64,21.99,Delivered,2024-02-07,2,2024,Dindigul
order_01955,farmer_0023,consumer_0016,Brinjal,26.84,18.1,485.8,159.57,Processing,2024-02-07,2,2024,Salem
order_00218,farmer_0041,consumer_0004,Coconut,28.11,56.0,1574.16,427.07,Delivered,2024-02-08,2,2024,Thanjavur
order_00082,farmer_0003,consumer_0109,Potato,25.04,12.0,300.48,86.39,Delivered,2024-02-09,2,2024,Erode
order_01847,farmer_0042,consumer_0159,Cabbage,20.25,33.2,672.3,240.21,On the way,2024-02-10,2,2024,Trichy
order_02972,farmer_0033,consumer_0026,Brinjal,28.83,41.0,1182.03,295.06,Delivered,2024-02-10,2,2024,Salem
order_00019,farmer_0001,consumer_0043,Brinjal,26.41,3.1,81.87,31.11,Delivered,2024-02-10,2,2024,Coimbatore
order_00497,farmer_0011,consumer_0151,Banana,38.28,69.2,2648.98,903.99,Delivered,2024-02-10,2,2024,Madurai
order_00832,farmer_0042,consumer_0083,Onion,42.63,24.9,1061.49,316.87,On the way,2024-02-10,2,2024,Salem
order_00045,farmer_0034,consumer_0186,Potato,26.11,39.3,1026.12,335.49,Processing,2024-02-11,2,2024,Salem
order_01958,farmer_0030,consumer_0011,Carrot,50.15,11.9,596.78,180.9,On the way,2024-02-11,2,2024,Salem
order_02845,farmer_0004,consumer_0025,Rice,29.51,52.2,1540.42,382.93,Delivered,2024-02-11,2,2024,Coimbatore
order_01473,farmer_0004,consumer_0057,Sugarcane,3.76,57.9,217.7,48.37,Delivered,2024-02-12,2,2024,Tirunelveli
order_01202,farmer_0028,consumer_0152,Potato,28.48,110.7,3152.74,658.2,Delivered,2024-02-13,2,2024,Vellore
order_02621,farmer_0018,consumer_0047,Coconut,29.22,6.7,195.77,51.62,Delivered,2024-02-13,2,2024,Dindigul
order_01763,farmer_0021,consumer_0153,Brinjal,29.43,17.8,523.85,165.3,Delivered,2024-02-14,2,2024,Erode
order_01938,farmer_0049,consumer_0154,Chilli,142.4,1.0,142.4,45.66,Delivered,2024-02-14,2,2024,Coimbatore
order_00491,farmer_0039,consumer_0155,Carrot,47.56,60.6,2882.14,1051.48,Delivered,2024-02-14,2,2024,Coimbatore
order_01977,farmer_0030,consumer_0077,Potato,26.72,2.4,64.13,13.54,On the way,2024-02-14,2,2024,Trichy
order_00704,farmer_0022,consumer_0166,Potato,25.75,21.5,553.62,112.3,Delivered,2024-02-15,2,2024,Salem
order_02246,farmer_0022,consumer_0078,Onion,43.9,30.7,1347.73,339.04,Delivered,2024-02-15,2,2024,Thanjavur
order_02680,farmer_0027,consumer_0111,Cauliflower,32.09,2.4,77.02,28.73,On the way,2024-02-15,2,2024,Chennai
order_01415,farmer_0040,consumer_0060,Rice,32.28,9.3,300.2,68.05,Delivered,2024-02-16,2,2024,Chennai
order_02731,farmer_0042,consumer_0170,Tomato,38.0,6.1,231.8,53.68,Processing,2024-02-17,2,2024,Erode
order_00400,farmer_0032,consumer_0052,Groundnut,67.94,8.3,563.9,219.94,Delivered,2024-02-18,2,2024,Madurai
order_01362,farmer_0028,consumer_0159,Onion,40.44,3.6,145.58,45.76,Delivered,2024-02-18,2,2024,Tirunelveli
order_00243,farmer_0019,consumer_0096,Tomato,33.27,1.6,53.23,12.87,Delivered,2024-02-19,2,2024,Chennai
order_01286,farmer_0001,consumer_0129,Onion,37.56,8.1,304.24,117.98,Delivered,2024-02-20,2,2024,Chennai
order_02447,farmer_0019,consumer_0036,Brinjal,30.54,89.9,2745.55,881.14,Delivered,2024-02-20,2,2024,Coimbatore
order_01516,farmer_0023,consumer_0100,Chilli,131.65,4.0,526.6,107.14,Delivered,2024-02-21,2,2024,Trichy
order_00141,farmer_0010,consumer_0176,Rice,33.56,8.6,288.62,82.92,Delivered,2024-02-21,2,2024,Thanjavur
order_02422,farmer_0033,consumer_0183,Cabbage,25.35,1.9,48.16,11.76,Delivered,2024-02-21,2,2024,Salem
order_00390,farmer_0040,consumer_0004,Onion,34.75,62.7,2178.83,651.59,Delivered,2024-02-21,2,2024,Chennai
order_01520,farmer_0008,consumer_0013,Onion,40.31,17.7,713.49,203.73,Delivered,2024-02-22,2,2024,Salem
order_02701,farmer_0024,consumer_0020,Onion,37.86,40.6,1537.12,335.15,On the way,2024-02-22,2,2024,Thanjavur
order_01496,farmer_0037,consumer_0042,Brinjal,26.52,39.0,1034.28,270.58,Delivered,2024-02-23,2,2024,Vellore
order_01687,farmer_0010,consumer_0067,Brinjal,27.01,18.8,507.79,199.46,Delivered,2024-02-24,2,2024,Salem
order_02088,farmer_0049,consumer_0177,Brinjal,27.4,7.2,197.28,53.42,Delivered,2024-02-24,2,2024,Erode
order_00793,farmer_0045,consumer_0163,Brinjal,29.64,3.0,88.92,20.27,Delivered,2024-02-25,2,2024,Coimbatore
order_01789,farmer_0048,consumer_0161,Chilli,145.64,33.2,4835.25,1535.78,Delivered,2024-02-25,2,2024,Dindigul
order_01717,farmer_0022,consumer_0136,Onion,41.87,53.9,2256.79,883.85,Delivered,2024-02-26,2,2024,Madurai
order_02792,farmer_0018,consumer_0159,Chilli,143.83,52.3,7522.31,2515.74,Delivered,2024-02-26,2,2024,Thanjavur
order_02744,farmer_0027,consumer_0166,Onion,38.5,8.6,331.1,92.0,Delivered,2024-02-26,2,2024,Madurai
order_00746,farmer_0042,consumer_0032,Chilli,129.91,6.7,870.4,251.91,On the way,2024-02-27,2,2024,Vellore
order_01892,farmer_0044,consumer_0171,Tomato,32.95,7.4,243.83,83.78,Delivered,2024-02-27,2,2024,Salem
order_01566,farmer_0011,consumer_0134,Cotton,53.11,6.9,366.46,104.47,Delivered,2024-02-27,2,2024,Tirunelveli
order_01796,farmer_0016,consumer_0092,Rice,31.35,14.4,451.44,105.94,Delivered,2024-02-27,2,2024,Coimbatore
order_01976,farmer_0022,consumer_0185,Sugarcane,3.8,15.6,59.28,22.13,Delivered,2024-02-28,2,2024,Tirunelveli
order_01481,farmer_0025,consumer_0173,Cauliflower,31.77,11.5,365.36,137.52,Delivered,2024-02-28,2,2024,Salem
order_02771,farmer_0012,consumer_0016,Carrot,50.76,34.3,1741.07,470.42,Delivered,2024-02-28,2,2024,Coimbatore
order_02149,farmer_0031,consumer_0182,Cauliflower,30.44,27.3,831.01,216.04,Delivered,2024-02-29,2,2024,Trichy
order_02587,farmer_0005,consumer_0110,Onion,39.27,13.1,514.44,169.05,Processing,2024-02-29,2,2024,Erode
order_02997,farmer_0026,consumer_0169,Lady Finger,36.42,2.8,101.98,21.18,Delivered,2024-02-29,2,2024,Coimbatore
order_00225,farmer_0038,consumer_0123,Tomato,36.4,16.9,615.16,151.03,Delivered,2024-03-01,3,2024,Erode
order_00075,farmer_0016,consumer_0022,Potato,26.65,6.8,181.22,67.59,Delivered,2024-03-01,3,2024,Madurai
order_01653,farmer_0002,consumer_0005,Tomato,36.76,10.3,378.63,133.38,Processing,2024-03-02,3,2024,Thanjavur
order_02432,farmer_0008,consumer_0103,Banana,38.13,1.5,57.2,20.87,Delivered,2024-03-02,3,2024,Salem
order_02214,farmer_0045,consumer_0105,Chilli,128.32,22.1,2835.87,885.47,Delivered,2024-03-02,3,2024,Madurai
order_00966,farmer_0003,consumer_0134,Onion,32.6,13.8,449.88,90.48,Delivered,2024-03-02,3,2024,Salem
order_02421,farmer_0022,consumer_0154,Chilli,131.79,11.1,1462.87,488.43,Delivered,2024-03-03,3,2024,Erode
order_02343,farmer_0035,consumer_0183,Carrot,47.68,63.5,3027.68,682.32,Delivered,2024-03-03,3,2024,Trichy
order_01448,farmer_0048,consumer_0082,Coconut,35.03,89.7,3142.19,728.96,Delivered,2024-03-04,3,2024,Tirunelveli
order_00972,farmer_0014,consumer_0045,Banana,42.78,101.7,4350.73,1696.53,Processing,2024-03-04,3,2024,Thanjavur
order_00280,farmer_0024,consumer_0159,Carrot,53.88,13.4,721.99,269.5,Delivered,2024-03-05,3,2024,Tirunelveli
order_00273,farmer_0039,consumer_0092,Cotton,54.27,56.5,3066.26,687.06,Delivered,2024-03-05,3,2024,Vellore
order_02636,farmer_0031,consumer_0104,Chilli,130.18,44.8,5832.06,1542.83,Processing,2024-03-05,3,2024,Vellore
order_00684,farmer_0024,consumer_0041,Banana,42.36,30.2,1279.27,484.99,Delivered,2024-03-05,3,2024,Tirunelveli
order_02317,farmer_0001,consumer_0102,Carrot,51.15,3.6,184.14,54.32,Delivered,2024-03-05,3,2024,Salem
order_00237,farmer_0011,consumer_0050,Cauliflower,34.37,39.7,1364.49,428.73,On the way,2024-03-06,3,2024,Tirunelveli
order_00745,farmer_0001,consumer_0106,Coconut,34.34,42.8,1469.75,504.78,Delivered,2024-03-06,3,2024,Coimbatore
order_02796,farmer_0050,consumer_0111,Banana,46.13,28.4,1310.09,429.36,Delivered,2024-03-06,3,2024,Thanjavur
order_02116,farmer_0029,consumer_0106,Groundnut,66.07,25.9,1711.21,515.25,Delivered,2024-03-06,3,2024,Salem
order_02888,farmer_0044,consumer_0007,Groundnut,68.58,5.1,349.76,90.66,Delivered,2024-03-06,3,2024,Salem
order_00999,farmer_0024,consumer_0171,Coconut,36.34,23.5,853.99,289.22,Delivered,2024-03-07,3,2024,Thanjavur
order_00127,farmer_0042,consumer_0175,Carrot,49.68,13.0,645.84,257.53,Delivered,2024-03-07,3,2024,Trichy
order_00129,farmer_0003,consumer_0030,Lady Finger,43.47,3.3,143.45,36.1,Delivered,2024-03-07,3,2024,Thanjavur
order_02472,farmer_0002,consumer_0099,Carrot,49.61,5.5,272.86,99.37,Delivered,2024-03-07,3,2024,Madurai
order_00031,farmer_0040,consumer_0081,Tomato,32.3,12.0,387.6,110.9,Delivered,2024-03-07,3,2024,Coimbatore
order_00149,farmer_0025,consumer_0168,Tomato,35.76,17.1,611.5,159.23,Processing,2024-03-08,3,2024,Madurai
order_00008,farmer_0050,consumer_0190,Carrot,49.77,10.6,527.56,190.77,Delivered,2024-03-09,3,2024,Thanjavur
order_02446,farmer_0001,consumer_0157,Coconut,35.48,1.0,35.48,11.88,Delivered,2024-03-10,3,2024,Tirunelveli
order_02033,farmer_0005,consumer_0155,Potato,23.21,31.9,740.4,290.46,Delivered,2024-03-11,3,2024,Dindigul
order_02218,farmer_0036,consumer_0085,Banana,41.57,6.8,282.68,109.69,Delivered,2024-03-11,3,2024,Thanjavur
order_02370,farmer_0037,consumer_0098,Rice,31.75,30.9,981.07,279.18,Delivered,2024-03-11,3,2024,Chennai
order_01091,farmer_0001,consumer_0088,Rice,32.82,13.1,429.94,126.84,Delivered,2024-03-12,3,2024,Madurai
order_01206,farmer_0009,consumer_0153,Carrot,51.65,20.3,1048.5,391.13,Delivered,2024-03-12,3,2024,Trichy
order_01209,farmer_0005,consumer_0010,Onion,31.0,27.0,837.0,318.34,Delivered,2024-03-12,3,2024,Trichy
order_02840,farmer_0033,consumer_0005,Onion,33.96,13.2,448.27,123.91,Delivered,2024-03-13,3,2024,Vellore
order_00786,farmer_0002,consumer_0051,Banana,45.46,12.3,559.16,215.41,Delivered,2024-03-14,3,2024,Tirunelveli
order_01643,farmer_0001,consumer_0129,Potato,27.09,55.8,1511.62,442.48,Delivered,2024-03-14,3,2024,Thanjavur
order_00951,farmer_0034,consumer_0025,Cauliflower,33.42,33.5,1119.57,406.97,Delivered,2024-03-15,3,2024,Salem
order_00389,farmer_0015,consumer_0183,Cauliflower,31.47,30.9,972.42,213.67,Delivered,2024-03-15,3,2024,Vellore
order_00769,farmer_0017,consumer_0003,Rice,34.65,17.1,592.51,144.39,Processing,2024-03-15,3,2024,Dindigul
order_00245,farmer_0018,consumer_0028,Cotton,54.59,34.4,1877.9,607.52,Delivered,2024-03-16,3,2024,Coimbatore
order_00054,farmer_0004,consumer_0144,Lady Finger,38.63,76.5,2955.2,1116.95,Delivered,2024-03-16,3,2024,Vellore
order_02376,farmer_0001,consumer_0020,Cauliflower,30.73,9.6,295.01,81.08,Delivered,2024-03-16,3,2024,Coimbatore
order_01613,farmer_0050,consumer_0062,Onion,30.74,18.4,565.62,131.17,Delivered,2024-03-16,3,2024,Thanjavur
order_02774,farmer_0011,consumer_0123,Cotton,50.88,11.2,569.86,148.77,Delivered,2024-03-16,3,2024,Tirunelveli
order_01364,farmer_0031,consumer_0060,Brinjal,26.25,39.3,1031.62,221.63,Delivered,2024-03-17,3,2024,Coimbatore
order_02357,farmer_0009,consumer_0019,Cotton,56.34,12.2,687.35,172.85,Delivered,2024-03-17,3,2024,Madurai
order_00828,farmer_0023,consumer_0050,Cauliflower,35.54,13.4,476.24,115.15,Delivered,2024-03-18,3,2024,Thanjavur
order_01993,farmer_0004,consumer_0085,Tomato,39.05,78.4,3061.52,1167.57,Delivered,2024-03-18,3,2024,Chennai
order_01267,farmer_0039,consumer_0040,Cotton,54.76,139.0,7611.64,1624.58,Delivered,2024-03-18,3,2024,Thanjavur
order_02842,farmer_0028,consumer_0132,Sugarcane,3.62,2.9,10.5,3.03,Delivered,2024-03-19,3,2024,Trichy
order_02382,farmer_0023,consumer_0130,Coconut,36.31,2.9,105.3,31.11,Delivered,2024-03-20,3,2024,Chennai
order_00984,farmer_0012,consumer_0008,Cotton,57.0,26.7,1521.9,586.17,Delivered,2024-03-20,3,2024,Vellore
order_00474,farmer_0010,consumer_0070,Potato,25.89,53.3,1379.94,302.16,Delivered,2024-03-20,3,2024,Vellore
order_00269,farmer_0029,consumer_0032,Rice,33.83,50.8,1718.56,609.18,Processing,2024-03-20,3,2024,Tirunelveli
order_02785,farmer_0044,consumer_0128,Sugarcane,3.78,14.5,54.81,17.07,Delivered,2024-03-21,3,2024,Erode
order_02051,farmer_0037,consumer_0174,Cauliflower,34.4,39.9,1372.56,543.79,Delivered,2024-03-21,3,2024,Erode
order_01942,farmer_0034,consumer_0148,Onion,33.84,5.3,179.35,46.65,Processing,2024-03-21,3,2024,Erode
order_00185,farmer_0021,consumer_0198,Chilli,132.24,14.0,1851.36,525.11,Delivered,2024-03-21,3,2024,Vellore
order_01246,farmer_0001,consumer_0019,Tomato,40.03,53.9,2157.62,500.86,Delivered,2024-03-22,3,2024,Erode
order_00616,farmer_0016,consumer_0184,Rice,32.2,30.1,969.22,254.75,Delivered,2024-03-22,3,2024,Trichy
order_02170,farmer_0049,consumer_0092,Groundnut,65.16,3.8,247.61,52.81,Delivered,2024-03-22,3,2024,Tirunelveli
order_01844,farmer_0023,consumer_0003,Banana,43.06,37.9,1631.97,557.71,Delivered,2024-03-23,3,2024,Chennai
order_02758,farmer_0003,consumer_0112,Lady Finger,40.45,20.4,825.18,190.49,Delivered,2024-03-23,3,2024,Thanjavur
order_00372,farmer_0044,consumer_0040,Lady Finger,42.18,51.7,2180.71,861.72,Processing,2024-03-23,3,2024,Dindigul
order_00736,farmer_0048,consumer_0175,Brinjal,27.65,2.1,58.06,20.07,On the way,2024-03-23,3,2024,Thanjavur
order_00508,farmer_0009,consumer_0129,Tomato,35.02,16.3,570.83,200.76,Delivered,2024-03-24,3,2024,Vellore
order_00621,farmer_0039,consumer_0136,Potato,27.63,76.9,2124.75,787.71,Delivered,2024-03-24,3,2024,Salem
order_01857,farmer_0022,consumer_0051,Potato,25.06,35.0,877.1,222.55,Delivered,2024-03-24,3,2024,Thanjavur
order_01856,farmer_0018,consumer_0020,Lady Finger,41.53,63.3,2628.85,759.89,Delivered,2024-03-24,3,2024,Erode
order_02559,farmer_0032,consumer_0054,Lady Finger,42.39,5.8,245.86,95.39,Delivered,2024-03-24,3,2024,Erode
order_00663,farmer_0010,consumer_0026,Cabbage,17.19,10.3,177.06,66.6,On the way,2024-03-24,3,2024,Thanjavur
order_02761,farmer_0018,consumer_0148,Chilli,139.14,40.3,5607.34,1659.36,Delivered,2024-03-24,3,2024,Vellore
order_01315,farmer_0007,consumer_0175,Groundnut,67.81,8.2,556.04,184.36,Delivered,2024-03-26,3,2024,Chennai
order_02163,farmer_0003,consumer_0019,Coconut,30.69,40.8,1252.15,317.71,Delivered,2024-03-26,3,2024,Salem
order_01440,farmer_0002,consumer_0093,Rice,32.24,37.3,1202.55,374.61,On the way,2024-03-27,3,2024,Trichy
order_01086,farmer_0045,consumer_0129,Cotton,50.94,44.2,2251.55,570.06,Delivered,2024-03-30,3,2024,Salem
order_02292,farmer_0046,consumer_0114,Onion,31.45,19.3,606.99,221.42,Delivered,2024-03-30,3,2024,Trichy
order_00305,farmer_0048,consumer_0091,Cabbage,18.15,5.4,98.01,34.81,On the way,2024-03-30,3,2024,Thanjavur
order_01782,farmer_0026,consumer_0194,Lady Finger,39.05,12.0,468.6,183.49,Processing,2024-03-31,3,2024,Vellore
order_01606,farmer_0019,consumer_0195,Lady Finger,41.56,12.1,502.88,174.23,On the way,2024-03-31,3,2024,Erode
order_02132,farmer_0018,consumer_0068,Carrot,47.47,1.0,47.47,14.4,Delivered,2024-03-31,3,2024,Chennai
order_00397,farmer_0011,consumer_0126,Potato,23.74,46.7,1108.66,237.37,On the way,2024-04-01,4,2024,Coimbatore
order_02895,farmer_0048,consumer_0195,Groundnut,66.93,10.8,722.84,216.42,Delivered,2024-04-01,4,2024,Erode
order_01497,farmer_0041,consumer_0163,Chilli,112.27,1.5,168.41,53.97,Delivered,2024-04-02,4,2024,Chennai
order_02403,farmer_0011,consumer_0124,Cotton,52.07,1.0,52.07,16.2,Delivered,2024-04-03,4,2024,Erode
order_01056,farmer_0038,consumer_0113,Coconut,32.44,2.5,81.1,26.73,On the way,2024-04-03,4,2024,Coimbatore
order_00882,farmer_0033,consumer_0112,Brinjal,28.51,10.4,296.5,59.36,Delivered,2024-04-03,4,2024,Dindigul
order_00354,farmer_0004,consumer_0118,Sugarcane,3.62,25.5,92.31,27.05,Delivered,2024-04-03,4,2024,Dindigul
order_01650,farmer_0021,consumer_0071,Onion,31.62,21.1,667.18,210.04,Delivered,2024-04-03,4,2024,Tirunelveli
order_02234,farmer_0008,consumer_0009,Groundnut,66.95,33.3,2229.43,543.29,On the way,2024-04-04,4,2024,Coimbatore
order_01390,farmer_0027,consumer_0033,Potato,27.6,14.2,391.92,82.13,Delivered,2024-04-04,4,2024,Dindigul
order_01281,farmer_0002,consumer_0167,Lady Finger,39.83,66.8,2660.64,602.38,Processing,2024-04-04,4,2024,Madurai
order_00217,farmer_0018,consumer_0156,Chilli,108.61,21.6,2345.98,614.32,On the way,2024-04-05,4,2024,Coimbatore
order_00583,farmer_0040,consumer_0131,Cabbage,19.33,27.4,529.64,185.23,On the way,2024-04-05,4,2024,Tirunelveli
order_02827,farmer_0047,consumer_0146,Groundnut,66.1,27.5,1817.75,477.58,Delivered,2024-04-05,4,2024,Tirunelveli
order_00174,farmer_0005,consumer_0157,Rice,32.16,13.0,418.08,85.13,Delivered,2024-04-05,4,2024,Trichy
order_02699,farmer_0015,consumer_0092,Cauliflower,28.47,3.1,88.26,31.48,Delivered,2024-04-07,4,2024,Coimbatore
order_00346,farmer_0010,consumer_0004,Cauliflower,34.14,14.5,495.03,142.6,Delivered,2024-04-07,4,2024,Trichy
order_01156,farmer_0016,consumer_0061,Coconut,36.23,17.7,641.27,204.23,On the way,2024-04-08,4,2024,Dindigul
order_02947,farmer_0002,consumer_0165,Tomato,36.88,10.7,394.62,100.25,Delivered,2024-04-08,4,2024,Trichy
order_01798,farmer_0046,consumer_0175,Onion,35.76,75.5,2699.88,1074.18,Delivered,2024-04-08,4,2024,Chennai
order_02237,farmer_0014,consumer_0122,Rice,33.82,4.2,142.04,34.99,Delivered,2024-04-08,4,2024,Tirunelveli
order_02853,farmer_0025,consumer_0077,Tomato,34.19,81.5,2786.48,1051.09,Delivered,2024-04-08,4,2024,Vellore
order_01337,farmer_0023,consumer_0009,Potato,24.68,32.0,789.76,224.8,Processing,2024-04-09,4,2024,Erode
order_02497,farmer_0030,consumer_0153,Chilli,117.12,8.8,1030.66,388.5,On the way,2024-04-09,4,2024,Trichy
order_01720,farmer_0007,consumer_0110,Sugarcane,3.56,3.0,10.68,3.14,Delivered,2024-04-09,4,2024,Chennai
order_02570,farmer_0023,consumer_0148,Groundnut,65.75,10.2,670.65,226.69,Processing,2024-04-09,4,2024,Madurai
order_02901,farmer_0040,consumer_0089,Banana,50.37,55.1,2775.39,932.56,Processing,2024-04-09,4,2024,Madurai
order_02291,farmer_0008,consumer_0171,Coconut,33.41,3.2,106.91,31.32,Delivered,2024-04-10,4,2024,Madurai
order_00590,farmer_0016,consumer_0145,Lady Finger,42.61,1.0,42.61,11.19,Delivered,2024-04-11,4,2024,Salem
order_01216,farmer_0041,consumer_0077,Chilli,99.25,11.3,1121.53,310.13,Delivered,2024-04-11,4,2024,Tirunelveli
order_00219,farmer_0003,consumer_0103,Cauliflower,33.52,17.9,600.01,208.97,Delivered,2024-04-12,4,2024,Coimbatore
order_00871,farmer_0043,consumer_0170,Banana,48.29,4.7,226.96,69.0,On the way,2024-04-12,4,2024,Dindigul
order_02950,farmer_0011,consumer_0104,Brinjal,27.31,6.7,182.98,54.08,On the way,2024-04-12,4,2024,Tirunelveli
order_02176,farmer_0049,consumer_0062,Cauliflower,32.24,88.9,2866.14,901.49,Delivered,2024-04-13,4,2024,Salem
order_00485,farmer_0016,consumer_0126,Cauliflower,37.09,1.0,37.09,12.67,Delivered,2024-04-13,4,2024,Dindigul
order_01271,farmer_0004,consumer_0065,Potato,24.92,4.5,112.14,25.46,Delivered,2024-04-13,4,2024,Coimbatore
order_00821,farmer_0035,consumer_0175,Cotton,54.29,84.8,4603.79,1584.74,Delivered,2024-04-14,4,2024,Madurai
order_02517,farmer_0036,consumer_0136,Banana,50.52,59.8,3021.1,1104.38,Delivered,2024-04-14,4,2024,Chennai
order_01750,farmer_0014,consumer_0026,Lady Finger,42.23,3.6,152.03,45.04,Delivered,2024-04-15,4,2024,Erode
order_01539,farmer_0023,consumer_0198,Brinjal,27.27,11.2,305.42,107.79,Delivered,2024-04-16,4,2024,Madurai
order_00307,farmer_0011,consumer_0096,Lady Finger,42.61,15.3,651.93,220.83,Delivered,2024-04-16,4,2024,Madurai
order_02629,farmer_0031,consumer_0095,Lady Finger,43.28,5.2,225.06,87.88,Delivered,2024-04-16,4,2024,Coimbatore
order_00268,farmer_0011,consumer_0109,Cauliflower,31.96,9.7,310.01,102.81,On the way,2024-04-16,4,2024,Trichy
order_02865,farmer_0013,consumer_0175,Lady Finger,41.51,30.0,1245.3,437.35,Delivered,2024-04-17,4,2024,Dindigul
order_02952,farmer_0046,consumer_0069,Groundnut,67.43,5.0,337.15,71.01,Delivered,2024-04-17,4,2024,Chennai
order_01802,farmer_0018,consumer_0193,Carrot,45.54,1.0,45.54,10.22,Delivered,2024-04-17,4,2024,Trichy
order_00617,farmer_0002,consumer_0176,Cauliflower,33.8,1.0,33.8,9.33,Delivered,2024-04-17,4,2024,Dindigul
order_02356,farmer_0040,consumer_0113,Potato,26.67,14.1,376.05,130.84,Delivered,2024-04-18,4,2024,Dindigul
order_00034,farmer_0014,consumer_0142,Cauliflower,33.49,66.2,2217.04,738.91,On the way,2024-04-19,4,2024,Thanjavur
order_00908,farmer_0008,consumer_0132,Cabbage,18.9,8.8,166.32,62.36,Delivered,2024-04-19,4,2024,Madurai
order_00535,farmer_0019,consumer_0094,Cotton,58.5,6.3,368.55,126.45,Delivered,2024-04-19,4,2024,Coimbatore
order_01838,farmer_0049,consumer_0022,Tomato,32.54,25.2,820.01,264.79,Processing,2024-04-19,4,2024,Dindigul
order_01529,farmer_0032,consumer_0021,Onion,30.3,11.3,342.39,105.07,Delivered,2024-04-19,4,2024,Madurai
order_02140,farmer_0028,consumer_0077,Tomato,38.14,69.1,2635.47,959.0,Delivered,2024-04-19,4,2024,Chennai
order_00317,farmer_0008,consumer_0139,Brinjal,26.06,29.1,758.35,251.84,Delivered,2024-04-20,4,2024,Dindigul
order_01897,farmer_0050,consumer_0072,Banana,51.88,1.5,77.82,24.3,Delivered,2024-04-20,4,2024,Salem
order_02691,farmer_0012,consumer_0148,Sugarcane,3.7,4.6,17.02,5.76,Processing,2024-04-21,4,2024,Madurai
order_01454,farmer_0047,consumer_0040,Groundnut,68.1,46.0,3132.6,899.61,Delivered,2024-04-21,4,2024,Tirunelveli
order_02498,farmer_0040,consumer_0195,Cotton,54.67,2.4,131.21,47.87,Delivered,2024-04-21,4,2024,Vellore
order_01222,farmer_0007,consumer_0119,Onion,33.28,47.2,1570.82,345.5,Processing,2024-04-23,4,2024,Thanjavur
order_01761,farmer_0050,consumer_0095,Coconut,30.47,26.1,795.27,187.11,Delivered,2024-04-23,4,2024,Salem
order_02299,farmer_0029,consumer_0012,Rice,36.54,19.4,708.88,205.91,Delivered,2024-04-23,4,2024,Coimbatore
order_01822,farmer_0036,consumer_0111,Rice,36.91,14.2,524.12,184.23,Delivered,2024-04-25,4,2024,Vellore
order_00003,farmer_0029,consumer_0029,Carrot,54.08,5.7,308.26,83.21,Processing,2024-04-25,4,2024,Thanjavur
order_02593,farmer_0036,consumer_0195,Cauliflower,34.06,42.4,1444.14,485.25,Delivered,2024-04-25,4,2024,Coimbatore
order_01334,farmer_0045,consumer_0198,Cauliflower,35.71,27.9,996.31,228.82,On the way,2024-04-25,4,2024,Erode
order_02413,farmer_0002,consumer_0005,Lady Finger,41.3,49.9,2060.87,492.45,Delivered,2024-04-25,4,2024,Dindigul
order_00503,farmer_0023,consumer_0087,Sugarcane,3.34,23.1,77.15,16.85,Delivered,2024-04-26,4,2024,Coimbatore
order_02544,farmer_0048,consumer_0051,Cotton,60.49,25.1,1518.3,356.44,Delivered,2024-04-28,4,2024,Coimbatore
order_02452,farmer_0043,consumer_0171,Groundnut,72.15,47.9,3455.99,990.1,Delivered,2024-04-28,4,2024,Vellore
order_01994,farmer_0028,consumer_0003,Groundnut,63.8,17.8,1135.64,236.56,Delivered,2024-04-29,4,2024,Vellore
order_00771,farmer_0017,consumer_0154,Chilli,109.19,18.5,2020.01,651.16,Processing,2024-04-29,4,2024,Thanjavur
order_02879,farmer_0017,consumer_0149,Cotton,47.17,40.5,1910.38,399.12,On the way,2024-04-29,4,2024,Tirunelveli
order_02849,farmer_0048,consumer_0155,Lady Finger,44.03,69.1,3042.47,1080.37,Delivered,2024-04-30,4,2024,Vellore
order_01601,farmer_0035,consumer_0192,Onion,31.78,3.8,120.76,44.23,Delivered,2024-04-30,4,2024,Erode
order_01512,farmer_0017,consumer_0191,Coconut,34.88,35.1,1224.29,396.39,Delivered,2024-04-30,4,2024,Coimbatore
order_00004,farmer_0044,consumer_0107,Onion,34.72,32.4,1124.93,270.89,Delivered,2024-04-30,4,2024,Coimbatore
order_00857,farmer_0036,consumer_0189,Banana,47.78,24.5,1170.61,345.77,Delivered,2024-05-01,5,2024,Thanjavur
order_00738,farmer_0043,consumer_0100,Brinjal,28.05,16.8,471.24,99.84,On the way,2024-05-02,5,2024,Salem
order_00296,farmer_0037,consumer_0124,Cabbage,16.1,13.6,218.96,50.88,Delivered,2024-05-02,5,2024,Erode
order_00195,farmer_0013,consumer_0083,Sugarcane,3.77,20.1,75.78,17.81,Delivered,2024-05-05,5,2024,Madurai
order_02293,farmer_0037,consumer_0004,Cauliflower,31.93,26.4,842.95,307.17,Delivered,2024-05-05,5,2024,Vellore
order_02672,farmer_0036,consumer_0122,Cotton,50.17,23.5,1179.0,348.09,Delivered,2024-05-06,5,2024,Trichy
order_02802,farmer_0043,consumer_0068,Banana,50.69,11.1,562.66,187.16,Delivered,2024-05-07,5,2024,Thanjavur
order_01048,farmer_0031,consumer_0005,Lady Finger,41.52,8.7,361.22,132.26,Delivered,2024-05-07,5,2024,Chennai
order_00809,farmer_0036,consumer_0118,Rice,32.33,14.6,472.02,133.13,Delivered,2024-05-07,5,2024,Dindigul
order_00680,farmer_0003,consumer_0021,Rice,36.28,63.2,2292.9,670.12,Delivered,2024-05-07,5,2024,Chennai
order_00772,farmer_0035,consumer_0043,Sugarcane,3.56,141.8,504.81,105.42,Delivered,2024-05-08,5,2024,Chennai
order_02799,farmer_0014,consumer_0093,Groundnut,77.22,9.0,694.98,180.48,On the way,2024-05-08,5,2024,Dindigul
order_00982,farmer_0036,consumer_0047,Groundnut,71.02,15.2,1079.5,373.41,Delivered,2024-05-08,5,2024,Erode
order_01576,farmer_0016,consumer_0137,Carrot,52.75,4.9,258.48,92.39,Processing,2024-05-08,5,2024,Madurai
order_00825,farmer_0012,consumer_0071,Chilli,109.83,13.6,1493.69,464.86,Delivered,2024-05-09,5,2024,Vellore
order_00023,farmer_0022,consumer_0152,Sugarcane,3.82,56.4,215.45,73.77,On the way,2024-05-09,5,2024,Dindigul
order_02678,farmer_0022,consumer_0063,Potato,24.36,3.0,73.08,25.5,Delivered,2024-05-10,5,2024,Thanjavur
order_02693,farmer_0010,consumer_0018,Coconut,35.78,20.0,715.6,232.3,Delivered,2024-05-10,5,2024,Trichy
order_02601,farmer_0031,consumer_0154,Carrot,58.67,10.0,586.7,118.36,Delivered,2024-05-11,5,2024,Tirunelveli
order_01680,farmer_0002,consumer_0023,Lady Finger,43.74,61.9,2707.51,824.37,Delivered,2024-05-11,5,2024,Madurai
order_02958,farmer_0042,consumer_0196,Carrot,50.24,28.4,1426.82,523.38,Delivered,2024-05-11,5,2024,Vellore
order_00665,farmer_0043,consumer_0017,Onion,29.33,45.8,1343.31,312.3,Delivered,2024-05-11,5,2024,Vellore
order_00313,farmer_0027,consumer_0101,Cotton,60.04,1.3,78.05,21.72,On the way,2024-05-11,5,2024,Dindigul
order_02998,farmer_0033,consumer_0122,Groundnut,68.12,12.2,831.06,258.44,On the way,2024-05-12,5,2024,Thanjavur
order_00144,farmer_0009,consumer_0082,Sugarcane,3.57,16.4,58.55,20.65,Processing,2024-05-12,5,2024,Madurai
order_02321,farmer_0032,consumer_0155,Rice,30.93,37.9,1172.25,284.07,Delivered,2024-05-13,5,2024,Erode
order_02582,farmer_0007,consumer_0044,Groundnut,68.28,46.0,3140.88,687.67,Delivered,2024-05-13,5,2024,Dindigul
order_00013,farmer_0024,consumer_0060,Cauliflower,32.51,17.9,581.93,154.64,Delivered,2024-05-14,5,2024,Erode
order_01387,farmer_0046,consumer_0067,Groundnut,73.71,9.2,678.13,237.75,On the way,2024-05-15,5,2024,Trichy
order_02655,farmer_0036,consumer_0014,Carrot,49.24,11.3,556.41,195.72,Delivered,2024-05-15,5,2024,Tirunelveli
order_00759,farmer_0036,consumer_0158,Banana,52.22,87.3,4558.81,1602.64,Delivered,2024-05-15,5,2024,Dindigul
order_01251,farmer_0035,consumer_0143,Chilli,111.72,66.0,7373.52,1482.99,Delivered,2024-05-15,5,2024,Tirunelveli
order_02542,farmer_0035,consumer_0080,Rice,31.42,10.9,342.48,87.73,Processing,2024-05-15,5,2024,Madurai
order_01465,farmer_0050,consumer_0189,Brinjal,26.02,28.8,749.38,274.56,Delivered,2024-05-15,5,2024,Tirunelveli
order_02869,farmer_0024,consumer_0132,Potato,24.74,25.6,633.34,150.66,Delivered,2024-05-15,5,2024,Dindigul
order_00207,farmer_0045,consumer_0114,Cotton,54.81,4.3,235.68,82.82,Delivered,2024-05-16,5,2024,Vellore
order_01349,farmer_0035,consumer_0015,Cabbage,19.65,34.3,673.99,143.78,Delivered,2024-05-16,5,2024,Trichy
order_02340,farmer_0016,consumer_0146,Tomato,35.5,61.9,2197.45,638.82,Delivered,2024-05-16,5,2024,Thanjavur
order_02813,farmer_0023,consumer_0183,Sugarcane,3.71,56.8,210.73,83.2,On the way,2024-05-17,5,2024,Vellore
order_01569,farmer_0035,consumer_0021,Carrot,49.78,39.0,1941.42,625.04,Delivered,2024-05-18,5,2024,Trichy
order_01839,farmer_0040,consumer_0046,Rice,32.91,22.1,727.31,199.39,On the way,2024-05-18,5,2024,Madurai
order_00428,farmer_0032,consumer_0081,Brinjal,28.31,83.6,2366.72,884.22,On the way,2024-05-18,5,2024,Dindigul
order_02611,farmer_0021,consumer_0079,Coconut,34.71,6.9,239.5,56.75,On the way,2024-05-18,5,2024,Chennai
order_02530,farmer_0021,consumer_0114,Onion,31.24,15.3,477.97,133.55,Delivered,2024-05-19,5,2024,Salem
order_01040,farmer_0022,consumer_0021,Onion,32.56,36.9,1201.46,253.24,Delivered,2024-05-19,5,2024,Chennai
order_02281,farmer_0050,consumer_0081,Cauliflower,33.01,20.5,676.7,182.31,Processing,2024-05-19,5,2024,Salem
order_00378,farmer_0032,consumer_0049,Chilli,106.48,68.6,7304.53,1995.15,On the way,2024-05-19,5,2024,Tirunelveli
order_01534,farmer_0046,consumer_0173,Sugarcane,3.8,25.8,98.04,31.72,Delivered,2024-05-19,5,2024,Vellore
order_01105,farmer_0045,consumer_0012,Chilli,116.49,1.5,174.73,59.3,Delivered,2024-05-19,5,2024,Vellore
order_02236,farmer_0038,consumer_0009,Groundnut,68.11,3.6,245.2,76.88,Delivered,2024-05-20,5,2024,Coimbatore
order_02393,farmer_0049,consumer_0131,Rice,31.73,54.8,1738.8,548.94,Delivered,2024-05-21,5,2024,Madurai
order_02508,farmer_0009,consumer_0023,Rice,31.32,34.3,1074.28,309.88,Delivered,2024-05-21,5,2024,Vellore
order_01934,farmer_0048,consumer_0123,Carrot,51.92,15.3,794.38,193.09,Delivered,2024-05-22,5,2024,Tirunelveli
order_00314,farmer_0018,consumer_0036,Rice,34.0,1.6,54.4,19.96,Processing,2024-05-24,5,2024,Tirunelveli
order_01101,farmer_0045,consumer_0159,Carrot,43.91,46.4,2037.42,692.27,Delivered,2024-05-24,5,2024,Thanjavur
order_02349,farmer_0044,consumer_0101,Cotton,59.02,71.0,4190.42,1247.91,Delivered,2024-05-24,5,2024,Vellore
order_00333,farmer_0021,consumer_0118,Chilli,99.66,4.0,398.64,101.78,Delivered,2024-05-24,5,2024,Trichy
order_00814,farmer_0049,consumer_0049,Cauliflower,33.1,34.3,1135.33,344.16,Delivered,2024-05-24,5,2024,Thanjavur
order_01406,farmer_0012,consumer_0068,Tomato,35.11,7.4,259.81,62.09,Delivered,2024-05-24,5,2024,Tirunelveli
order_02861,farmer_0009,consumer_0200,Carrot,49.29,17.8,877.36,287.36,Delivered,2024-05-24,5,2024,Vellore
order_02960,farmer_0011,consumer_0043,Chilli,121.08,28.8,3487.1,1299.32,Processing,2024-05-25,5,2024,Tirunelveli
order_02567,farmer_0037,consumer_0100,Cabbage,18.65,27.4,511.01,141.89,Delivered,2024-05-27,5,2024,Dindigul
order_00712,farmer_0040,consumer_0197,Lady Finger,44.36,14.5,643.22,221.95,Delivered,2024-05-27,5,2024,Coimbatore
order_02625,farmer_0035,consumer_0194,Carrot,53.57,23.3,1248.18,272.82,Processing,2024-05-27,5,2024,Salem
order_00103,farmer_0028,consumer_0167,Sugarcane,3.55,38.8,137.74,46.43,Delivered,2024-05-28,5,2024,Vellore
order_00292,farmer_0022,consumer_0182,Rice,32.19,61.0,1963.59,465.22,Delivered,2024-05-28,5,2024,Erode
order_01818,farmer_0006,consumer_0129,Sugarcane,3.48,48.7,169.48,63.05,On the way,2024-05-29,5,2024,Thanjavur
order_01355,farmer_0041,consumer_0169,Chilli,106.37,2.1,223.38,70.08,Delivered,2024-05-29,5,2024,Coimbatore
order_02090,farmer_0038,consumer_0161,Carrot,49.95,3.1,154.85,51.93,Delivered,2024-05-29,5,2024,Thanjavur
order_01852,farmer_0003,consumer_0072,Cotton,55.3,32.1,1775.13,569.61,On the way,2024-05-29,5,2024,Tirunelveli
order_01129,farmer_0031,consumer_0088,Lady Finger,39.13,1.6,62.61,15.39,Delivered,2024-05-29,5,2024,Salem
order_00087,farmer_0022,consumer_0192,Carrot,51.66,25.5,1317.33,387.85,On the way,2024-05-29,5,2024,Madurai
order_00935,farmer_0030,consumer_0152,Banana,52.29,57.3,2996.22,708.64,Delivered,2024-05-29,5,2024,Tirunelveli
order_02487,farmer_0047,consumer_0111,Rice,30.62,31.1,952.28,247.74,Delivered,2024-05-30,5,2024,Dindigul
order_01051,farmer_0017,consumer_0150,Onion,35.05,9.8,343.49,71.26,Delivered,2024-05-31,5,2024,Salem
order_02801,farmer_0050,consumer_0074,Chilli,112.37,16.3,1831.63,535.69,Delivered,2024-05-31,5,2024,Dindigul
order_02177,farmer_0047,consumer_0190,Onion,35.81,29.4,1052.81,405.36,Delivered,2024-06-01,6,2024,Coimbatore
order_00443,farmer_0034,consumer_0007,Cabbage,19.33,28.6,552.84,131.8,Delivered,2024-06-01,6,2024,Erode
order_01252,farmer_0008,consumer_0023,Lady Finger,47.75,14.5,692.38,172.12,On the way,2024-06-02,6,2024,Tirunelveli
order_01915,farmer_0032,consumer_0002,Coconut,26.41,12.5,330.12,88.08,Delivered,2024-06-02,6,2024,Coimbatore
order_01470,farmer_0008,consumer_0073,Carrot,51.91,12.2,633.3,194.03,Delivered,2024-06-02,6,2024,Erode
order_00109,farmer_0037,consumer_0008,Sugarcane,3.37,10.5,35.38,9.02,Processing,2024-06-02,6,2024,Erode
order_01346,farmer_0043,consumer_0190,Banana,48.17,17.7,852.61,340.56,Delivered,2024-06-03,6,2024,Dindigul
order_00551,farmer_0023,consumer_0170,Onion,31.66,29.4,930.8,270.42,On the way,2024-06-03,6,2024,Tirunelveli
order_01819,farmer_0045,consumer_0139,Rice,30.47,40.8,1243.18,404.85,Delivered,2024-06-04,6,2024,Coimbatore
order_02985,farmer_0040,consumer_0183,Carrot,48.68,11.1,540.35,208.75,Delivered,2024-06-04,6,2024,Erode
order_02148,farmer_0025,consumer_0007,Chilli,113.07,52.2,5902.25,1814.99,Delivered,2024-06-04,6,2024,Erode
order_00757,farmer_0043,consumer_0133,Lady Finger,53.1,17.6,934.56,315.86,Delivered,2024-06-05,6,2024,Trichy
order_00597,farmer_0025,consumer_0141,Potato,27.12,1.0,27.12,8.71,Delivered,2024-06-05,6,2024,Tirunelveli
order_02804,farmer_0042,consumer_0188,Groundnut,68.27,1.6,109.23,24.11,Delivered,2024-06-05,6,2024,Erode
order_00655,farmer_0005,consumer_0042,Carrot,53.18,25.0,1329.5,529.25,On the way,2024-06-06,6,2024,Chennai
order_00620,farmer_0017,consumer_0123,Groundnut,64.15,47.6,3053.54,823.37,Delivered,2024-06-06,6,2024,Madurai
order_00624,farmer_0028,consumer_0072,Lady Finger,54.71,32.3,1767.13,513.56,Delivered,2024-06-06,6,2024,Madurai
order_02379,farmer_0004,consumer_0070,Banana,56.69,11.4,646.27,211.73,Processing,2024-06-06,6,2024,Salem
order_01591,farmer_0044,consumer_0106,Groundnut,60.4,29.9,1805.96,453.81,Delivered,2024-06-06,6,2024,Coimbatore
order_02175,farmer_0010,consumer_0047,Cauliflower,27.16,41.3,1121.71,420.64,Delivered,2024-06-07,6,2024,Thanjavur
order_00222,farmer_0042,consumer_0063,Rice,33.85,73.2,2477.82,890.66,On the way,2024-06-08,6,2024,Salem
order_01212,farmer_0016,consumer_0087,Brinjal,26.09,19.6,511.36,155.86,Delivered,2024-06-08,6,2024,Madurai
order_02077,farmer_0050,consumer_0132,Potato,27.34,9.9,270.67,100.77,Delivered,2024-06-09,6,2024,Dindigul
order_02768,farmer_0027,consumer_0092,Groundnut,67.28,13.8,928.46,247.83,Delivered,2024-06-10,6,2024,Vellore
order_02739,farmer_0047,consumer_0150,Tomato,35.48,124.1,4403.07,1647.3,Delivered,2024-06-10,6,2024,Thanjavur
order_01554,farmer_0028,consumer_0068,Carrot,48.33,11.3,546.13,206.29,Delivered,2024-06-10,6,2024,Vellore
order_01726,farmer_0050,consumer_0035,Coconut,29.54,65.9,1946.69,649.86,Delivered,2024-06-10,6,2024,Salem
order_01386,farmer_0020,consumer_0157,Banana,55.52,29.9,1660.05,592.83,Delivered,2024-06-11,6,2024,Coimbatore
order_02511,farmer_0042,consumer_0114,Lady Finger,48.33,11.9,575.13,175.5,Delivered,2024-06-11,6,2024,Tirunelveli
order_01764,farmer_0044,consumer_0168,Groundnut,75.15,16.0,1202.4,427.22,Delivered,2024-06-11,6,2024,Vellore
order_02640,farmer_0007,consumer_0118,Carrot,49.16,8.5,417.86,121.76,Delivered,2024-06-12,6,2024,Chennai
order_01661,farmer_0002,consumer_0153,Brinjal,26.87,17.0,456.79,126.85,Processing,2024-06-12,6,2024,Dindigul
order_00724,farmer_0018,consumer_0088,Sugarcane,3.89,26.6,103.47,37.57,Delivered,2024-06-12,6,2024,Tirunelveli
order_01422,farmer_0002,consumer_0056,Lady Finger,50.05,24.9,1246.24,452.65,On the way,2024-06-13,6,2024,Trichy
order_02637,farmer_0034,consumer_0052,Tomato,36.36,5.3,192.71,56.19,Delivered,2024-06-13,6,2024,Chennai
order_01097,farmer_0035,consumer_0162,Potato,26.87,8.4,225.71,71.98,Delivered,2024-06-13,6,2024,Chennai
order_02523,farmer_0046,consumer_0052,Coconut,27.81,1.0,27.81,6.64,Processing,2024-06-13,6,2024,Trichy
order_00813,farmer_0036,consumer_0122,Banana,55.51,5.9,327.51,128.52,Delivered,2024-06-13,6,2024,Erode
order_01596,farmer_0034,consumer_0194,Coconut,28.82,5.4,155.63,52.18,Delivered,2024-06-14,6,2024,Dindigul
order_02711,farmer_0012,consumer_0080,Rice,33.86,1.0,33.86,7.63,Delivered,2024-06-14,6,2024,Madurai
order_00002,farmer_0023,consumer_0139,Sugarcane,3.63,12.2,44.29,17.5,Processing,2024-06-14,6,2024,Chennai
order_02929,farmer_0010,consumer_0059,Cabbage,19.88,59.3,1178.88,314.9,Delivered,2024-06-15,6,2024,Madurai
order_00792,farmer_0012,consumer_0012,Onion,32.11,3.8,122.02,30.78,Delivered,2024-06-15,6,2024,Tirunelveli
order_01065,farmer_0035,consumer_0022,Coconut,26.45,5.4,142.83,31.28,Delivered,2024-06-15,6,2024,Salem
order_02475,farmer_0024,consumer_0062,Potato,26.49,35.9,950.99,323.67,Delivered,2024-06-15,6,2024,Erode
order_01069,farmer_0049,consumer_0031,Cauliflower,36.02,4.6,165.69,43.22,On the way,2024-06-16,6,2024,Erode
order_02787,farmer_0026,consumer_0123,Groundnut,68.31,9.7,662.61,161.35,Delivered,2024-06-16,6,2024,Thanjavur
order_01542,farmer_0014,consumer_0010,Rice,30.66,6.3,193.16,49.81,Delivered,2024-06-16,6,2024,Vellore
order_00979,farmer_0041,consumer_0069,Chilli,108.7,23.6,2565.32,896.23,Delivered,2024-06-17,6,2024,Erode
order_01427,farmer_0039,consumer_0047,Chilli,103.57,35.9,3718.16,1051.44,Delivered,2024-06-17,6,2024,Trichy
order_02179,farmer_0034,consumer_0133,Onion,34.55,102.3,3534.46,1199.37,Delivered,2024-06-17,6,2024,Erode
order_00367,farmer_0042,consumer_0163,Potato,25.89,35.6,921.68,258.33,On the way,2024-06-17,6,2024,Coimbatore
order_02779,farmer_0023,consumer_0063,Chilli,116.7,1.0,116.7,29.7,Delivered,2024-06-18,6,2024,Dindigul
order_01517,farmer_0029,consumer_0139,Onion,32.09,42.7,1370.24,484.31,On the way,2024-06-18,6,2024,Trichy
order_02599,farmer_0014,consumer_0186,Rice,33.09,24.9,823.94,223.78,Processing,2024-06-18,6,2024,Thanjavur
order_02474,farmer_0042,consumer_0182,Potato,26.53,44.8,1188.54,424.43,Delivered,2024-06-19,6,2024,Tirunelveli
order_01343,farmer_0026,consumer_0123,Cauliflower,32.55,22.6,735.63,225.71,Delivered,2024-06-20,6,2024,Salem
order_01197,farmer_0009,consumer_0108,Sugarcane,3.59,13.6,48.82,16.77,On the way,2024-06-20,6,2024,Coimbatore
order_01610,farmer_0015,consumer_0022,Tomato,36.49,80.0,2919.2,623.44,Delivered,2024-06-20,6,2024,Dindigul
order_00204,farmer_0008,consumer_0185,Cabbage,18.49,19.2,355.01,124.82,Delivered,2024-06-21,6,2024,Madurai
order_00581,farmer_0003,consumer_0083,Rice,31.14,39.2,1220.69,343.35,Delivered,2024-06-21,6,2024,Tirunelveli
order_01884,farmer_0049,consumer_0180,Tomato,38.61,13.5,521.24,171.79,Delivered,2024-06-21,6,2024,Coimbatore
order_01836,farmer_0004,consumer_0149,Tomato,37.4,21.8,815.32,312.85,Delivered,2024-06-21,6,2024,Vellore
order_02698,farmer_0048,consumer_0173,Chilli,109.28,45.1,4928.53,1263.7,Processing,2024-06-21,6,2024,Madurai
order_02049,farmer_0019,consumer_0147,Cauliflower,29.46,13.7,403.6,157.07,Delivered,2024-06-21,6,2024,Erode
order_00976,farmer_0036,consumer_0119,Groundnut,65.87,34.6,2279.1,678.96,On the way,2024-06-21,6,2024,Vellore
order_00573,farmer_0043,consumer_0048,Chilli,96.36,20.0,1927.2,569.63,Delivered,2024-06-22,6,2024,Dindigul
order_00020,farmer_0031,consumer_0191,Groundnut,65.74,10.4,683.7,241.42,Delivered,2024-06-23,6,2024,Coimbatore
order_00893,farmer_0044,consumer_0137,Onion,32.11,72.1,2315.13,473.55,Delivered,2024-06-23,6,2024,Trichy
order_02837,farmer_0024,consumer_0180,Brinjal,30.14,13.9,418.95,136.51,Delivered,2024-06-24,6,2024,Salem
order_00855,farmer_0008,consumer_0062,Lady Finger,54.06,10.3,556.82,143.7,Delivered,2024-06-24,6,2024,Trichy
order_01062,farmer_0043,consumer_0036,Onion,28.96,2.5,72.4,16.87,Delivered,2024-06-24,6,2024,Chennai
order_02573,farmer_0044,consumer_0038,Cauliflower,32.24,1.3,41.91,8.8,Delivered,2024-06-25,6,2024,Dindigul
order_02832,farmer_0010,consumer_0130,Cotton,53.51,25.2,1348.45,460.51,Delivered,2024-06-25,6,2024,Thanjavur
order_00734,farmer_0016,consumer_0021,Onion,32.28,1.0,32.28,7.48,Delivered,2024-06-25,6,2024,Vellore
order_01914,farmer_0039,consumer_0098,Coconut,27.37,10.2,279.17,71.5,On the way,2024-06-25,6,2024,Madurai
order_02673,farmer_0031,consumer_0108,Tomato,34.38,13.2,453.82,169.92,Processing,2024-06-27,6,2024,Erode
order_02956,farmer_0015,consumer_0056,Lady Finger,52.17,64.5,3364.97,757.71,Delivered,2024-06-28,6,2024,Vellore
order_01049,farmer_0020,consumer_0085,Tomato,33.73,77.2,2603.96,730.66,Delivered,2024-06-28,6,2024,Dindigul
order_01083,farmer_0005,consumer_0114,Tomato,36.94,1.9,70.19,20.4,Delivered,2024-06-28,6,2024,Chennai
order_00576,farmer_0009,consumer_0082,Coconut,26.57,22.8,605.8,192.11,Processing,2024-06-28,6,2024,Salem
order_01312,farmer_0019,consumer_0014,Onion,32.74,19.7,644.98,152.42,On the way,2024-06-28,6,2024,Trichy
order_01490,farmer_0009,consumer_0120,Cabbage,19.41,2.5,48.52,12.1,Processing,2024-06-29,6,2024,Dindigul
order_01861,farmer_0001,consumer_0153,Sugarcane,4.27,12.1,51.67,10.99,Processing,2024-06-29,6,2024,Vellore
order_00605,farmer_0016,consumer_0039,Carrot,49.14,22.1,1085.99,418.73,Delivered,2024-06-30,6,2024,Chennai
order_00173,farmer_0041,consumer_0082,Banana,46.33,22.2,1028.53,300.83,Delivered,2024-06-30,6,2024,Coimbatore
order_00652,farmer_0013,consumer_0024,Sugarcane,3.57,13.0,46.41,10.62,Delivered,2024-07-01,7,2024,Dindigul
order_00161,farmer_0002,consumer_0115,Lady Finger,50.62,1.8,91.12,21.48,Delivered,2024-07-01,7,2024,Vellore
order_02732,farmer_0048,consumer_0033,Cauliflower,34.46,106.3,3663.1,1142.05,Delivered,2024-07-01,7,2024,Trichy
order_01449,farmer_0031,consumer_0082,Rice,35.05,18.3,641.41,152.01,Delivered,2024-07-02,7,2024,Madurai
order_02369,farmer_0050,consumer_0140,Cauliflower,30.61,37.2,1138.69,256.55,Delivered,2024-07-03,7,2024,Salem
order_01772,farmer_0036,consumer_0060,Banana,40.64,15.3,621.79,228.46,Delivered,2024-07-03,7,2024,Chennai
order_01807,farmer_0029,consumer_0088,Potato,25.27,14.6,368.94,121.08,Delivered,2024-07-03,7,2024,Dindigul
order_01499,farmer_0040,consumer_0106,Brinjal,34.61,26.1,903.32,294.01,On the way,2024-07-03,7,2024,Tirunelveli
order_01303,farmer_0026,consumer_0151,Cauliflower,33.6,11.8,396.48,118.89,Delivered,2024-07-04,7,2024,Trichy
order_02551,farmer_0002,consumer_0168,Rice,34.9,3.3,115.17,35.95,Delivered,2024-07-04,7,2024,Thanjavur
order_01174,farmer_0034,consumer_0158,Cabbage,18.15,22.1,401.12,142.19,Delivered,2024-07-04,7,2024,Chennai
order_02084,farmer_0050,consumer_0111,Rice,31.9,22.8,727.32,242.63,Processing,2024-07-05,7,2024,Coimbatore
order_00740,farmer_0008,consumer_0181,Banana,39.67,1.5,59.51,14.87,Delivered,2024-07-05,7,2024,Tirunelveli
order_02818,farmer_0028,consumer_0180,Cotton,54.87,10.7,587.11,184.9,Delivered,2024-07-06,7,2024,Dindigul
order_00066,farmer_0033,consumer_0185,Potato,23.9,4.0,95.6,35.6,Processing,2024-07-06,7,2024,Tirunelveli
order_02365,farmer_0026,consumer_0125,Sugarcane,3.59,2.3,8.26,2.18,Delivered,2024-07-06,7,2024,Tirunelveli
order_01693,farmer_0030,consumer_0021,Cabbage,19.5,15.0,292.5,104.72,Delivered,2024-07-06,7,2024,Madurai
order_00448,farmer_0033,consumer_0109,Sugarcane,3.31,58.9,194.96,66.16,Delivered,2024-07-07,7,2024,Tirunelveli
order_00709,farmer_0029,consumer_0087,Onion,30.95,3.2,99.04,38.93,On the way,2024-07-07,7,2024,Coimbatore
order_02092,farmer_0003,consumer_0060,Banana,42.74,42.2,1803.63,413.8,Delivered,2024-07-07,7,2024,Coimbatore
order_02824,farmer_0015,consumer_0089,Rice,32.31,154.6,4995.13,1777.36,Delivered,2024-07-07,7,2024,Coimbatore
order_02613,farmer_0002,consumer_0041,Cotton,52.9,18.0,952.2,220.02,Delivered,2024-07-08,7,2024,Trichy
order_02213,farmer_0047,consumer_0082,Cotton,53.13,43.0,2284.59,879.02,Delivered,2024-07-08,7,2024,Salem
order_01445,farmer_0001,consumer_0096,Tomato,35.89,10.1,362.49,106.18,Delivered,2024-07-08,7,2024,Dindigul
order_02066,farmer_0021,consumer_0132,Cabbage,17.87,58.3,1041.82,289.92,Delivered,2024-07-09,7,2024,Tirunelveli
order_01900,farmer_0022,consumer_0166,Coconut,25.9,43.8,1134.42,377.38,Delivered,2024-07-09,7,2024,Thanjavur
order_00763,farmer_0043,consumer_0155,Banana,42.41,7.5,318.07,100.9,Delivered,2024-07-10,7,2024,Dindigul
order_00533,farmer_0045,consumer_0115,Coconut,26.55,123.1,3268.3,1283.26,On the way,2024-07-10,7,2024,Chennai
order_00956,farmer_0033,consumer_0135,Tomato,36.67,21.7,795.74,216.6,On the way,2024-07-10,7,2024,Thanjavur
order_00065,farmer_0025,consumer_0168,Tomato,36.05,13.1,472.25,165.28,Delivered,2024-07-11,7,2024,Tirunelveli
order_02086,farmer_0018,consumer_0029,Cabbage,18.74,2.5,46.85,12.52,On the way,2024-07-12,7,2024,Salem
order_02110,farmer_0041,consumer_0164,Cabbage,18.73,42.4,794.15,297.48,Delivered,2024-07-12,7,2024,Erode
order_00108,farmer_0031,consumer_0102,Carrot,53.76,4.0,215.04,44.45,Delivered,2024-07-13,7,2024,Chennai
order_01668,farmer_0010,consumer_0184,Banana,41.23,4.7,193.78,72.21,Delivered,2024-07-13,7,2024,Chennai
order_00529,farmer_0031,consumer_0017,Cabbage,18.28,17.5,319.9,81.26,Delivered,2024-07-13,7,2024,Madurai
order_01127,farmer_0027,consumer_0068,Cauliflower,30.66,19.8,607.07,175.58,Delivered,2024-07-13,7,2024,Madurai
order_00345,farmer_0045,consumer_0057,Potato,24.39,12.0,292.68,60.08,On the way,2024-07-14,7,2024,Salem
order_00164,farmer_0040,consumer_0063,Groundnut,66.13,158.7,10494.83,2823.92,Delivered,2024-07-16,7,2024,Thanjavur
order_02074,farmer_0034,consumer_0115,Groundnut,67.83,14.9,1010.67,203.29,Processing,2024-07-16,7,2024,Vellore
order_00232,farmer_0041,consumer_0113,Chilli,116.1,19.6,2275.56,763.61,Delivered,2024-07-17,7,2024,Coimbatore
order_00653,farmer_0020,consumer_0004,Groundnut,68.43,27.1,1854.45,517.17,Processing,2024-07-18,7,2024,Madurai
order_01285,farmer_0011,consumer_0039,Cabbage,18.38,10.7,196.67,41.96,Delivered,2024-07-19,7,2024,Dindigul
order_02264,farmer_0023,consumer_0110,Lady Finger,50.73,37.2,1887.16,573.92,Delivered,2024-07-19,7,2024,Tirunelveli
order_01711,farmer_0020,consumer_0122,Onion,33.08,48.4,1601.07,330.6,Processing,2024-07-19,7,2024,Coimbatore
order_01218,farmer_0029,consumer_0159,Cauliflower,33.75,6.8,229.5,78.25,Delivered,2024-07-20,7,2024,Vellore
order_00599,farmer_0018,consumer_0014,Carrot,55.61,37.2,2068.69,625.21,Delivered,2024-07-21,7,2024,Tirunelveli
order_00096,farmer_0040,consumer_0172,Carrot,49.12,79.3,3895.22,1532.11,Delivered,2024-07-21,7,2024,Erode
order_00604,farmer_0015,consumer_0159,Carrot,55.42,15.3,847.93,217.78,On the way,2024-07-21,7,2024,Dindigul
order_01662,farmer_0008,consumer_0025,Lady Finger,54.32,33.7,1830.58,616.65,On the way,2024-07-21,7,2024,Salem
order_02791,farmer_0039,consumer_0200,Carrot,55.51,18.6,1032.49,268.23,Delivered,2024-07-21,7,2024,Madurai
order_02477,farmer_0039,consumer_0095,Cotton,54.41,4.6,250.29,65.33,Delivered,2024-07-21,7,2024,Tirunelveli
order_00102,farmer_0036,consumer_0114,Potato,22.13,13.4,296.54,101.5,Delivered,2024-07-22,7,2024,Erode
order_01472,farmer_0042,consumer_0042,Carrot,46.41,21.6,1002.46,315.85,Delivered,2024-07-22,7,2024,Thanjavur
order_02052,farmer_0005,consumer_0066,Sugarcane,3.93,28.6,112.4,41.41,Delivered,2024-07-22,7,2024,Dindigul
order_02604,farmer_0048,consumer_0157,Coconut,27.58,124.6,3436.47,1315.94,Processing,2024-07-22,7,2024,Dindigul
order_00690,farmer_0027,consumer_0010,Brinjal,36.9,7.6,280.44,106.98,Delivered,2024-07-23,7,2024,Chennai
order_01272,farmer_0014,consumer_0188,Banana,38.54,17.9,689.87,205.21,Delivered,2024-07-24,7,2024,Madurai
order_01781,farmer_0016,consumer_0143,Carrot,52.7,68.4,3604.68,1285.08,Delivered,2024-07-24,7,2024,Chennai
order_00660,farmer_0016,consumer_0058,Coconut,27.64,33.4,923.18,333.49,Delivered,2024-07-25,7,2024,Chennai
order_00934,farmer_0048,consumer_0088,Potato,25.88,1.6,41.41,15.73,On the way,2024-07-26,7,2024,Vellore
order_01780,farmer_0008,consumer_0113,Banana,43.97,37.9,1666.46,458.85,On the way,2024-07-26,7,2024,Madurai
order_01319,farmer_0033,consumer_0118,Chilli,105.86,5.0,529.3,184.1,On the way,2024-07-26,7,2024,Trichy
order_00323,farmer_0017,consumer_0164,Cabbage,18.62,38.2,711.28,262.08,Delivered,2024-07-27,7,2024,Thanjavur
order_00526,farmer_0050,consumer_0009,Onion,33.76,44.7,1509.07,427.82,Processing,2024-07-27,7,2024,Coimbatore
order_02111,farmer_0038,consumer_0083,Tomato,37.92,32.6,1236.19,447.48,Delivered,2024-07-28,7,2024,Trichy
order_01187,farmer_0026,consumer_0036,Potato,26.63,1.0,26.63,5.82,Delivered,2024-07-28,7,2024,Tirunelveli
order_01410,farmer_0004,consumer_0040,Carrot,48.58,1.3,63.15,17.45,Delivered,2024-07-28,7,2024,Coimbatore
order_02491,farmer_0039,consumer_0195,Rice,32.41,23.8,771.36,180.84,Delivered,2024-07-28,7,2024,Salem
order_01878,farmer_0050,consumer_0132,Coconut,29.8,1.3,38.74,13.76,Delivered,2024-07-29,7,2024,Erode
order_00435,farmer_0008,consumer_0170,Sugarcane,3.6,9.4,33.84,11.44,Delivered,2024-07-29,7,2024,Madurai
order_00532,farmer_0013,consumer_0069,Cotton,56.87,14.2,807.55,276.17,Delivered,2024-07-29,7,2024,Chennai
order_02324,farmer_0048,consumer_0095,Sugarcane,3.76,34.5,129.72,44.11,Processing,2024-07-29,7,2024,Vellore
order_01299,farmer_0012,consumer_0094,Sugarcane,3.64,27.7,100.83,39.27,Delivered,2024-07-30,7,2024,Chennai
order_00159,farmer_0030,consumer_0094,Brinjal,36.23,58.5,2119.45,440.78,Delivered,2024-07-30,7,2024,Chennai
order_00450,farmer_0043,consumer_0022,Brinjal,29.68,17.3,513.46,130.08,Delivered,2024-07-30,7,2024,Vellore
order_02384,farmer_0029,consumer_0141,Groundnut,72.77,21.7,1579.11,457.11,Delivered,2024-07-31,7,2024,Trichy
order_01981,farmer_0013,consumer_0175,Onion,34.32,18.4,631.49,235.63,Processing,2024-07-31,7,2024,Madurai
order_02054,farmer_0014,consumer_0037,Tomato,37.98,27.7,1052.05,336.07,Delivered,2024-07-31,7,2024,Tirunelveli
order_02265,farmer_0039,consumer_0057,Carrot,52.07,1.3,67.69,20.4,Delivered,2024-08-01,8,2024,Chennai
order_01372,farmer_0019,consumer_0123,Banana,39.76,23.3,926.41,289.6,Delivered,2024-08-02,8,2024,Chennai
order_02242,farmer_0043,consumer_0169,Tomato,37.44,3.5,131.04,41.37,Delivered,2024-08-02,8,2024,Coimbatore
order_01700,farmer_0008,consumer_0026,Cotton,53.65,33.8,1813.37,595.81,Processing,2024-08-02,8,2024,Dindigul
order_02151,farmer_0032,consumer_0069,Lady Finger,52.99,54.1,2866.76,946.2,Delivered,2024-08-03,8,2024,Dindigul
order_02995,farmer_0007,consumer_0013,Onion,32.02,22.2,710.84,250.97,Delivered,2024-08-05,8,2024,Salem
order_00071,farmer_0016,consumer_0098,Brinjal,32.01,14.9,476.95,181.97,Delivered,2024-08-05,8,2024,Chennai
order_00676,farmer_0017,consumer_0041,Cabbage,18.57,1.0,18.57,4.23,Delivered,2024-08-05,8,2024,Thanjavur
order_02338,farmer_0015,consumer_0128,Sugarcane,3.85,30.0,115.5,38.05,Delivered,2024-08-05,8,2024,Coimbatore
order_00902,farmer_0014,consumer_0175,Banana,40.96,2.8,114.69,45.76,On the way,2024-08-06,8,2024,Trichy
order_00032,farmer_0032,consumer_0113,Chilli,102.04,8.1,826.52,192.68,Delivered,2024-08-06,8,2024,Salem
order_02227,farmer_0050,consumer_0077,Onion,34.18,38.5,1315.93,368.0,On the way,2024-08-07,8,2024,Erode
order_01029,farmer_0002,consumer_0158,Sugarcane,3.59,61.0,218.99,45.22,Processing,2024-08-07,8,2024,Vellore
order_02326,farmer_0014,consumer_0035,Tomato,35.88,9.4,337.27,121.01,Delivered,2024-08-08,8,2024,Salem
order_02373,farmer_0039,consumer_0035,Carrot,50.59,9.6,485.66,183.64,Delivered,2024-08-08,8,2024,Chennai
order_02339,farmer_0013,consumer_0006,Onion,29.59,42.4,1254.62,463.16,Delivered,2024-08-08,8,2024,Chennai
order_00399,farmer_0007,consumer_0195,Banana,42.46,1.4,59.44,15.27,Delivered,2024-08-09,8,2024,Coimbatore
order_02258,farmer_0008,consumer_0090,Cotton,51.02,8.7,443.87,103.81,Delivered,2024-08-09,8,2024,Trichy
order_01353,farmer_0047,consumer_0122,Lady Finger,51.43,22.1,1136.6,378.25,On the way,2024-08-10,8,2024,Vellore
order_00123,farmer_0021,consumer_0106,Sugarcane,3.21,6.9,22.15,5.22,On the way,2024-08-10,8,2024,Salem
order_02670,farmer_0033,consumer_0183,Banana,39.14,30.0,1174.2,387.5,Delivered,2024-08-10,8,2024,Vellore
order_01558,farmer_0018,consumer_0189,Banana,42.19,5.3,223.61,52.33,Delivered,2024-08-11,8,2024,Thanjavur
order_01234,farmer_0020,consumer_0198,Groundnut,70.2,13.7,961.74,376.5,Delivered,2024-08-12,8,2024,Chennai
order_01041,farmer_0018,consumer_0126,Cabbage,18.43,101.6,1872.49,509.74,Delivered,2024-08-12,8,2024,Trichy
order_02044,farmer_0041,consumer_0122,Potato,27.65,7.9,218.44,47.39,Delivered,2024-08-12,8,2024,Trichy
order_02788,farmer_0036,consumer_0157,Banana,39.83,12.6,501.86,175.49,Processing,2024-08-13,8,2024,Chennai
order_02476,farmer_0021,consumer_0127,Cotton,54.59,12.5,682.38,272.15,Delivered,2024-08-13,8,2024,Coimbatore
order_01244,farmer_0024,consumer_0058,Carrot,53.28,1.1,58.61,15.32,Delivered,2024-08-14,8,2024,Chennai
order_00919,farmer_0011,consumer_0033,Lady Finger,50.27,18.0,904.86,322.74,Delivered,2024-08-14,8,2024,Chennai
order_00478,farmer_0032,consumer_0056,Carrot,43.39,2.5,108.47,24.76,Delivered,2024-08-15,8,2024,Tirunelveli
order_00751,farmer_0019,consumer_0037,Lady Finger,53.44,34.9,1865.06,449.05,On the way,2024-08-15,8,2024,Trichy
order_01061,farmer_0040,consumer_0115,Carrot,50.79,12.7,645.03,204.2,Delivered,2024-08-15,8,2024,Chennai
order_02193,farmer_0027,consumer_0123,Onion,33.83,9.2,311.24,111.32,Processing,2024-08-15,8,2024,Chennai
order_01165,farmer_0042,consumer_0022,Cauliflower,33.02,4.9,161.8,62.41,Delivered,2024-08-15,8,2024,Dindigul
order_00861,farmer_0002,consumer_0183,Cotton,56.37,23.6,1330.33,342.1,On the way,2024-08-15,8,2024,Erode
order_01824,farmer_0034,consumer_0086,Sugarcane,3.86,1.9,7.33,2.87,Delivered,2024-08-16,8,2024,Thanjavur
order_01618,farmer_0045,consumer_0166,Potato,28.01,12.0,336.12,68.16,Delivered,2024-08-16,8,2024,Salem
order_00827,farmer_0019,consumer_0062,Tomato,35.06,30.3,1062.32,358.39,Processing,2024-08-16,8,2024,Salem
order_01509,farmer_0002,consumer_0140,Groundnut,67.2,11.9,799.68,248.36,Delivered,2024-08-16,8,2024,Madurai
order_01068,farmer_0005,consumer_0140,Lady Finger,50.26,3.9,196.01,75.57,Delivered,2024-08-16,8,2024,Tirunelveli
order_01383,farmer_0036,consumer_0146,Carrot,45.61,13.2,602.05,230.73,Delivered,2024-08-16,8,2024,Vellore
order_00563,farmer_0044,consumer_0040,Tomato,33.35,28.9,963.81,308.64,Delivered,2024-08-17,8,2024,Coimbatore
order_00695,farmer_0003,consumer_0073,Lady Finger,53.58,69.0,3697.02,1137.79,Delivered,2024-08-17,8,2024,Vellore
order_01952,farmer_0016,consumer_0079,Cotton,55.02,1.4,77.03,28.49,Processing,2024-08-17,8,2024,Erode
order_01185,farmer_0009,consumer_0125,Brinjal,35.8,9.7,347.26,118.49,Delivered,2024-08-18,8,2024,Trichy
order_01779,farmer_0027,consumer_0118,Tomato,37.3,34.3,1279.39,405.13,On the way,2024-08-19,8,2024,Madurai
order_00375,farmer_0038,consumer_0133,Cauliflower,32.38,23.0,744.74,165.0,Delivered,2024-08-19,8,2024,Madurai
order_00210,farmer_0037,consumer_0163,Sugarcane,4.01,31.4,125.91,32.9,Delivered,2024-08-19,8,2024,Trichy
order_01585,farmer_0042,consumer_0086,Chilli,105.63,3.0,316.89,91.92,On the way,2024-08-20,8,2024,Tirunelveli
order_00049,farmer_0041,consumer_0101,Cauliflower,31.1,7.9,245.69,81.96,Delivered,2024-08-21,8,2024,Dindigul
order_00706,farmer_0028,consumer_0053,Coconut,28.19,4.8,135.31,45.24,Delivered,2024-08-21,8,2024,Madurai
order_02233,farmer_0027,consumer_0116,Sugarcane,3.61,1.0,3.61,1.13,Processing,2024-08-21,8,2024,Chennai
order_00212,farmer_0015,consumer_0008,Carrot,51.5,35.9,1848.85,687.46,Delivered,2024-08-21,8,2024,Salem
order_02504,farmer_0041,consumer_0194,Chilli,109.74,2.8,307.27,82.48,Processing,2024-08-22,8,2024,Tirunelveli
order_01735,farmer_0001,consumer_0078,Lady Finger,52.26,21.2,1107.91,333.12,On the way,2024-08-22,8,2024,Coimbatore
order_01859,farmer_0015,consumer_0097,Chilli,113.62,3.4,386.31,136.96,Delivered,2024-08-23,8,2024,Madurai
order_02948,farmer_0004,consumer_0161,Potato,25.43,20.6,523.86,154.11,Delivered,2024-08-23,8,2024,Chennai
order_01921,farmer_0049,consumer_0177,Potato,24.85,1.7,42.25,10.5,Delivered,2024-08-24,8,2024,Trichy
order_01013,farmer_0022,consumer_0054,Tomato,37.1,15.3,567.63,178.45,Delivered,2024-08-24,8,2024,Thanjavur
order_02351,farmer_0018,consumer_0148,Lady Finger,49.81,13.0,647.53,205.74,On the way,2024-08-24,8,2024,Trichy
order_00263,farmer_0002,consumer_0003,Carrot,52.82,141.3,7463.47,1502.18,Delivered,2024-08-24,8,2024,Salem
order_00645,farmer_0031,consumer_0011,Carrot,51.57,3.3,170.18,46.11,Delivered,2024-08-25,8,2024,Erode
order_02659,farmer_0024,consumer_0038,Cotton,52.28,55.0,2875.4,944.68,Delivered,2024-08-25,8,2024,Erode
order_00866,farmer_0020,consumer_0146,Onion,31.28,14.6,456.69,93.28,Delivered,2024-08-25,8,2024,Dindigul
order_02271,farmer_0018,consumer_0029,Onion,31.15,14.6,454.79,169.09,Delivered,2024-08-25,8,2024,Salem
order_02002,farmer_0018,consumer_0162,Cauliflower,36.31,4.6,167.03,55.51,Delivered,2024-08-27,8,2024,Dindigul
order_02734,farmer_0003,consumer_0085,Onion,35.8,13.4,479.72,128.05,Delivered,2024-08-27,8,2024,Thanjavur
order_00303,farmer_0029,consumer_0112,Sugarcane,3.72,13.2,49.1,11.06,Delivered,2024-08-28,8,2024,Thanjavur
order_01521,farmer_0009,consumer_0154,Banana,40.68,7.8,317.3,82.69,Delivered,2024-08-28,8,2024,Dindigul
order_01907,farmer_0021,consumer_0193,Coconut,26.87,17.2,462.16,169.42,Delivered,2024-08-29,8,2024,Chennai
order_01460,farmer_0008,consumer_0183,Sugarcane,3.51,1.9,6.67,2.02,Delivered,2024-08-29,8,2024,Vellore
order_02482,farmer_0043,consumer_0091,Cotton,54.47,24.7,1345.41,420.19,Delivered,2024-08-30,8,2024,Thanjavur
order_01455,farmer_0003,consumer_0111,Potato,27.15,30.7,833.5,277.4,Delivered,2024-08-30,8,2024,Tirunelveli
order_00462,farmer_0019,consumer_0056,Groundnut,68.99,33.1,2283.57,731.45,Delivered,2024-08-30,8,2024,Tirunelveli
order_00084,farmer_0047,consumer_0174,Tomato,37.09,6.4,237.38,53.06,Delivered,2024-08-30,8,2024,Trichy
order_00029,farmer_0034,consumer_0135,Rice,36.76,1.0,36.76,10.98,Processing,2024-08-31,8,2024,Dindigul
order_02279,farmer_0003,consumer_0186,Carrot,48.01,15.6,748.96,154.58,Delivered,2024-08-31,8,2024,Thanjavur
order_02921,farmer_0026,consumer_0071,Chilli,98.94,1.0,98.94,27.04,Delivered,2024-09-01,9,2024,Thanjavur
order_00731,farmer_0003,consumer_0080,Banana,40.01,50.6,2024.51,445.57,Delivered,2024-09-01,9,2024,Tirunelveli
order_02297,farmer_0039,consumer_0140,Sugarcane,3.55,27.3,96.91,26.35,On the way,2024-09-02,9,2024,Tirunelveli
order_01840,farmer_0038,consumer_0057,Potato,25.55,7.5,191.62,70.38,Processing,2024-09-02,9,2024,Tirunelveli
order_00518,farmer_0038,consumer_0078,Rice,40.9,18.1,740.29,271.38,Delivered,2024-09-03,9,2024,Vellore
order_01904,farmer_0014,consumer_0008,Groundnut,73.32,26.8,1964.98,409.71,Delivered,2024-09-03,9,2024,Thanjavur
order_01283,farmer_0011,consumer_0150,Brinjal,34.48,1.7,58.62,16.16,Delivered,2024-09-03,9,2024,Thanjavur
order_00638,farmer_0025,consumer_0097,Cabbage,17.88,34.0,607.92,135.63,Delivered,2024-09-03,9,2024,Trichy
order_01403,farmer_0026,consumer_0100,Lady Finger,43.03,2.0,86.06,20.47,Delivered,2024-09-03,9,2024,Salem
order_02301,farmer_0009,consumer_0092,Onion,32.47,28.6,928.64,294.89,Delivered,2024-09-04,9,2024,Salem
order_01794,farmer_0003,consumer_0072,Cotton,62.54,26.4,1651.06,621.5,On the way,2024-09-04,9,2024,Trichy
order_02782,farmer_0039,consumer_0177,Groundnut,71.71,6.7,480.46,156.06,Processing,2024-09-04,9,2024,Madurai
order_01565,farmer_0022,consumer_0026,Lady Finger,40.33,1.5,60.49,23.18,Delivered,2024-09-04,9,2024,Trichy
order_01215,farmer_0036,consumer_0078,Cauliflower,31.22,6.6,206.05,79.57,Delivered,2024-09-05,9,2024,Madurai
order_02484,farmer_0002,consumer_0170,Cabbage,18.26,15.4,281.2,85.35,On the way,2024-09-05,9,2024,Erode
order_01593,farmer_0024,consumer_0032,Chilli,94.84,23.4,2219.26,625.65,Delivered,2024-09-05,9,2024,Chennai
order_00311,farmer_0036,consumer_0172,Sugarcane,3.6,5.1,18.36,3.67,Delivered,2024-09-06,9,2024,Trichy
order_01638,farmer_0044,consumer_0035,Carrot,54.55,27.0,1472.85,506.72,Processing,2024-09-06,9,2024,Trichy
order_00552,farmer_0020,consumer_0110,Tomato,36.04,8.7,313.55,84.23,Delivered,2024-09-06,9,2024,Dindigul
order_00440,farmer_0008,consumer_0172,Carrot,50.99,15.0,764.85,256.59,Delivered,2024-09-06,9,2024,Salem
order_01237,farmer_0015,consumer_0168,Lady Finger,41.3,17.2,710.36,231.13,Delivered,2024-09-06,9,2024,Vellore
order_00228,farmer_0008,consumer_0185,Brinjal,35.58,17.2,611.98,192.08,Delivered,2024-09-06,9,2024,Erode
order_02231,farmer_0037,consumer_0068,Coconut,26.7,5.0,133.5,27.0,Delivered,2024-09-07,9,2024,Thanjavur
order_00662,farmer_0010,consumer_0143,Tomato,40.15,10.5,421.57,151.91,Delivered,2024-09-07,9,2024,Salem
order_01328,farmer_0008,consumer_0197,Tomato,37.76,45.9,1733.18,425.22,Delivered,2024-09-08,9,2024,Salem
order_02808,farmer_0033,consumer_0026,Sugarcane,3.53,23.8,84.01,30.8,Delivered,2024-09-09,9,2024,Tirunelveli
order_00641,farmer_0015,consumer_0113,Coconut,26.5,8.1,214.65,59.95,On the way,2024-09-10,9,2024,Trichy
order_01412,farmer_0010,consumer_0059,Tomato,36.06,13.9,501.23,121.08,Delivered,2024-09-10,9,2024,Thanjavur
order_00447,farmer_0025,consumer_0100,Tomato,36.07,25.9,934.21,257.97,Delivered,2024-09-11,9,2024,Chennai
order_01883,farmer_0008,consumer_0178,Cabbage,20.36,19.3,392.95,123.47,On the way,2024-09-11,9,2024,Erode
order_02908,farmer_0002,consumer_0123,Cotton,54.58,3.3,180.11,70.99,Delivered,2024-09-11,9,2024,Thanjavur
order_00213,farmer_0024,consumer_0185,Carrot,48.47,65.4,3169.94,728.05,Processing,2024-09-12,9,2024,Thanjavur
order_00987,farmer_0016,consumer_0043,Onion,36.03,15.2,547.66,135.41,Delivered,2024-09-12,9,2024,Vellore
order_02720,farmer_0012,consumer_0153,Chilli,109.53,34.6,3789.74,848.66,Delivered,2024-09-13,9,2024,Dindigul
order_00433,farmer_0010,consumer_0042,Banana,40.24,39.5,1589.48,350.16,Delivered,2024-09-13,9,2024,Tirunelveli
order_02706,farmer_0005,consumer_0044,Lady Finger,42.23,10.0,422.3,144.08,Delivered,2024-09-13,9,2024,Thanjavur
order_02662,farmer_0039,consumer_0067,Banana,41.52,27.7,1150.1,386.43,On the way,2024-09-14,9,2024,Tirunelveli
order_02479,farmer_0017,consumer_0085,Chilli,117.53,32.8,3854.98,966.18,Delivered,2024-09-14,9,2024,Coimbatore
order_02554,farmer_0027,consumer_0156,Cotton,52.79,76.5,4038.43,1099.91,Delivered,2024-09-14,9,2024,Erode
order_02146,farmer_0015,consumer_0059,Cauliflower,33.84,44.8,1516.03,498.03,Delivered,2024-09-15,9,2024,Madurai
order_01500,farmer_0040,consumer_0102,Carrot,50.31,6.8,342.11,72.73,Delivered,2024-09-15,9,2024,Erode
order_02166,farmer_0018,consumer_0076,Potato,27.5,1.0,27.5,7.02,Delivered,2024-09-15,9,2024,Chennai
order_01941,farmer_0003,consumer_0073,Cotton,58.87,6.0,353.22,123.0,Delivered,2024-09-16,9,2024,Dindigul
order_01604,farmer_0049,consumer_0134,Rice,43.1,14.9,642.19,250.08,Delivered,2024-09-16,9,2024,Coimbatore
order_01351,farmer_0021,consumer_0039,Rice,41.99,27.7,1163.12,412.25,Delivered,2024-09-16,9,2024,Chennai
order_00236,farmer_0007,consumer_0176,Lady Finger,42.25,1.7,71.83,18.96,Delivered,2024-09-17,9,2024,Trichy
order_02903,farmer_0016,consumer_0124,Carrot,56.07,59.5,3336.16,727.51,Delivered,2024-09-17,9,2024,Chennai
order_01144,farmer_0045,consumer_0163,Cauliflower,30.71,31.0,952.01,192.65,Delivered,2024-09-17,9,2024,Coimbatore
order_01620,farmer_0045,consumer_0098,Rice,38.86,2.0,77.72,21.49,Delivered,2024-09-17,9,2024,Salem
order_02603,farmer_0035,consumer_0119,Sugarcane,3.58,11.5,41.17,11.22,Delivered,2024-09-18,9,2024,Madurai
order_02969,farmer_0026,consumer_0151,Rice,41.94,32.6,1367.24,534.85,Delivered,2024-09-18,9,2024,Chennai
order_02295,farmer_0049,consumer_0072,Carrot,56.72,40.1,2274.47,772.35,Processing,2024-09-18,9,2024,Madurai
order_01549,farmer_0014,consumer_0084,Sugarcane,3.46,64.1,221.79,62.48,Delivered,2024-09-18,9,2024,Salem
order_00591,farmer_0044,consumer_0106,Chilli,105.87,40.5,4287.74,1022.07,Delivered,2024-09-19,9,2024,Trichy
order_00946,farmer_0044,consumer_0132,Rice,39.35,1.0,39.35,12.81,On the way,2024-09-19,9,2024,Dindigul
order_01751,farmer_0050,consumer_0048,Chilli,100.94,89.4,9024.04,3571.17,Delivered,2024-09-20,9,2024,Erode
order_00423,farmer_0007,consumer_0139,Coconut,29.24,36.8,1076.03,261.16,On the way,2024-09-20,9,2024,Erode
order_00964,farmer_0042,consumer_0060,Potato,25.94,39.8,1032.41,283.4,On the way,2024-09-20,9,2024,Coimbatore
order_00900,farmer_0011,consumer_0149,Banana,41.89,38.5,1612.77,407.9,Processing,2024-09-20,9,2024,Vellore
order_00817,farmer_0016,consumer_0108,Coconut,29.26,48.6,1422.04,400.34,On the way,2024-09-21,9,2024,Madurai
order_01891,farmer_0038,consumer_0075,Cabbage,19.57,24.9,487.29,156.98,On the way,2024-09-22,9,2024,Madurai
order_00989,farmer_0047,consumer_0166,Chilli,117.28,35.1,4116.53,1042.95,On the way,2024-09-22,9,2024,Erode
order_02695,farmer_0016,consumer_0055,Tomato,32.48,17.3,561.9,166.83,Delivered,2024-09-23,9,2024,Thanjavur
order_02134,farmer_0042,consumer_0180,Onion,33.31,36.0,1199.16,452.75,Delivered,2024-09-23,9,2024,Coimbatore
order_00610,farmer_0025,consumer_0115,Rice,39.72,9.0,357.48,102.61,Delivered,2024-09-23,9,2024,Salem
order_01538,farmer_0030,consumer_0079,Chilli,120.11,61.8,7422.8,2374.24,Delivered,2024-09-23,9,2024,Trichy
order_01369,farmer_0044,consumer_0186,Chilli,115.41,3.3,380.85,90.52,Delivered,2024-09-24,9,2024,Dindigul
order_01665,farmer_0041,consumer_0067,Cotton,50.37,6.9,347.55,79.94,Processing,2024-09-24,9,2024,Chennai
order_01368,farmer_0041,consumer_0198,Cauliflower,30.76,4.4,135.34,32.56,Delivered,2024-09-24,9,2024,Tirunelveli
order_01806,farmer_0005,consumer_0004,Brinjal,34.5,12.9,445.05,141.35,Delivered,2024-09-24,9,2024,Tirunelveli
order_02251,farmer_0009,consumer_0078,Coconut,29.98,10.0,299.8,115.5,Delivered,2024-09-25,9,2024,Erode
order_02325,farmer_0040,consumer_0037,Carrot,56.09,4.7,263.62,52.85,Delivered,2024-09-25,9,2024,Salem
order_01374,farmer_0032,consumer_0103,Banana,41.16,3.1,127.6,39.42,Delivered,2024-09-25,9,2024,Trichy
order_00520,farmer_0022,consumer_0053,Tomato,34.54,14.0,483.56,97.91,Delivered,2024-09-26,9,2024,Erode
order_02826,farmer_0040,consumer_0059,Brinjal,35.34,2.7,95.42,22.23,Delivered,2024-09-26,9,2024,Tirunelveli
order_02536,farmer_0011,consumer_0153,Sugarcane,3.59,9.6,34.46,11.29,Delivered,2024-09-26,9,2024,Vellore
order_01132,farmer_0045,consumer_0193,Potato,23.75,35.8,850.25,191.8,Delivered,2024-09-26,9,2024,Salem
order_00394,farmer_0048,consumer_0070,Coconut,28.74,13.0,373.62,90.03,Delivered,2024-09-26,9,2024,Tirunelveli
order_00074,farmer_0006,consumer_0025,Onion,32.16,31.2,1003.39,267.39,Delivered,2024-09-28,9,2024,Thanjavur
order_00881,farmer_0003,consumer_0008,Cotton,59.48,16.8,999.26,369.68,Delivered,2024-09-28,9,2024,Madurai
order_02867,farmer_0037,consumer_0056,Brinjal,32.71,2.2,71.96,19.26,Delivered,2024-09-29,9,2024,Vellore
order_00101,farmer_0006,consumer_0155,Chilli,107.15,53.6,5743.24,2111.96,Delivered,2024-09-30,9,2024,Salem
order_01102,farmer_0020,consumer_0177,Brinjal,33.95,31.6,1072.82,414.17,Delivered,2024-09-30,9,2024,Coimbatore
order_01644,farmer_0048,consumer_0060,Banana,41.21,50.9,2097.59,610.9,Processing,2024-09-30,9,2024,Erode
order_02106,farmer_0002,consumer_0108,Carrot,50.14,22.6,1133.16,320.53,Delivered,2024-10-01,10,2024,Madurai
order_02991,farmer_0021,consumer_0156,Onion,30.95,7.7,238.31,49.64,On the way,2024-10-02,10,2024,Thanjavur
order_00483,farmer_0031,consumer_0072,Cauliflower,31.53,17.6,554.93,181.34,Delivered,2024-10-02,10,2024,Thanjavur
order_01536,farmer_0033,consumer_0084,Potato,26.42,58.7,1550.85,341.62,On the way,2024-10-02,10,2024,Erode
order_01696,farmer_0020,consumer_0014,Rice,39.19,10.3,403.66,150.49,Delivered,2024-10-03,10,2024,Trichy
order_01804,farmer_0040,consumer_0035,Groundnut,82.73,13.5,1116.86,426.12,Delivered,2024-10-03,10,2024,Chennai
order_00353,farmer_0015,consumer_0185,Lady Finger,39.32,1.0,39.32,8.69,Delivered,2024-10-04,10,2024,Vellore
order_00253,farmer_0050,consumer_0115,Cabbage,19.13,11.0,210.43,82.37,Delivered,2024-10-04,10,2024,Salem
order_00018,farmer_0033,consumer_0038,Chilli,115.29,1.2,138.35,30.93,Delivered,2024-10-04,10,2024,Dindigul
order_02806,farmer_0035,consumer_0094,Rice,43.01,34.8,1496.75,344.75,Delivered,2024-10-05,10,2024,Vellore
order_00041,farmer_0007,consumer_0181,Sugarcane,4.25,5.5,23.38,8.85,Processing,2024-10-06,10,2024,Thanjavur
order_02493,farmer_0023,consumer_0171,Cabbage,16.56,66.2,1096.27,278.37,Delivered,2024-10-06,10,2024,Chennai
order_02194,farmer_0038,consumer_0145,Onion,33.02,2.4,79.25,17.04,Delivered,2024-10-07,10,2024,Madurai
order_00499,farmer_0002,consumer_0161,Potato,24.51,37.9,928.93,340.32,Delivered,2024-10-07,10,2024,Tirunelveli
order_00829,farmer_0047,consumer_0057,Banana,41.79,15.3,639.39,240.86,On the way,2024-10-07,10,2024,Madurai
order_02050,farmer_0014,consumer_0027,Banana,40.09,10.1,404.91,129.17,Delivered,2024-10-07,10,2024,Thanjavur
order_00180,farmer_0010,consumer_0160,Banana,39.63,50.9,2017.17,585.58,Delivered,2024-10-07,10,2024,Dindigul
order_00432,farmer_0031,consumer_0087,Chilli,100.23,2.7,270.62,85.7,Delivered,2024-10-08,10,2024,Madurai
order_01954,farmer_0004,consumer_0128,Brinjal,26.83,9.6,257.57,95.32,Processing,2024-10-08,10,2024,Erode
order_02990,farmer_0001,consumer_0118,Rice,42.93,43.9,1884.63,426.46,Delivered,2024-10-09,10,2024,Tirunelveli
order_00606,farmer_0025,consumer_0053,Lady Finger,42.4,3.3,139.92,49.32,On the way,2024-10-10,10,2024,Thanjavur
order_02180,farmer_0045,consumer_0003,Carrot,50.88,14.1,717.41,174.14,On the way,2024-10-10,10,2024,Trichy
order_01314,farmer_0004,consumer_0116,Cotton,69.03,49.0,3382.47,1275.96,On the way,2024-10-10,10,2024,Dindigul
order_00472,farmer_0010,consumer_0103,Cotton,69.84,46.6,3254.54,899.2,Delivered,2024-10-10,10,2024,Vellore
order_02675,farmer_0042,consumer_0199,Onion,31.21,8.4,262.16,91.99,Delivered,2024-10-11,10,2024,Salem
order_01597,farmer_0037,consumer_0106,Rice,36.75,47.6,1749.3,627.74,Delivered,2024-10-11,10,2024,Dindigul
order_00055,farmer_0028,consumer_0103,Banana,41.92,75.1,3148.19,888.56,Delivered,2024-10-12,10,2024,Trichy
order_02300,farmer_0015,consumer_0108,Groundnut,77.55,5.7,442.04,101.13,Delivered,2024-10-13,10,2024,Thanjavur
order_01438,farmer_0008,consumer_0127,Potato,25.42,2.5,63.55,22.05,Delivered,2024-10-13,10,2024,Coimbatore
order_02685,farmer_0029,consumer_0071,Coconut,28.1,5.8,162.98,48.97,Delivered,2024-10-13,10,2024,Tirunelveli
order_02600,farmer_0014,consumer_0199,Banana,40.65,5.9,239.84,59.18,Delivered,2024-10-13,10,2024,Chennai
order_02071,farmer_0027,consumer_0072,Cauliflower,30.52,12.4,378.45,131.13,Delivered,2024-10-14,10,2024,Vellore
order_00909,farmer_0037,consumer_0193,Lady Finger,35.86,13.4,480.52,135.36,Delivered,2024-10-14,10,2024,Erode
order_01810,farmer_0041,consumer_0103,Brinjal,29.03,11.7,339.65,78.2,Delivered,2024-10-14,10,2024,Trichy
order_01115,farmer_0033,consumer_0156,Cotton,74.87,3.3,247.07,97.09,On the way,2024-10-15,10,2024,Chennai
order_00554,farmer_0031,consumer_0099,Brinjal,27.44,63.2,1734.21,468.76,Delivered,2024-10-16,10,2024,Thanjavur
order_02970,farmer_0043,consumer_0152,Banana,45.19,5.5,248.54,92.14,Delivered,2024-10-16,10,2024,Madurai
order_02786,farmer_0011,consumer_0099,Chilli,110.34,8.3,915.82,283.73,Processing,2024-10-17,10,2024,Madurai
order_02716,farmer_0020,consumer_0076,Onion,34.38,40.5,1392.39,340.71,On the way,2024-10-18,10,2024,Chennai
order_00441,farmer_0006,consumer_0091,Coconut,28.85,11.7,337.55,87.25,Delivered,2024-10-18,10,2024,Dindigul
order_01826,farmer_0031,consumer_0035,Cotton,73.34,26.3,1928.84,655.6,Delivered,2024-10-18,10,2024,Tirunelveli
order_02552,farmer_0001,consumer_0136,Cabbage,19.51,43.1,840.88,185.7,On the way,2024-10-18,10,2024,Vellore
order_01002,farmer_0011,consumer_0054,Cabbage,19.38,52.0,1007.76,223.62,Processing,2024-10-18,10,2024,Dindigul
order_02875,farmer_0036,consumer_0067,Carrot,49.4,57.8,2855.32,690.32,Delivered,2024-10-18,10,2024,Coimbatore
order_02035,farmer_0018,consumer_0177,Cabbage,18.8,1.5,28.2,10.5,Delivered,2024-10-19,10,2024,Vellore
order_00254,farmer_0022,consumer_0051,Potato,25.03,1.6,40.05,11.76,Delivered,2024-10-19,10,2024,Trichy
order_00487,farmer_0039,consumer_0187,Carrot,49.43,78.6,3885.2,840.22,Delivered,2024-10-20,10,2024,Trichy
order_01962,farmer_0005,consumer_0121,Groundnut,90.47,14.3,1293.72,278.46,Delivered,2024-10-20,10,2024,Chennai
order_00807,farmer_0020,consumer_0044,Rice,42.79,7.3,312.37,85.56,Processing,2024-10-20,10,2024,Dindigul
order_02595,farmer_0007,consumer_0113,Potato,25.78,17.9,461.46,164.02,Delivered,2024-10-21,10,2024,Trichy
order_01731,farmer_0027,consumer_0077,Onion,28.55,53.5,1527.42,322.26,On the way,2024-10-21,10,2024,Madurai
order_02181,farmer_0042,consumer_0112,Tomato,42.76,6.9,295.04,75.85,Delivered,2024-10-21,10,2024,Tirunelveli
order_00795,farmer_0022,consumer_0008,Onion,33.27,116.5,3875.96,1132.48,Delivered,2024-10-21,10,2024,Chennai
order_00085,farmer_0042,consumer_0043,Lady Finger,42.62,8.4,358.01,115.64,Delivered,2024-10-22,10,2024,Madurai
order_00797,farmer_0041,consumer_0150,Onion,30.1,29.5,887.95,206.88,Delivered,2024-10-22,10,2024,Coimbatore
order_02749,farmer_0046,consumer_0146,Cotton,69.03,44.0,3037.32,1050.82,Delivered,2024-10-22,10,2024,Trichy
order_02656,farmer_0047,consumer_0022,Rice,36.51,25.9,945.61,285.98,On the way,2024-10-23,10,2024,Chennai
order_01524,farmer_0028,consumer_0123,Onion,34.1,23.9,814.99,311.35,Delivered,2024-10-24,10,2024,Madurai
order_00278,farmer_0012,consumer_0145,Sugarcane,4.53,10.6,48.02,10.04,Delivered,2024-10-24,10,2024,Chennai
order_01255,farmer_0006,consumer_0044,Brinjal,27.29,6.1,166.47,61.83,Delivered,2024-10-24,10,2024,Dindigul
order_00500,farmer_0049,consumer_0009,Coconut,26.83,1.4,37.56,10.48,Delivered,2024-10-25,10,2024,Trichy
order_01133,farmer_0049,consumer_0069,Lady Finger,41.9,38.9,1629.91,612.41,Delivered,2024-10-26,10,2024,Chennai
order_02619,farmer_0040,consumer_0015,Cabbage,18.21,12.1,220.34,87.7,Delivered,2024-10-27,10,2024,Thanjavur
order_01535,farmer_0020,consumer_0044,Lady Finger,45.39,52.1,2364.82,553.83,Delivered,2024-10-27,10,2024,Vellore
order_01845,farmer_0018,consumer_0109,Carrot,49.83,9.6,478.37,117.51,On the way,2024-10-28,10,2024,Coimbatore
order_01528,farmer_0028,consumer_0084,Banana,39.79,14.5,576.96,158.36,On the way,2024-10-28,10,2024,Madurai
order_02644,farmer_0035,consumer_0187,Sugarcane,4.7,23.5,110.45,22.09,Delivered,2024-10-29,10,2024,Thanjavur
order_02192,farmer_0019,consumer_0190,Coconut,28.72,9.5,272.84,104.53,On the way,2024-10-30,10,2024,Coimbatore
order_00649,farmer_0034,consumer_0150,Chilli,111.78,9.5,1061.91,272.9,Processing,2024-10-30,10,2024,Coimbatore
order_00659,farmer_0046,consumer_0151,Coconut,27.43,6.0,164.58,50.25,Delivered,2024-10-30,10,2024,Thanjavur
order_02015,farmer_0004,consumer_0182,Rice,40.54,8.6,348.64,91.18,Delivered,2024-10-30,10,2024,Tirunelveli
order_01017,farmer_0019,consumer_0097,Coconut,27.34,37.9,1036.19,410.74,On the way,2024-10-30,10,2024,Madurai
order_00587,farmer_0031,consumer_0131,Banana,40.4,21.9,884.76,339.63,Delivered,2024-10-31,10,2024,Erode
order_00370,farmer_0037,consumer_0145,Tomato,46.67,35.5,1656.79,458.85,Processing,2024-10-31,10,2024,Vellore
order_00687,farmer_0043,consumer_0081,Potato,26.53,44.5,1180.59,412.09,Delivered,2024-10-31,10,2024,Dindigul
order_00145,farmer_0047,consumer_0109,Groundnut,86.0,6.2,533.2,202.4,Delivered,2024-10-31,10,2024,Dindigul
order_02392,farmer_0024,consumer_0064,Groundnut,84.13,7.7,647.8,186.53,On the way,2024-11-01,11,2024,Vellore
order_00761,farmer_0027,consumer_0146,Tomato,44.74,2.8,125.27,44.31,Delivered,2024-11-01,11,2024,Vellore
order_00398,farmer_0044,consumer_0184,Potato,36.06,8.8,317.33,74.09,Delivered,2024-11-01,11,2024,Tirunelveli
order_00950,farmer_0012,consumer_0094,Cabbage,17.68,23.1,408.41,98.21,On the way,2024-11-02,11,2024,Dindigul
order_02127,farmer_0034,consumer_0187,Brinjal,26.94,11.6,312.5,91.27,Delivered,2024-11-02,11,2024,Salem
order_02705,farmer_0040,consumer_0015,Brinjal,25.06,9.2,230.55,61.96,Delivered,2024-11-02,11,2024,Dindigul
order_02955,farmer_0001,consumer_0003,Brinjal,27.54,27.3,751.84,213.69,Delivered,2024-11-03,11,2024,Coimbatore
order_00107,farmer_0017,consumer_0129,Banana,37.62,31.2,1173.74,256.84,Delivered,2024-11-03,11,2024,Chennai
order_01142,farmer_0025,consumer_0156,Banana,45.0,3.3,148.5,50.93,On the way,2024-11-04,11,2024,Salem
order_02419,farmer_0003,consumer_0018,Cauliflower,43.98,45.5,2001.09,415.08,Delivered,2024-11-04,11,2024,Tirunelveli
order_02130,farmer_0050,consumer_0082,Chilli,108.54,15.2,1649.81,442.24,Processing,2024-11-05,11,2024,Erode
order_02286,farmer_0022,consumer_0195,Banana,38.55,6.6,254.43,63.23,Processing,2024-11-05,11,2024,Madurai
order_02004,farmer_0036,consumer_0005,Cauliflower,36.08,42.3,1526.18,373.95,Processing,2024-11-05,11,2024,Thanjavur
order_02748,farmer_0017,consumer_0134,Rice,31.94,10.8,344.95,77.36,Delivered,2024-11-05,11,2024,Dindigul
order_00784,farmer_0039,consumer_0137,Cauliflower,39.94,9.7,387.42,146.16,On the way,2024-11-06,11,2024,Dindigul
order_02515,farmer_0035,consumer_0037,Tomato,45.96,7.4,340.1,117.07,Delivered,2024-11-06,11,2024,Madurai
order_01739,farmer_0006,consumer_0001,Cabbage,16.19,6.2,100.38,24.75,Delivered,2024-11-06,11,2024,Vellore
order_02707,farmer_0008,consumer_0097,Groundnut,89.92,4.8,431.62,117.49,Delivered,2024-11-07,11,2024,Erode
order_02006,farmer_0011,consumer_0153,Cotton,76.49,31.3,2394.14,669.47,Delivered,2024-11-07,11,2024,Vellore
order_01385,farmer_0019,consumer_0191,Banana,41.69,1.0,41.69,14.62,Delivered,2024-11-07,11,2024,Salem
order_02381,farmer_0007,consumer_0071,Cabbage,20.1,5.4,108.54,25.85,Delivered,2024-11-07,11,2024,Thanjavur
order_00392,farmer_0015,consumer_0096,Coconut,25.85,23.4,604.89,240.07,Delivered,2024-11-08,11,2024,Tirunelveli
order_00920,farmer_0045,consumer_0187,Cabbage,20.04,26.4,529.06,190.29,Delivered,2024-11-08,11,2024,Salem
order_01788,farmer_0011,consumer_0142,Groundnut,92.65,12.2,1130.33,412.36,Delivered,2024-11-09,11,2024,Trichy
order_02328,farmer_0019,consumer_0063,Banana,44.53,41.7,1856.9,511.33,Delivered,2024-11-09,11,2024,Erode
order_00484,farmer_0021,consumer_0162,Chilli,112.83,10.2,1150.87,390.91,Delivered,2024-11-09,11,2024,Dindigul
order_00198,farmer_0016,consumer_0119,Cotton,59.74,7.8,465.97,174.47,Delivered,2024-11-09,11,2024,Coimbatore
order_02377,farmer_0023,consumer_0136,Cauliflower,38.95,31.4,1223.03,315.98,On the way,2024-11-10,11,2024,Chennai
order_02294,farmer_0032,consumer_0096,Cabbage,19.11,24.6,470.11,145.97,Delivered,2024-11-10,11,2024,Dindigul
order_00933,farmer_0002,consumer_0173,Groundnut,88.67,50.7,4495.57,1515.56,Delivered,2024-11-10,11,2024,Coimbatore
order_01526,farmer_0042,consumer_0169,Tomato,44.53,15.7,699.12,172.81,Delivered,2024-11-10,11,2024,Trichy
order_01308,farmer_0020,consumer_0131,Carrot,56.56,8.4,475.1,182.94,Delivered,2024-11-11,11,2024,Coimbatore
order_02209,farmer_0032,consumer_0196,Cabbage,19.57,11.0,215.27,67.28,Processing,2024-11-11,11,2024,Tirunelveli
order_00682,farmer_0046,consumer_0124,Banana,41.4,19.7,815.58,275.3,Delivered,2024-11-12,11,2024,Tirunelveli
order_00991,farmer_0050,consumer_0128,Carrot,64.07,27.1,1736.3,437.91,Delivered,2024-11-12,11,2024,Dindigul
order_00732,farmer_0005,consumer_0025,Onion,31.35,46.6,1460.91,370.79,Processing,2024-11-13,11,2024,Dindigul
order_02986,farmer_0021,consumer_0092,Onion,31.31,6.0,187.86,63.57,Delivered,2024-11-13,11,2024,Erode
order_01080,farmer_0050,consumer_0118,Rice,34.12,28.8,982.66,338.6,Delivered,2024-11-13,11,2024,Dindigul
order_01530,farmer_0011,consumer_0180,Banana,39.79,20.3,807.74,279.26,On the way,2024-11-13,11,2024,Dindigul
order_02428,farmer_0011,consumer_0185,Groundnut,76.57,35.4,2710.58,685.16,Delivered,2024-11-13,11,2024,Erode
order_02658,farmer_0042,consumer_0054,Carrot,65.71,4.5,295.69,64.11,Delivered,2024-11-13,11,2024,Chennai
order_00948,farmer_0003,consumer_0023,Lady Finger,44.03,19.0,836.57,264.69,Delivered,2024-11-14,11,2024,Vellore
order_01957,farmer_0038,consumer_0153,Sugarcane,4.71,10.6,49.93,18.31,Delivered,2024-11-14,11,2024,Coimbatore
order_00728,farmer_0037,consumer_0055,Banana,44.12,11.0,485.32,127.96,On the way,2024-11-14,11,2024,Dindigul
order_02679,farmer_0016,consumer_0088,Cotton,69.02,3.2,220.86,73.09,Delivered,2024-11-14,11,2024,Madurai
order_01045,farmer_0050,consumer_0052,Tomato,47.23,11.1,524.25,125.71,Delivered,2024-11-14,11,2024,Dindigul
order_00258,farmer_0037,consumer_0024,Banana,41.31,11.1,458.54,149.89,Delivered,2024-11-14,11,2024,Thanjavur
order_00667,farmer_0016,consumer_0125,Tomato,49.59,64.2,3183.68,1233.74,On the way,2024-11-14,11,2024,Erode
order_00189,farmer_0044,consumer_0026,Lady Finger,39.26,12.0,471.12,166.11,Delivered,2024-11-15,11,2024,Tirunelveli
order_02174,farmer_0014,consumer_0070,Potato,32.82,21.9,718.76,193.1,Delivered,2024-11-16,11,2024,Trichy
order_00545,farmer_0024,consumer_0141,Coconut,27.37,8.5,232.65,69.29,Delivered,2024-11-16,11,2024,Tirunelveli
order_02171,farmer_0041,consumer_0047,Cauliflower,35.1,26.8,940.68,255.12,Delivered,2024-11-16,11,2024,Erode
order_01370,farmer_0003,consumer_0041,Coconut,30.71,42.3,1299.03,307.01,On the way,2024-11-16,11,2024,Coimbatore
order_00689,farmer_0016,consumer_0132,Brinjal,27.98,26.9,752.66,172.84,Delivered,2024-11-16,11,2024,Dindigul
order_02439,farmer_0049,consumer_0047,Onion,31.83,1.5,47.74,14.74,Delivered,2024-11-17,11,2024,Dindigul
order_02648,farmer_0046,consumer_0148,Coconut,27.47,3.9,107.13,38.17,Delivered,2024-11-17,11,2024,Salem
order_01456,farmer_0002,consumer_0166,Onion,32.89,82.0,2696.98,897.15,Delivered,2024-11-17,11,2024,Thanjavur
order_00040,farmer_0033,consumer_0173,Lady Finger,39.29,2.9,113.94,29.08,Delivered,2024-11-17,11,2024,Coimbatore
order_02336,farmer_0044,consumer_0125,Rice,32.8,9.4,308.32,76.84,On the way,2024-11-17,11,2024,Coimbatore
order_00915,farmer_0007,consumer_0176,Cotton,69.38,39.4,2733.57,841.43,Delivered,2024-11-17,11,2024,Trichy
order_02191,farmer_0022,consumer_0179,Groundnut,93.6,1.0,93.6,37.01,Delivered,2024-11-17,11,2024,Chennai
order_01304,farmer_0016,consumer_0112,Sugarcane,4.86,12.9,62.69,24.41,Delivered,2024-11-18,11,2024,Vellore
order_00765,farmer_0035,consumer_0086,Tomato,43.1,1.0,43.1,11.7,Delivered,2024-11-19,11,2024,Erode
order_01660,farmer_0006,consumer_0141,Cotton,67.03,3.4,227.9,59.26,Delivered,2024-11-20,11,2024,Tirunelveli
order_01570,farmer_0002,consumer_0189,Cauliflower,40.2,17.4,699.48,220.54,Delivered,2024-11-20,11,2024,Dindigul
order_00595,farmer_0032,consumer_0096,Rice,33.74,33.5,1130.29,267.44,Delivered,2024-11-21,11,2024,Salem
order_01401,farmer_0001,consumer_0143,Chilli,110.28,15.8,1742.42,567.33,Delivered,2024-11-21,11,2024,Tirunelveli
order_02488,farmer_0002,consumer_0196,Sugarcane,4.88,28.1,137.13,51.19,Processing,2024-11-21,11,2024,Trichy
order_00940,farmer_0012,consumer_0088,Cotton,69.77,4.1,286.06,98.54,Delivered,2024-11-22,11,2024,Tirunelveli
order_02602,farmer_0042,consumer_0151,Lady Finger,41.75,92.1,3845.17,1365.17,Delivered,2024-11-22,11,2024,Tirunelveli
order_01348,farmer_0025,consumer_0063,Potato,29.25,28.9,845.32,204.75,Delivered,2024-11-22,11,2024,Erode
order_00848,farmer_0028,consumer_0112,Cotton,65.89,8.4,553.48,137.0,Delivered,2024-11-22,11,2024,Chennai
order_01874,farmer_0016,consumer_0114,Tomato,39.43,19.2,757.06,287.6,On the way,2024-11-22,11,2024,Trichy
order_00445,farmer_0049,consumer_0169,Groundnut,86.42,29.2,2523.46,525.11,Delivered,2024-11-22,11,2024,Erode
order_00960,farmer_0043,consumer_0072,Sugarcane,4.64,6.5,30.16,9.11,Delivered,2024-11-22,11,2024,Thanjavur
order_00135,farmer_0003,consumer_0060,Carrot,66.55,12.2,811.91,240.74,Delivered,2024-11-22,11,2024,Thanjavur
order_02128,farmer_0032,consumer_0114,Rice,32.66,1.0,32.66,8.85,Delivered,2024-11-23,11,2024,Salem
order_01084,farmer_0023,consumer_0149,Potato,28.69,38.4,1101.7,242.86,On the way,2024-11-23,11,2024,Salem
order_02311,farmer_0012,consumer_0057,Carrot,65.66,2.9,190.41,63.81,Delivered,2024-11-23,11,2024,Coimbatore
order_01975,farmer_0019,consumer_0178,Carrot,65.87,52.2,3438.41,749.95,Delivered,2024-11-23,11,2024,Tirunelveli
order_01723,farmer_0027,consumer_0144,Brinjal,28.3,49.1,1389.53,510.65,Processing,2024-11-24,11,2024,Coimbatore
order_01989,farmer_0027,consumer_0125,Cabbage,18.13,11.9,215.75,74.61,Delivered,2024-11-25,11,2024,Tirunelveli
order_02215,farmer_0013,consumer_0182,Cotton,76.89,23.1,1776.16,620.92,On the way,2024-11-25,11,2024,Tirunelveli
order_01366,farmer_0035,consumer_0160,Brinjal,25.4,28.8,731.52,248.05,Delivered,2024-11-25,11,2024,Erode
order_01766,farmer_0005,consumer_0151,Sugarcane,4.21,1.0,4.21,1.13,On the way,2024-11-25,11,2024,Chennai
order_00961,farmer_0024,consumer_0082,Coconut,25.1,5.2,130.52,45.24,Delivered,2024-11-26,11,2024,Dindigul
order_02058,farmer_0045,consumer_0019,Banana,45.09,28.0,1262.52,310.07,Processing,2024-11-26,11,2024,Madurai
order_00439,farmer_0005,consumer_0046,Chilli,110.1,6.4,704.64,280.14,Delivered,2024-11-26,11,2024,Madurai
order_01103,farmer_0043,consumer_0013,Chilli,102.06,36.0,3674.16,1167.17,Delivered,2024-11-27,11,2024,Coimbatore
order_02814,farmer_0014,consumer_0128,Carrot,69.47,15.6,1083.73,432.34,Delivered,2024-11-27,11,2024,Trichy
order_02638,farmer_0030,consumer_0055,Tomato,51.3,77.2,3960.36,1009.07,Delivered,2024-11-27,11,2024,Trichy
order_02936,farmer_0007,consumer_0088,Carrot,63.5,24.8,1574.8,474.18,Delivered,2024-11-28,11,2024,Thanjavur
order_02902,farmer_0021,consumer_0200,Rice,35.18,1.2,42.22,12.14,Delivered,2024-11-29,11,2024,Madurai
order_02926,farmer_0013,consumer_0052,Cauliflower,40.05,12.3,492.62,127.33,Delivered,2024-11-30,11,2024,Chennai
order_02887,farmer_0030,consumer_0039,Groundnut,80.82,30.7,2481.17,725.16,Delivered,2024-11-30,11,2024,Madurai
order_00405,farmer_0012,consumer_0090,Potato,30.05,14.6,438.73,163.16,Delivered,2024-11-30,11,2024,Erode
order_02323,farmer_0012,consumer_0088,Coconut,26.91,10.6,285.25,81.6,Delivered,2024-11-30,11,2024,Tirunelveli
order_00805,farmer_0018,consumer_0136,Chilli,101.37,26.5,2686.31,584.91,Delivered,2024-11-30,11,2024,Madurai
order_01309,farmer_0010,consumer_0083,Cabbage,17.7,1.1,19.47,4.62,Delivered,2024-11-30,11,2024,Vellore
order_00128,farmer_0048,consumer_0069,Rice,31.37,9.6,301.15,102.37,Delivered,2024-12-01,12,2024,Coimbatore
order_00449,farmer_0017,consumer_0142,Sugarcane,4.61,3.2,14.75,3.34,Delivered,2024-12-01,12,2024,Salem
order_01357,farmer_0037,consumer_0172,Cotton,54.48,41.7,2271.82,604.28,Delivered,2024-12-01,12,2024,Coimbatore
order_02944,farmer_0030,consumer_0133,Rice,28.17,1.7,47.89,17.81,Delivered,2024-12-02,12,2024,Erode
order_02831,farmer_0027,consumer_0061,Cabbage,22.94,1.0,22.94,5.42,Delivered,2024-12-02,12,2024,Erode
order_01634,farmer_0018,consumer_0194,Potato,32.97,1.4,46.16,10.9,Delivered,2024-12-02,12,2024,Coimbatore
order_01581,farmer_0034,consumer_0128,Cauliflower,38.97,17.2,670.28,259.09,Delivered,2024-12-03,12,2024,Salem
order_02649,farmer_0046,consumer_0192,Brinjal,26.64,20.7,551.45,144.58,On the way,2024-12-03,12,2024,Trichy
order_02759,farmer_0044,consumer_0109,Lady Finger,40.85,2.9,118.47,33.81,Delivered,2024-12-03,12,2024,Erode
order_00504,farmer_0035,consumer_0016,Groundnut,66.97,1.0,66.97,23.45,Delivered,2024-12-04,12,2024,Thanjavur
order_00297,farmer_0037,consumer_0104,Cabbage,21.94,29.4,645.04,153.23,Delivered,2024-12-05,12,2024,Erode
order_00009,farmer_0038,consumer_0009,Cotton,58.59,24.1,1412.02,547.85,Delivered,2024-12-05,12,2024,Madurai
order_02471,farmer_0015,consumer_0049,Coconut,26.64,17.2,458.21,105.32,On the way,2024-12-06,12,2024,Tirunelveli
order_00899,farmer_0029,consumer_0020,Carrot,63.47,8.1,514.11,141.48,On the way,2024-12-07,12,2024,Thanjavur
order_01933,farmer_0039,consumer_0169,Cauliflower,45.08,32.4,1460.59,402.23,Delivered,2024-12-07,12,2024,Madurai
order_00415,farmer_0031,consumer_0040,Banana,40.5,81.0,3280.5,1299.16,Delivered,2024-12-07,12,2024,Erode
order_00463,farmer_0042,consumer_0175,Banana,43.76,9.3,406.97,141.25,Delivered,2024-12-07,12,2024,Trichy
order_00685,farmer_0017,consumer_0100,Rice,37.92,8.9,337.49,71.96,Processing,2024-12-07,12,2024,Madurai
order_00179,farmer_0034,consumer_0095,Lady Finger,38.22,28.9,1104.56,239.27,Delivered,2024-12-08,12,2024,Trichy
order_01020,farmer_0032,consumer_0005,Carrot,67.78,51.8,3511.0,792.22,Delivered,2024-12-08,12,2024,Coimbatore
order_01130,farmer_0049,consumer_0137,Groundnut,76.05,12.8,973.44,330.28,Delivered,2024-12-09,12,2024,Chennai
order_02971,farmer_0045,consumer_0057,Cotton,56.66,10.4,589.26,138.42,Delivered,2024-12-11,12,2024,Vellore
order_01964,farmer_0013,consumer_0066,Carrot,58.65,111.9,6562.94,1415.57,Delivered,2024-12-11,12,2024,Chennai
order_01513,farmer_0001,consumer_0039,Lady Finger,42.75,69.7,2979.68,843.84,Delivered,2024-12-12,12,2024,Erode
order_02445,farmer_0006,consumer_0010,Cabbage,20.93,3.3,69.07,26.4,On the way,2024-12-12,12,2024,Vellore
order_01376,farmer_0017,consumer_0085,Groundnut,72.6,21.4,1553.64,443.29,Delivered,2024-12-12,12,2024,Chennai
order_01420,farmer_0048,consumer_0015,Carrot,62.95,3.7,232.92,81.56,Delivered,2024-12-12,12,2024,Madurai
order_01032,farmer_0012,consumer_0064,Carrot,58.89,30.6,1802.03,494.47,Delivered,2024-12-13,12,2024,Trichy
order_01004,farmer_0013,consumer_0123,Sugarcane,4.68,6.9,32.29,10.75,Processing,2024-12-14,12,2024,Trichy
order_00957,farmer_0022,consumer_0143,Cabbage,23.84,10.3,245.55,68.86,Delivered,2024-12-14,12,2024,Tirunelveli
order_01561,farmer_0034,consumer_0190,Chilli,109.69,5.7,625.23,219.36,On the way,2024-12-14,12,2024,Coimbatore
order_02380,farmer_0022,consumer_0020,Onion,38.97,1.0,38.97,10.96,Delivered,2024-12-14,12,2024,Salem
order_00775,farmer_0036,consumer_0179,Sugarcane,4.44,45.2,200.69,77.65,Delivered,2024-12-15,12,2024,Madurai
order_00048,farmer_0012,consumer_0077,Coconut,28.24,31.4,886.74,263.23,Delivered,2024-12-15,12,2024,Salem
order_02890,farmer_0028,consumer_0098,Cabbage,23.12,1.0,23.12,8.05,Processing,2024-12-15,12,2024,Dindigul
order_00286,farmer_0005,consumer_0029,Tomato,46.86,1.9,89.03,33.78,Processing,2024-12-15,12,2024,Erode
order_01849,farmer_0008,consumer_0192,Groundnut,68.15,1.7,115.86,29.57,Delivered,2024-12-15,12,2024,Salem
order_01131,farmer_0024,consumer_0068,Brinjal,29.52,32.3,953.5,376.39,Delivered,2024-12-18,12,2024,Thanjavur
order_02660,farmer_0004,consumer_0056,Brinjal,27.26,2.7,73.6,22.44,Delivered,2024-12-18,12,2024,Tirunelveli
order_01868,farmer_0027,consumer_0120,Cabbage,23.88,15.1,360.59,135.47,Delivered,2024-12-20,12,2024,Madurai
order_00714,farmer_0049,consumer_0111,Brinjal,29.15,34.5,1005.67,207.13,Delivered,2024-12-20,12,2024,Coimbatore
order_02276,farmer_0009,consumer_0059,Onion,39.94,7.4,295.56,110.55,Delivered,2024-12-20,12,2024,Madurai
order_01691,farmer_0010,consumer_0034,Cauliflower,38.3,30.0,1149.0,443.95,Delivered,2024-12-20,12,2024,Trichy
order_02730,farmer_0036,consumer_0161,Coconut,27.13,5.6,151.93,45.34,Delivered,2024-12-21,12,2024,Erode
order_01502,farmer_0019,consumer_0104,Banana,43.97,36.8,1618.1,545.49,Delivered,2024-12-21,12,2024,Trichy
order_01922,farmer_0028,consumer_0066,Tomato,47.87,30.7,1469.61,398.22,Delivered,2024-12-21,12,2024,Thanjavur
order_00336,farmer_0015,consumer_0082,Chilli,107.16,44.8,4800.77,1552.0,Delivered,2024-12-21,12,2024,Trichy
order_00181,farmer_0049,consumer_0006,Potato,32.82,2.0,65.64,20.54,Delivered,2024-12-21,12,2024,Trichy
order_01725,farmer_0003,consumer_0004,Chilli,113.29,66.5,7533.79,2208.19,Delivered,2024-12-21,12,2024,Madurai
order_02999,farmer_0023,consumer_0108,Sugarcane,4.66,47.3,220.42,47.99,Delivered,2024-12-22,12,2024,Dindigul
order_01437,farmer_0040,consumer_0065,Potato,31.83,113.4,3609.52,796.67,Delivered,2024-12-22,12,2024,Vellore
order_00646,farmer_0033,consumer_0043,Onion,42.28,113.6,4803.01,1279.0,Delivered,2024-12-22,12,2024,Chennai
order_02500,farmer_0011,consumer_0103,Rice,31.71,8.5,269.54,84.96,Delivered,2024-12-23,12,2024,Vellore
order_02934,farmer_0010,consumer_0145,Potato,31.08,1.5,46.62,10.5,On the way,2024-12-23,12,2024,Erode
order_00060,farmer_0042,consumer_0013,Cauliflower,37.59,10.1,379.66,134.16,Delivered,2024-12-23,12,2024,Thanjavur
order_00419,farmer_0027,consumer_0118,Cabbage,25.0,5.1,127.5,30.81,Delivered,2024-12-23,12,2024,Erode
order_00954,farmer_0034,consumer_0032,Tomato,47.53,36.9,1753.86,412.97,Delivered,2024-12-25,12,2024,Dindigul
order_00357,farmer_0037,consumer_0065,Coconut,27.88,42.0,1170.96,249.51,Delivered,2024-12-26,12,2024,Chennai
order_02671,farmer_0030,consumer_0065,Potato,33.61,4.8,161.33,59.64,Delivered,2024-12-26,12,2024,Chennai
order_02318,farmer_0008,consumer_0060,Potato,29.04,70.2,2038.61,714.13,Delivered,2024-12-27,12,2024,Dindigul
order_02694,farmer_0035,consumer_0100,Tomato,44.9,21.3,956.37,204.13,Delivered,2024-12-27,12,2024,Tirunelveli
order_00366,farmer_0017,consumer_0128,Banana,39.85,7.0,278.95,65.69,Delivered,2024-12-28,12,2024,Coimbatore
order_01478,farmer_0027,consumer_0158,Cauliflower,38.97,31.5,1227.56,381.32,On the way,2024-12-28,12,2024,Madurai
order_01399,farmer_0014,consumer_0188,Potato,30.06,13.1,393.79,87.16,Delivered,2024-12-29,12,2024,Erode
order_02337,farmer_0009,consumer_0097,Lady Finger,44.1,3.8,167.58,53.15,Processing,2024-12-29,12,2024,Thanjavur
order_01070,farmer_0015,consumer_0147,Cauliflower,36.66,2.9,106.31,32.36,Delivered,2024-12-30,12,2024,Erode
order_01611,farmer_0018,consumer_0195,Tomato,44.16,1.1,48.58,14.09,On the way,2024-12-30,12,2024,Trichy
order_01699,farmer_0002,consumer_0103,Potato,30.18,2.9,87.52,22.0,Delivered,2024-12-31,12,2024,Trichy
order_00431,farmer_0014,consumer_0079,Chilli,124.39,37.0,4602.43,1107.35,On the way,2024-12-31,12,2024,Coimbatore
order_00764,farmer_0013,consumer_0063,Carrot,62.14,34.8,2162.47,474.05,Delivered,2024-12-31,12,2024,Vellore
order_01963,farmer_0043,consumer_0043,Cauliflower,37.49,83.1,3115.42,679.05,Delivered,2025-01-01,1,2025,Thanjavur
order_01324,farmer_0035,consumer_0017,Cauliflower,42.42,76.9,3262.1,1184.33,Delivered,2025-01-01,1,2025,Chennai
order_00925,farmer_0035,consumer_0103,Onion,41.01,12.5,512.62,197.22,On the way,2025-01-01,1,2025,Erode
order_02666,farmer_0012,consumer_0173,Banana,39.75,2.2,87.45,25.55,Delivered,2025-01-01,1,2025,Tirunelveli
order_02506,farmer_0045,consumer_0117,Chilli,140.95,21.4,3016.33,791.89,Delivered,2025-01-02,1,2025,Chennai
order_01359,farmer_0001,consumer_0036,Brinjal,26.33,168.0,4423.44,1596.73,Processing,2025-01-02,1,2025,Chennai
order_00379,farmer_0031,consumer_0169,Tomato,36.97,11.8,436.25,92.36,Delivered,2025-01-03,1,2025,Dindigul
order_02769,farmer_0008,consumer_0157,Onion,41.54,34.2,1420.67,505.37,Delivered,2025-01-03,1,2025,Tirunelveli
order_01823,farmer_0011,consumer_0088,Onion,42.05,3.4,142.97,53.55,Delivered,2025-01-03,1,2025,Erode
order_01748,farmer_0030,consumer_0053,Tomato,38.89,3.3,128.34,27.33,On the way,2025-01-03,1,2025,Chennai
order_01674,farmer_0020,consumer_0041,Cotton,50.01,6.5,325.06,106.44,On the way,2025-01-04,1,2025,Salem
order_02752,farmer_0027,consumer_0122,Rice,35.88,4.4,157.87,59.44,Delivered,2025-01-04,1,2025,Salem
order_00540,farmer_0035,consumer_0175,Chilli,150.51,1.0,150.51,49.53,Delivered,2025-01-04,1,2025,Madurai
order_01450,farmer_0006,consumer_0103,Potato,28.71,25.2,723.49,226.78,Processing,2025-01-04,1,2025,Vellore
order_00876,farmer_0043,consumer_0069,Cotton,54.69,80.8,4418.95,1365.01,On the way,2025-01-04,1,2025,Coimbatore
order_01639,farmer_0025,consumer_0010,Chilli,125.1,1.3,162.63,51.53,Delivered,2025-01-05,1,2025,Madurai
order_01825,farmer_0048,consumer_0139,Cotton,52.36,8.1,424.12,147.19,Delivered,2025-01-05,1,2025,Madurai
order_01147,farmer_0035,consumer_0054,Banana,41.88,9.7,406.24,102.51,Delivered,2025-01-06,1,2025,Thanjavur
order_00416,farmer_0047,consumer_0045,Lady Finger,41.75,23.1,964.43,236.06,Delivered,2025-01-07,1,2025,Tirunelveli
order_00691,farmer_0024,consumer_0087,Coconut,25.4,13.9,353.06,120.84,Delivered,2025-01-08,1,2025,Chennai
order_02101,farmer_0040,consumer_0194,Sugarcane,3.67,176.4,647.39,223.04,Delivered,2025-01-08,1,2025,Trichy
order_02207,farmer_0015,consumer_0092,Lady Finger,42.79,1.9,81.3,19.14,Delivered,2025-01-08,1,2025,Tirunelveli
order_01148,farmer_0040,consumer_0056,Cauliflower,42.06,45.8,1926.35,650.5,Delivered,2025-01-10,1,2025,Erode
order_00872,farmer_0034,consumer_0036,Cauliflower,41.72,17.8,742.62,245.09,Delivered,2025-01-10,1,2025,Thanjavur
order_00593,farmer_0014,consumer_0119,Rice,29.89,39.9,1192.61,408.5,Delivered,2025-01-10,1,2025,Dindigul
order_00061,farmer_0035,consumer_0102,Rice,31.1,16.4,510.04,156.63,Delivered,2025-01-11,1,2025,Salem
order_01666,farmer_0018,consumer_0106,Onion,43.48,7.7,334.8,80.58,Delivered,2025-01-13,1,2025,Tirunelveli
order_00664,farmer_0037,consumer_0085,Lady Finger,39.84,28.1,1119.5,316.29,Delivered,2025-01-13,1,2025,Trichy
order_00988,farmer_0037,consumer_0139,Coconut,29.0,54.2,1571.8,535.19,On the way,2025-01-14,1,2025,Salem
order_02968,farmer_0037,consumer_0058,Brinjal,27.62,23.2,640.78,232.14,Delivered,2025-01-14,1,2025,Dindigul
order_00422,farmer_0049,consumer_0105,Cabbage,23.37,86.8,2028.52,770.98,Delivered,2025-01-14,1,2025,Vellore
order_00996,farmer_0004,consumer_0141,Potato,29.01,6.6,191.47,53.5,Delivered,2025-01-16,1,2025,Salem
order_01950,farmer_0029,consumer_0158,Coconut,26.44,101.3,2678.37,667.45,Delivered,2025-01-16,1,2025,Tirunelveli
order_00350,farmer_0021,consumer_0139,Chilli,133.19,15.6,2077.76,789.57,Delivered,2025-01-16,1,2025,Vellore
order_02415,farmer_0013,consumer_0178,Coconut,28.39,46.1,1308.78,313.13,Delivered,2025-01-16,1,2025,Madurai
order_01998,farmer_0022,consumer_0041,Potato,35.23,43.8,1543.07,350.36,Delivered,2025-01-17,1,2025,Salem
order_02820,farmer_0043,consumer_0141,Onion,40.5,4.0,162.0,51.14,Delivered,2025-01-17,1,2025,Dindigul
order_02485,farmer_0033,consumer_0156,Brinjal,25.1,3.5,87.85,26.79,Processing,2025-01-17,1,2025,Trichy
order_02830,farmer_0002,consumer_0132,Cabbage,25.18,16.9,425.54,132.83,On the way,2025-01-17,1,2025,Madurai
order_02016,farmer_0021,consumer_0178,Banana,42.54,2.3,97.84,23.75,Delivered,2025-01-18,1,2025,Erode
order_02096,farmer_0020,consumer_0018,Chilli,128.56,67.9,8729.22,3414.29,On the way,2025-01-18,1,2025,Thanjavur
order_02143,farmer_0039,consumer_0181,Brinjal,27.25,1.0,27.25,7.92,Delivered,2025-01-19,1,2025,Madurai
order_01413,farmer_0036,consumer_0157,Cotton,60.65,12.2,739.93,288.17,On the way,2025-01-20,1,2025,Trichy
order_01022,farmer_0009,consumer_0055,Chilli,142.55,15.2,2166.76,601.22,Delivered,2025-01-20,1,2025,Chennai
order_02414,farmer_0019,consumer_0036,Sugarcane,3.34,33.0,110.22,25.4,Delivered,2025-01-20,1,2025,Tirunelveli
order_02583,farmer_0012,consumer_0191,Brinjal,27.24,3.8,103.51,37.94,Delivered,2025-01-20,1,2025,Tirunelveli
order_00971,farmer_0046,consumer_0043,Potato,31.95,9.1,290.75,107.34,Delivered,2025-01-20,1,2025,Vellore
order_00115,farmer_0026,consumer_0107,Cauliflower,35.41,27.7,980.86,297.46,Delivered,2025-01-20,1,2025,Chennai
order_02046,farmer_0027,consumer_0036,Brinjal,27.93,16.1,449.67,135.47,Delivered,2025-01-21,1,2025,Vellore
order_00632,farmer_0016,consumer_0117,Rice,29.37,2.3,67.55,21.26,Delivered,2025-01-22,1,2025,Madurai
order_00536,farmer_0011,consumer_0096,Carrot,64.38,6.8,437.78,127.5,Delivered,2025-01-22,1,2025,Vellore
order_01325,farmer_0003,consumer_0010,Cauliflower,41.38,43.1,1783.48,472.79,Delivered,2025-01-22,1,2025,Chennai
order_02133,farmer_0007,consumer_0020,Banana,41.72,7.2,300.38,119.06,Delivered,2025-01-22,1,2025,Trichy
order_02352,farmer_0027,consumer_0161,Sugarcane,3.59,46.3,166.22,60.85,Processing,2025-01-22,1,2025,Madurai
order_02822,farmer_0046,consumer_0135,Rice,31.07,23.1,717.72,269.75,Delivered,2025-01-23,1,2025,Dindigul
order_02614,farmer_0029,consumer_0106,Rice,30.74,14.8,454.95,91.66,Delivered,2025-01-23,1,2025,Vellore
order_00512,farmer_0026,consumer_0055,Carrot,65.78,116.1,7637.06,2305.09,Delivered,2025-01-23,1,2025,Madurai
order_00525,farmer_0028,consumer_0190,Tomato,35.56,1.0,35.56,8.64,On the way,2025-01-23,1,2025,Vellore
order_00840,farmer_0004,consumer_0020,Groundnut,68.63,39.9,2738.34,881.6,Delivered,2025-01-23,1,2025,Trichy
order_00569,farmer_0031,consumer_0009,Cauliflower,40.36,6.9,278.48,91.05,On the way,2025-01-24,1,2025,Trichy
order_00007,farmer_0038,consumer_0007,Potato,29.97,3.2,95.9,20.04,Delivered,2025-01-24,1,2025,Coimbatore
order_00495,farmer_0010,consumer_0115,Onion,42.61,3.7,157.66,46.19,Delivered,2025-01-24,1,2025,Tirunelveli
order_01664,farmer_0010,consumer_0195,Coconut,27.08,9.2,249.14,84.42,Delivered,2025-01-26,1,2025,Dindigul
order_00160,farmer_0019,consumer_0197,Cauliflower,43.56,34.9,1520.24,380.77,Delivered,2025-01-26,1,2025,Chennai
order_02266,farmer_0045,consumer_0188,Tomato,37.37,34.5,1289.26,285.18,Delivered,2025-01-26,1,2025,Vellore
order_01747,farmer_0030,consumer_0120,Groundnut,69.59,17.2,1196.95,424.13,Delivered,2025-01-27,1,2025,Madurai
order_02210,farmer_0033,consumer_0016,Potato,34.4,9.9,340.56,121.75,Delivered,2025-01-27,1,2025,Dindigul
order_02712,farmer_0016,consumer_0196,Onion,42.92,8.1,347.65,109.46,Delivered,2025-01-27,1,2025,Chennai
order_02065,farmer_0037,consumer_0154,Carrot,61.6,48.4,2981.44,835.29,Delivered,2025-01-27,1,2025,Thanjavur
order_00942,farmer_0033,consumer_0028,Lady Finger,41.34,26.3,1087.24,239.68,Delivered,2025-01-27,1,2025,Thanjavur
order_01949,farmer_0001,consumer_0022,Coconut,29.62,4.7,139.21,39.04,On the way,2025-01-27,1,2025,Erode
order_02374,farmer_0046,consumer_0014,Lady Finger,42.62,4.6,196.05,75.17,Delivered,2025-01-28,1,2025,Coimbatore
order_01514,farmer_0014,consumer_0012,Cotton,56.29,27.2,1531.09,586.47,Processing,2025-01-28,1,2025,Vellore
order_01421,farmer_0012,consumer_0060,Banana,40.48,17.5,708.4,171.52,Processing,2025-01-28,1,2025,Dindigul
order_01172,farmer_0006,consumer_0181,Cauliflower,43.2,6.3,272.16,70.71,Processing,2025-01-29,1,2025,Salem
order_01560,farmer_0024,consumer_0199,Carrot,66.52,9.2,611.98,176.01,Delivered,2025-01-29,1,2025,Erode
order_01706,farmer_0018,consumer_0022,Cabbage,24.66,20.7,510.46,133.84,Delivered,2025-01-29,1,2025,Madurai
order_02937,farmer_0005,consumer_0110,Coconut,27.14,8.7,236.12,90.41,Delivered,2025-01-31,1,2025,Salem
order_02927,farmer_0016,consumer_0177,Carrot,46.66,11.1,517.93,156.18,Delivered,2025-02-01,2,2025,Thanjavur
order_02982,farmer_0015,consumer_0131,Cabbage,22.91,14.2,325.32,120.75,On the way,2025-02-01,2,2025,Chennai
order_01123,farmer_0017,consumer_0137,Onion,36.28,66.4,2408.99,920.58,Delivered,2025-02-01,2,2025,Thanjavur
order_00719,farmer_0001,consumer_0081,Coconut,30.99,14.1,436.96,144.08,Delivered,2025-02-01,2,2025,Erode
order_01744,farmer_0007,consumer_0088,Rice,29.49,72.8,2146.87,757.88,Delivered,2025-02-01,2,2025,Vellore
order_00538,farmer_0019,consumer_0038,Groundnut,69.78,1.2,83.74,24.58,Delivered,2025-02-01,2,2025,Erode
order_01164,farmer_0004,consumer_0186,Rice,34.83,22.8,794.12,219.77,Processing,2025-02-02,2,2025,Salem
order_01277,farmer_0050,consumer_0195,Rice,31.91,15.1,481.84,165.55,Processing,2025-02-02,2,2025,Madurai
order_01198,farmer_0023,consumer_0144,Groundnut,71.74,21.2,1520.89,306.08,Processing,2025-02-03,2,2025,Chennai
order_01829,farmer_0011,consumer_0143,Sugarcane,3.92,10.4,40.77,8.81,Delivered,2025-02-03,2,2025,Madurai
order_01333,farmer_0043,consumer_0175,Potato,26.03,10.0,260.3,102.37,Delivered,2025-02-03,2,2025,Salem
order_00481,farmer_0024,consumer_0145,Sugarcane,3.62,5.9,21.36,7.72,Delivered,2025-02-03,2,2025,Erode
order_00283,farmer_0021,consumer_0008,Coconut,27.2,27.9,758.88,289.74,Delivered,2025-02-03,2,2025,Chennai
order_00820,farmer_0003,consumer_0048,Chilli,133.58,6.8,908.34,319.31,Delivered,2025-02-04,2,2025,Tirunelveli
order_01239,farmer_0003,consumer_0093,Cauliflower,32.43,26.3,852.91,287.61,Delivered,2025-02-04,2,2025,Tirunelveli
order_01071,farmer_0012,consumer_0016,Lady Finger,39.8,21.4,851.72,244.9,Processing,2025-02-04,2,2025,Chennai
order_01573,farmer_0021,consumer_0191,Rice,31.37,18.1,567.8,123.72,Delivered,2025-02-04,2,2025,Thanjavur
order_00142,farmer_0007,consumer_0121,Cabbage,23.72,39.1,927.45,186.41,On the way,2025-02-05,2,2025,Thanjavur
order_01523,farmer_0025,consumer_0037,Cabbage,21.81,50.3,1097.04,255.57,Delivered,2025-02-05,2,2025,Madurai
order_02838,farmer_0019,consumer_0020,Potato,27.27,15.8,430.87,145.33,Delivered,2025-02-06,2,2025,Coimbatore
order_02690,farmer_0005,consumer_0071,Carrot,55.56,11.5,638.94,129.93,Delivered,2025-02-06,2,2025,Madurai
order_00248,farmer_0022,consumer_0071,Carrot,52.23,6.1,318.6,67.5,Processing,2025-02-07,2,2025,Thanjavur
order_00863,farmer_0036,consumer_0165,Cotton,56.26,32.0,1800.32,673.17,Delivered,2025-02-08,2,2025,Dindigul
order_00787,farmer_0006,consumer_0149,Banana,44.32,44.1,1954.51,692.9,Delivered,2025-02-08,2,2025,Coimbatore
order_01358,farmer_0021,consumer_0116,Carrot,53.54,22.4,1199.3,381.96,On the way,2025-02-08,2,2025,Thanjavur
order_01586,farmer_0012,consumer_0092,Cabbage,21.82,4.8,104.74,25.96,Delivered,2025-02-08,2,2025,Vellore
order_02411,farmer_0023,consumer_0198,Onion,39.99,67.7,2707.32,738.97,Delivered,2025-02-09,2,2025,Tirunelveli
order_00493,farmer_0001,consumer_0077,Cotton,53.24,34.9,1858.08,528.81,Delivered,2025-02-09,2,2025,Trichy
order_01111,farmer_0018,consumer_0190,Banana,42.92,69.9,3000.11,1199.23,Delivered,2025-02-09,2,2025,Thanjavur
order_02945,farmer_0026,consumer_0193,Potato,25.28,96.5,2439.52,664.48,On the way,2025-02-09,2,2025,Trichy
order_01082,farmer_0017,consumer_0157,Cabbage,23.22,10.9,253.1,70.04,On the way,2025-02-09,2,2025,Tirunelveli
order_01654,farmer_0046,consumer_0104,Lady Finger,42.31,6.5,275.01,68.68,Delivered,2025-02-10,2,2025,Erode
order_01292,farmer_0011,consumer_0099,Coconut,27.92,11.4,318.29,74.31,On the way,2025-02-10,2,2025,Madurai
order_00070,farmer_0027,consumer_0144,Brinjal,27.36,1.1,30.1,7.77,Processing,2025-02-10,2,2025,Trichy
order_00565,farmer_0022,consumer_0175,Cotton,53.19,42.6,2265.89,473.06,On the way,2025-02-10,2,2025,Dindigul
order_00634,farmer_0034,consumer_0126,Onion,44.8,26.4,1182.72,268.69,Delivered,2025-02-11,2,2025,Tirunelveli
order_00823,farmer_0019,consumer_0132,Brinjal,29.54,23.4,691.24,180.79,Delivered,2025-02-11,2,2025,Dindigul
order_00838,farmer_0032,consumer_0068,Rice,34.9,16.6,579.34,154.55,Delivered,2025-02-11,2,2025,Trichy
order_00285,farmer_0011,consumer_0041,Lady Finger,40.62,3.0,121.86,42.96,Delivered,2025-02-11,2,2025,Coimbatore
order_02298,farmer_0022,consumer_0108,Tomato,36.65,42.0,1539.3,328.39,Processing,2025-02-11,2,2025,Erode
order_00383,farmer_0007,consumer_0083,Groundnut,72.23,8.9,642.85,139.16,Processing,2025-02-11,2,2025,Thanjavur
order_00806,farmer_0010,consumer_0069,Groundnut,69.16,10.5,726.18,227.0,On the way,2025-02-12,2,2025,Thanjavur
order_01446,farmer_0005,consumer_0157,Coconut,28.59,68.4,1955.56,690.69,Delivered,2025-02-12,2,2025,Vellore
order_02835,farmer_0032,consumer_0165,Cotton,55.35,33.5,1854.23,401.48,On the way,2025-02-12,2,2025,Thanjavur
order_02663,farmer_0015,consumer_0027,Lady Finger,41.03,12.1,496.46,173.48,Delivered,2025-02-12,2,2025,Thanjavur
order_02272,farmer_0027,consumer_0047,Tomato,34.14,6.3,215.08,64.92,Delivered,2025-02-13,2,2025,Trichy
order_00980,farmer_0003,consumer_0084,Potato,25.3,10.1,255.53,59.01,Delivered,2025-02-15,2,2025,Madurai
order_01247,farmer_0026,consumer_0048,Rice,30.25,25.5,771.38,202.58,On the way,2025-02-16,2,2025,Trichy
order_00558,farmer_0031,consumer_0009,Brinjal,28.48,43.4,1236.03,432.38,On the way,2025-02-16,2,2025,Vellore
order_01298,farmer_0022,consumer_0062,Coconut,26.38,1.0,26.38,6.67,On the way,2025-02-17,2,2025,Madurai
order_02736,farmer_0012,consumer_0047,Tomato,35.03,14.6,511.44,106.78,Delivered,2025-02-17,2,2025,Trichy
order_00556,farmer_0006,consumer_0122,Tomato,38.63,27.7,1070.05,222.29,Delivered,2025-02-17,2,2025,Trichy
order_01380,farmer_0045,consumer_0095,Carrot,48.6,18.4,894.24,218.68,On the way,2025-02-17,2,2025,Dindigul
order_02562,farmer_0026,consumer_0098,Coconut,26.14,12.2,318.91,125.1,Delivered,2025-02-18,2,2025,Madurai
order_02480,farmer_0035,consumer_0170,Banana,41.51,28.2,1170.58,387.54,Delivered,2025-02-18,2,2025,Tirunelveli
order_01155,farmer_0009,consumer_0053,Cabbage,22.6,14.0,316.4,108.24,On the way,2025-02-19,2,2025,Thanjavur
order_01310,farmer_0012,consumer_0029,Carrot,55.52,6.3,349.78,97.73,Delivered,2025-02-19,2,2025,Salem
order_02056,farmer_0046,consumer_0141,Banana,38.0,3.1,117.8,25.95,On the way,2025-02-19,2,2025,Dindigul
order_00619,farmer_0029,consumer_0109,Chilli,146.46,2.9,424.73,86.69,Delivered,2025-02-19,2,2025,Coimbatore
order_00391,farmer_0019,consumer_0002,Cauliflower,31.3,13.5,422.55,101.92,Delivered,2025-02-20,2,2025,Salem
order_01684,farmer_0020,consumer_0168,Banana,42.3,6.3,266.49,91.96,Delivered,2025-02-20,2,2025,Madurai
order_02728,farmer_0013,consumer_0162,Cabbage,22.56,53.6,1209.22,472.71,Processing,2025-02-20,2,2025,Trichy
order_02623,farmer_0028,consumer_0154,Sugarcane,3.76,11.9,44.74,12.82,Delivered,2025-02-20,2,2025,Madurai
order_00319,farmer_0041,consumer_0120,Tomato,34.34,53.9,1850.93,680.39,Delivered,2025-02-20,2,2025,Tirunelveli
order_01058,farmer_0032,consumer_0074,Cauliflower,33.28,17.7,589.06,230.38,On the way,2025-02-21,2,2025,Chennai
order_02746,farmer_0038,consumer_0071,Lady Finger,45.06,10.9,491.15,99.13,Delivered,2025-02-21,2,2025,Erode
order_02249,farmer_0031,consumer_0026,Rice,33.14,1.0,33.14,7.02,Delivered,2025-02-21,2,2025,Coimbatore
order_00338,farmer_0032,consumer_0090,Cotton,53.27,24.3,1294.46,311.23,Delivered,2025-02-22,2,2025,Vellore
order_02904,farmer_0034,consumer_0143,Tomato,34.35,50.8,1744.98,649.65,Delivered,2025-02-22,2,2025,Vellore
order_00877,farmer_0041,consumer_0019,Cotton,50.74,21.2,1075.69,338.39,Delivered,2025-02-22,2,2025,Salem
order_00327,farmer_0042,consumer_0026,Cabbage,23.83,89.7,2137.55,445.51,On the way,2025-02-22,2,2025,Dindigul
order_01442,farmer_0013,consumer_0190,Carrot,52.51,4.4,231.04,85.48,On the way,2025-02-22,2,2025,Chennai
order_01722,farmer_0008,consumer_0138,Coconut,26.43,3.2,84.58,21.17,Delivered,2025-02-25,2,2025,Salem
order_02070,farmer_0027,consumer_0083,Onion,36.1,14.1,509.01,142.6,Processing,2025-02-25,2,2025,Vellore
order_02398,farmer_0042,consumer_0057,Cotton,56.83,11.9,676.28,193.42,Delivered,2025-02-25,2,2025,Trichy
order_00865,farmer_0010,consumer_0085,Carrot,47.75,4.7,224.43,73.47,Delivered,2025-02-25,2,2025,Dindigul
order_02159,farmer_0036,consumer_0049,Carrot,55.57,3.4,188.94,64.51,On the way,2025-02-26,2,2025,Tirunelveli
order_01728,farmer_0036,consumer_0091,Tomato,37.53,31.7,1189.7,381.29,Delivered,2025-02-26,2,2025,Erode
order_00612,farmer_0002,consumer_0139,Sugarcane,3.19,41.3,131.75,48.76,Delivered,2025-02-26,2,2025,Trichy
order_02327,farmer_0035,consumer_0197,Onion,39.36,13.0,511.68,168.95,Delivered,2025-02-27,2,2025,Coimbatore
order_01911,farmer_0031,consumer_0104,Cauliflower,28.19,29.8,840.06,312.26,On the way,2025-02-27,2,2025,Tirunelveli
order_00387,farmer_0004,consumer_0176,Banana,42.44,13.5,572.94,136.16,Delivered,2025-02-27,2,2025,Tirunelveli
order_01873,farmer_0024,consumer_0106,Coconut,29.03,16.2,470.29,95.98,Delivered,2025-02-27,2,2025,Tirunelveli
order_02290,farmer_0036,consumer_0165,Tomato,37.45,15.7,587.97,143.7,Delivered,2025-02-28,2,2025,Chennai
order_02992,farmer_0042,consumer_0108,Coconut,27.24,3.3,89.89,26.98,Delivered,2025-02-28,2,2025,Dindigul
order_01151,farmer_0028,consumer_0151,Cabbage,19.49,57.4,1118.73,403.62,Delivered,2025-03-01,3,2025,Thanjavur
order_02350,farmer_0017,consumer_0136,Cauliflower,31.75,8.3,263.53,85.05,Delivered,2025-03-01,3,2025,Erode
order_02766,farmer_0011,consumer_0110,Lady Finger,41.7,25.9,1080.03,363.73,Delivered,2025-03-01,3,2025,Erode
order_01378,farmer_0040,consumer_0048,Tomato,37.11,6.4,237.5,93.81,Delivered,2025-03-01,3,2025,Erode
order_01428,farmer_0035,consumer_0113,Tomato,35.91,7.7,276.51,75.2,Delivered,2025-03-02,3,2025,Madurai
order_00944,farmer_0002,consumer_0157,Banana,42.84,75.2,3221.57,1256.14,Delivered,2025-03-02,3,2025,Vellore
order_02883,farmer_0019,consumer_0042,Chilli,132.54,27.6,3658.1,745.91,Delivered,2025-03-03,3,2025,Erode
order_02545,farmer_0041,consumer_0106,Cauliflower,36.07,72.2,2604.25,793.24,Delivered,2025-03-03,3,2025,Salem
order_00414,farmer_0044,consumer_0126,Banana,43.6,90.2,3932.72,1140.23,Delivered,2025-03-03,3,2025,Dindigul
order_00349,farmer_0024,consumer_0068,Cauliflower,33.69,65.5,2206.69,770.93,Delivered,2025-03-03,3,2025,Tirunelveli
order_01242,farmer_0003,consumer_0200,Lady Finger,44.76,29.9,1338.32,459.61,Delivered,2025-03-03,3,2025,Salem
order_00509,farmer_0002,consumer_0131,Chilli,127.11,5.9,749.95,263.38,Delivered,2025-03-04,3,2025,Trichy
order_02462,farmer_0013,consumer_0147,Onion,32.25,44.0,1419.0,377.36,Delivered,2025-03-04,3,2025,Coimbatore
order_01869,farmer_0005,consumer_0095,Coconut,34.41,53.5,1840.93,646.17,Delivered,2025-03-05,3,2025,Trichy
order_01738,farmer_0016,consumer_0060,Cotton,55.57,17.1,950.25,322.76,Delivered,2025-03-05,3,2025,Dindigul
order_00561,farmer_0047,consumer_0013,Banana,40.66,1.9,77.25,27.83,Delivered,2025-03-05,3,2025,Trichy
order_01124,farmer_0035,consumer_0004,Coconut,34.19,22.0,752.18,299.88,Processing,2025-03-06,3,2025,Coimbatore
order_00420,farmer_0043,consumer_0103,Brinjal,27.26,4.9,133.57,39.1,Delivered,2025-03-06,3,2025,Madurai
order_01464,farmer_0032,consumer_0114,Tomato,35.19,16.8,591.19,139.24,Delivered,2025-03-06,3,2025,Thanjavur
order_00521,farmer_0026,consumer_0155,Sugarcane,3.45,20.7,71.42,24.57,Delivered,2025-03-06,3,2025,Madurai
order_02741,farmer_0028,consumer_0035,Cauliflower,32.51,35.2,1144.35,304.22,Delivered,2025-03-07,3,2025,Salem
order_01339,farmer_0008,consumer_0196,Potato,26.95,14.0,377.3,121.27,Delivered,2025-03-07,3,2025,Thanjavur
order_02036,farmer_0021,consumer_0112,Potato,26.98,47.1,1270.76,268.79,Delivered,2025-03-07,3,2025,Dindigul
order_00377,farmer_0043,consumer_0142,Cauliflower,31.66,114.4,3621.9,1292.34,Delivered,2025-03-07,3,2025,Coimbatore
order_01858,farmer_0049,consumer_0003,Cabbage,18.04,16.3,294.05,92.48,Delivered,2025-03-07,3,2025,Madurai
order_00384,farmer_0050,consumer_0074,Brinjal,26.78,24.4,653.43,170.66,Delivered,2025-03-07,3,2025,Chennai
order_02087,farmer_0020,consumer_0082,Chilli,142.51,40.4,5757.4,1853.18,Delivered,2025-03-08,3,2025,Chennai
order_02005,farmer_0014,consumer_0073,Onion,32.21,17.4,560.45,151.08,Delivered,2025-03-08,3,2025,Trichy
order_00883,farmer_0049,consumer_0100,Groundnut,72.9,33.8,2464.02,523.66,Processing,2025-03-08,3,2025,Thanjavur
order_00194,farmer_0011,consumer_0118,Cauliflower,32.77,12.4,406.35,126.14,Delivered,2025-03-08,3,2025,Vellore
order_01982,farmer_0035,consumer_0071,Cotton,54.37,21.3,1158.08,319.3,Processing,2025-03-09,3,2025,Thanjavur
order_02406,farmer_0004,consumer_0003,Cauliflower,31.59,12.0,379.08,90.86,Delivered,2025-03-09,3,2025,Erode
order_02527,farmer_0005,consumer_0116,Potato,26.07,75.9,1978.71,753.2,Delivered,2025-03-09,3,2025,Salem
order_01171,farmer_0001,consumer_0166,Groundnut,67.21,8.5,571.28,162.48,Processing,2025-03-09,3,2025,Tirunelveli
order_00247,farmer_0032,consumer_0064,Tomato,39.31,24.8,974.89,329.08,Delivered,2025-03-09,3,2025,Trichy
order_01515,farmer_0038,consumer_0200,Sugarcane,3.63,1.0,3.63,1.28,Delivered,2025-03-10,3,2025,Dindigul
order_00575,farmer_0001,consumer_0029,Sugarcane,3.46,15.9,55.01,11.13,Processing,2025-03-11,3,2025,Thanjavur
order_01414,farmer_0022,consumer_0187,Groundnut,64.66,14.4,931.1,249.23,Delivered,2025-03-11,3,2025,Madurai
order_01494,farmer_0026,consumer_0137,Sugarcane,3.83,2.4,9.19,2.53,Delivered,2025-03-11,3,2025,Tirunelveli
order_00068,farmer_0020,consumer_0083,Cotton,55.08,61.6,3392.93,810.42,Delivered,2025-03-12,3,2025,Tirunelveli
order_02430,farmer_0043,consumer_0192,Tomato,37.24,16.3,607.01,202.02,Processing,2025-03-12,3,2025,Tirunelveli
order_00943,farmer_0042,consumer_0126,Sugarcane,3.79,18.7,70.87,19.41,Processing,2025-03-12,3,2025,Thanjavur
order_01076,farmer_0031,consumer_0171,Sugarcane,3.73,18.1,67.51,21.31,Delivered,2025-03-14,3,2025,Chennai
order_02874,farmer_0049,consumer_0163,Onion,31.65,8.6,272.19,68.23,Delivered,2025-03-14,3,2025,Thanjavur
order_01967,farmer_0043,consumer_0030,Banana,41.46,35.4,1467.68,489.93,On the way,2025-03-14,3,2025,Tirunelveli
order_02987,farmer_0033,consumer_0162,Onion,33.62,42.5,1428.85,409.29,On the way,2025-03-14,3,2025,Madurai
order_01245,farmer_0011,consumer_0086,Tomato,36.57,1.7,62.17,18.54,Delivered,2025-03-15,3,2025,Vellore
order_02780,farmer_0032,consumer_0069,Potato,23.49,5.6,131.54,27.38,Delivered,2025-03-15,3,2025,Tirunelveli
order_00546,farmer_0027,consumer_0177,Lady Finger,42.87,18.4,788.81,192.32,Delivered,2025-03-15,3,2025,Coimbatore
order_01400,farmer_0039,consumer_0101,Chilli,120.92,6.6,798.07,297.57,Delivered,2025-03-16,3,2025,Salem
order_02981,farmer_0040,consumer_0041,Chilli,146.26,10.7,1564.98,408.63,Processing,2025-03-16,3,2025,Vellore
order_02038,farmer_0014,consumer_0173,Sugarcane,3.56,42.5,151.3,54.12,Delivered,2025-03-16,3,2025,Madurai
order_01384,farmer_0043,consumer_0112,Carrot,50.13,40.0,2005.2,540.88,Delivered,2025-03-16,3,2025,Salem
order_01522,farmer_0028,consumer_0144,Tomato,36.88,23.2,855.62,253.94,Delivered,2025-03-16,3,2025,Tirunelveli
order_00072,farmer_0046,consumer_0028,Brinjal,28.45,1.2,34.14,13.32,Delivered,2025-03-17,3,2025,Erode
order_01289,farmer_0038,consumer_0074,Lady Finger,42.23,2.9,122.47,33.36,Processing,2025-03-17,3,2025,Trichy
order_01047,farmer_0023,consumer_0150,Cauliflower,34.95,2.7,94.37,27.12,On the way,2025-03-17,3,2025,Coimbatore
order_00329,farmer_0042,consumer_0113,Groundnut,64.46,1.0,64.46,22.15,Processing,2025-03-17,3,2025,Erode
order_00143,farmer_0043,consumer_0097,Coconut,32.18,51.9,1670.14,567.44,Delivered,2025-03-18,3,2025,Erode
order_01754,farmer_0010,consumer_0116,Cotton,54.78,37.6,2059.73,694.23,Delivered,2025-03-18,3,2025,Madurai
order_00949,farmer_0030,consumer_0028,Rice,32.63,8.3,270.83,70.83,Delivered,2025-03-18,3,2025,Vellore
order_00699,farmer_0003,consumer_0057,Banana,42.89,3.5,150.12,37.99,Delivered,2025-03-19,3,2025,Erode
order_00744,farmer_0008,consumer_0148,Coconut,33.4,37.4,1249.16,283.05,On the way,2025-03-19,3,2025,Chennai
order_01107,farmer_0027,consumer_0182,Cabbage,17.95,2.2,39.49,9.53,Delivered,2025-03-19,3,2025,Madurai
order_02028,farmer_0030,consumer_0097,Cabbage,20.54,23.6,484.74,187.57,Delivered,2025-03-19,3,2025,Dindigul
order_01016,farmer_0022,consumer_0003,Tomato,36.73,4.7,172.63,56.12,On the way,2025-03-19,3,2025,Dindigul
order_01727,farmer_0008,consumer_0101,Cauliflower,35.61,28.5,1014.88,398.65,On the way,2025-03-20,3,2025,Dindigul
order_02555,farmer_0008,consumer_0154,Potato,24.4,18.6,453.84,122.0,Delivered,2025-03-20,3,2025,Madurai
order_02168,farmer_0020,consumer_0036,Banana,37.66,24.0,903.84,344.9,Delivered,2025-03-20,3,2025,Tirunelveli
order_02021,farmer_0044,consumer_0120,Brinjal,27.6,8.0,220.8,68.31,Processing,2025-03-21,3,2025,Chennai
order_00505,farmer_0006,consumer_0054,Groundnut,62.96,4.9,308.5,104.56,Delivered,2025-03-21,3,2025,Erode
order_00668,farmer_0016,consumer_0074,Cauliflower,30.7,2.2,67.54,21.46,Delivered,2025-03-22,3,2025,Salem
order_01476,farmer_0021,consumer_0162,Rice,28.41,59.9,1701.76,404.53,Processing,2025-03-22,3,2025,Chennai
order_02456,farmer_0021,consumer_0044,Brinjal,27.18,43.0,1168.74,253.76,Delivered,2025-03-24,3,2025,Madurai
order_00700,farmer_0005,consumer_0071,Rice,33.77,54.0,1823.58,365.54,Processing,2025-03-24,3,2025,Thanjavur
order_02928,farmer_0028,consumer_0013,Rice,31.09,48.1,1495.43,459.07,Delivered,2025-03-25,3,2025,Coimbatore
order_01678,farmer_0030,consumer_0155,Banana,45.17,10.2,460.73,102.69,Processing,2025-03-25,3,2025,Madurai
order_01329,farmer_0006,consumer_0127,Cotton,56.59,3.8,215.04,65.76,Delivered,2025-03-26,3,2025,Madurai
order_01138,farmer_0019,consumer_0166,Cauliflower,29.57,15.1,446.51,157.54,On the way,2025-03-26,3,2025,Madurai
order_02451,farmer_0034,consumer_0139,Brinjal,28.92,10.7,309.44,115.71,On the way,2025-03-26,3,2025,Salem
order_00148,farmer_0009,consumer_0128,Carrot,51.12,22.7,1160.42,444.34,Delivered,2025-03-26,3,2025,Salem
order_01081,farmer_0039,consumer_0108,Cotton,57.43,26.9,1544.87,365.12,Delivered,2025-03-26,3,2025,Trichy
order_00202,farmer_0003,consumer_0094,Cotton,49.25,18.8,925.9,338.57,Delivered,2025-03-26,3,2025,Tirunelveli
order_01729,farmer_0029,consumer_0175,Banana,42.07,6.5,273.45,91.13,Processing,2025-03-26,3,2025,Vellore
order_01505,farmer_0035,consumer_0028,Rice,32.02,95.9,3070.72,1064.36,Delivered,2025-03-27,3,2025,Tirunelveli
order_00642,farmer_0014,consumer_0119,Brinjal,26.29,14.2,373.32,109.48,Delivered,2025-03-28,3,2025,Madurai
order_02738,farmer_0022,consumer_0011,Cotton,53.52,19.5,1043.64,353.29,Delivered,2025-03-28,3,2025,Dindigul
order_01973,farmer_0045,consumer_0191,Chilli,136.09,2.4,326.62,110.04,Delivered,2025-03-28,3,2025,Chennai
order_02684,farmer_0006,consumer_0141,Carrot,46.27,27.7,1281.68,470.0,Delivered,2025-03-28,3,2025,Coimbatore
order_02537,farmer_0016,consumer_0167,Lady Finger,40.02,27.7,1108.55,322.05,Delivered,2025-03-29,3,2025,Chennai
order_02203,farmer_0040,consumer_0114,Lady Finger,40.28,1.3,52.36,13.6,Delivered,2025-03-29,3,2025,Tirunelveli
order_00816,farmer_0011,consumer_0134,Sugarcane,3.79,24.2,91.72,29.7,Delivered,2025-03-30,3,2025,Dindigul
order_02558,farmer_0049,consumer_0098,Chilli,138.72,2.9,402.29,89.03,Delivered,2025-03-31,3,2025,Erode
order_00167,farmer_0017,consumer_0185,Groundnut,63.8,4.7,299.86,61.31,Delivered,2025-03-31,3,2025,Coimbatore
order_01042,farmer_0002,consumer_0005,Rice,32.12,53.8,1728.06,406.09,Delivered,2025-03-31,3,2025,Dindigul
order_01948,farmer_0050,consumer_0140,Lady Finger,44.76,7.1,317.8,71.51,Delivered,2025-03-31,3,2025,Chennai
order_02576,farmer_0031,consumer_0086,Sugarcane,3.79,1.0,3.79,1.25,Delivered,2025-03-31,3,2025,Erode
order_02854,farmer_0020,consumer_0028,Cotton,48.64,47.6,2315.26,581.92,Delivered,2025-03-31,3,2025,Dindigul
order_00335,farmer_0012,consumer_0128,Sugarcane,3.83,5.3,20.3,7.12,Delivered,2025-04-01,4,2025,Coimbatore
order_02490,farmer_0001,consumer_0014,Banana,49.86,4.5,224.37,65.67,Delivered,2025-04-01,4,2025,Erode
order_01758,farmer_0023,consumer_0155,Rice,29.44,30.6,900.86,265.91,Delivered,2025-04-01,4,2025,Madurai
order_01583,farmer_0016,consumer_0159,Lady Finger,40.71,22.6,920.05,288.59,On the way,2025-04-01,4,2025,Chennai
order_02912,farmer_0038,consumer_0199,Lady Finger,38.71,42.5,1645.17,646.37,Delivered,2025-04-01,4,2025,Dindigul
order_00679,farmer_0020,consumer_0171,Banana,51.93,5.9,306.39,86.89,Delivered,2025-04-01,4,2025,Vellore
order_02122,farmer_0039,consumer_0010,Tomato,35.93,34.3,1232.4,342.12,Delivered,2025-04-02,4,2025,Coimbatore
order_02454,farmer_0028,consumer_0111,Brinjal,28.16,41.4,1165.82,273.24,On the way,2025-04-02,4,2025,Tirunelveli
order_01885,farmer_0027,consumer_0101,Lady Finger,40.64,2.4,97.54,32.83,Delivered,2025-04-02,4,2025,Salem
order_01466,farmer_0048,consumer_0080,Coconut,32.32,4.6,148.67,38.11,Delivered,2025-04-02,4,2025,Coimbatore
order_02862,farmer_0008,consumer_0109,Potato,25.23,13.9,350.7,125.96,On the way,2025-04-02,4,2025,Dindigul
order_02639,farmer_0028,consumer_0111,Banana,56.77,16.2,919.67,306.61,Delivered,2025-04-03,4,2025,Erode
order_01582,farmer_0014,consumer_0177,Groundnut,65.29,45.2,2951.11,672.77,Delivered,2025-04-03,4,2025,Vellore
order_00427,farmer_0010,consumer_0106,Coconut,33.93,10.1,342.69,107.95,Delivered,2025-04-03,4,2025,Vellore
order_01483,farmer_0016,consumer_0112,Cauliflower,31.45,13.4,421.43,99.21,Delivered,2025-04-04,4,2025,Thanjavur
order_02815,farmer_0013,consumer_0156,Chilli,115.79,1.4,162.11,33.62,Delivered,2025-04-04,4,2025,Tirunelveli
order_00093,farmer_0042,consumer_0169,Chilli,112.02,56.8,6362.74,2461.5,Delivered,2025-04-05,4,2025,Salem
order_01984,farmer_0044,consumer_0173,Onion,31.61,96.5,3050.36,629.81,Delivered,2025-04-05,4,2025,Madurai
order_00758,farmer_0007,consumer_0062,Sugarcane,3.64,30.7,111.75,22.8,Delivered,2025-04-06,4,2025,Trichy
order_02190,farmer_0004,consumer_0048,Tomato,34.98,22.8,797.54,164.81,On the way,2025-04-07,4,2025,Thanjavur
order_00635,farmer_0042,consumer_0134,Lady Finger,40.55,22.6,916.43,346.19,Delivered,2025-04-07,4,2025,Vellore
order_02019,farmer_0025,consumer_0032,Cabbage,17.17,34.0,583.78,184.56,Delivered,2025-04-08,4,2025,Thanjavur
order_00342,farmer_0022,consumer_0137,Sugarcane,3.87,8.4,32.51,12.04,On the way,2025-04-08,4,2025,Vellore
order_02212,farmer_0011,consumer_0074,Rice,32.33,29.9,966.67,357.47,Delivered,2025-04-08,4,2025,Erode
order_02048,farmer_0023,consumer_0163,Rice,33.72,68.5,2309.82,550.16,Delivered,2025-04-09,4,2025,Tirunelveli
order_02157,farmer_0016,consumer_0052,Lady Finger,39.0,26.8,1045.2,269.37,Delivered,2025-04-09,4,2025,Chennai
order_00636,farmer_0027,consumer_0043,Cotton,54.83,8.1,444.12,155.59,Delivered,2025-04-09,4,2025,Thanjavur
order_01799,farmer_0036,consumer_0073,Rice,33.53,25.9,868.43,274.58,Delivered,2025-04-09,4,2025,Salem
order_00912,farmer_0001,consumer_0094,Cauliflower,33.99,3.0,101.97,30.96,Delivered,2025-04-09,4,2025,Chennai
order_01030,farmer_0050,consumer_0164,Cauliflower,31.87,2.5,79.67,31.18,Delivered,2025-04-10,4,2025,Erode
order_01831,farmer_0020,consumer_0115,Chilli,123.47,40.4,4988.19,1165.24,Delivered,2025-04-10,4,2025,Madurai
order_01287,farmer_0027,consumer_0101,Chilli,108.1,24.5,2648.45,824.82,Delivered,2025-04-11,4,2025,Erode
order_00549,farmer_0041,consumer_0025,Rice,31.38,10.3,323.21,84.22,On the way,2025-04-11,4,2025,Salem
order_00078,farmer_0014,consumer_0194,Chilli,104.77,35.9,3761.24,1407.78,Delivered,2025-04-12,4,2025,Thanjavur
order_01377,farmer_0015,consumer_0121,Tomato,36.97,4.9,181.15,45.08,Delivered,2025-04-12,4,2025,Salem
order_00833,farmer_0006,consumer_0193,Tomato,33.56,59.4,1993.46,739.5,Delivered,2025-04-12,4,2025,Dindigul
order_02261,farmer_0022,consumer_0043,Onion,34.44,6.1,210.08,65.04,Delivered,2025-04-12,4,2025,Vellore
order_02700,farmer_0032,consumer_0123,Lady Finger,38.16,24.4,931.1,263.24,Delivered,2025-04-12,4,2025,Trichy
order_01085,farmer_0001,consumer_0129,Cabbage,16.72,23.1,386.23,98.51,Delivered,2025-04-12,4,2025,Dindigul
order_00835,farmer_0034,consumer_0003,Lady Finger,43.66,1.0,43.66,15.53,Delivered,2025-04-13,4,2025,Chennai
order_00230,farmer_0012,consumer_0085,Banana,55.59,7.6,422.48,135.31,Delivered,2025-04-13,4,2025,Thanjavur
order_01297,farmer_0020,consumer_0183,Sugarcane,3.91,5.3,20.72,4.76,On the way,2025-04-14,4,2025,Coimbatore
order_00017,farmer_0039,consumer_0067,Cotton,56.5,46.3,2615.95,875.88,Delivered,2025-04-14,4,2025,Trichy
order_00365,farmer_0022,consumer_0047,Cotton,55.51,17.4,965.87,266.83,Delivered,2025-04-14,4,2025,Coimbatore
order_00847,farmer_0024,consumer_0162,Lady Finger,38.83,61.9,2403.58,932.91,Processing,2025-04-14,4,2025,Chennai
order_01630,farmer_0008,consumer_0146,Sugarcane,3.66,32.9,120.41,43.16,Delivered,2025-04-14,4,2025,Madurai
order_02718,farmer_0043,consumer_0197,Cauliflower,32.81,23.2,761.19,207.13,Delivered,2025-04-14,4,2025,Vellore
order_00858,farmer_0024,consumer_0158,Potato,24.91,16.9,420.98,88.08,On the way,2025-04-14,4,2025,Coimbatore
order_00696,farmer_0005,consumer_0122,Tomato,37.68,33.8,1273.58,404.83,Delivered,2025-04-14,4,2025,Tirunelveli
order_02427,farmer_0034,consumer_0037,Cabbage,17.6,49.5,871.2,247.99,On the way,2025-04-14,4,2025,Trichy
order_00539,farmer_0039,consumer_0065,Coconut,34.07,21.9,746.13,203.0,Delivered,2025-04-15,4,2025,Madurai
order_02449,farmer_0002,consumer_0194,Brinjal,28.75,30.0,862.5,299.02,Delivered,2025-04-15,4,2025,Coimbatore
order_00006,farmer_0019,consumer_0160,Chilli,111.99,11.9,1332.68,505.72,Delivered,2025-04-15,4,2025,Chennai
order_00737,farmer_0018,consumer_0148,Rice,32.87,6.2,203.79,40.97,Delivered,2025-04-15,4,2025,Salem
order_02687,farmer_0018,consumer_0185,Lady Finger,39.78,9.9,393.82,119.02,Delivered,2025-04-16,4,2025,Erode
order_00242,farmer_0030,consumer_0197,Tomato,36.82,3.7,136.23,36.88,Delivered,2025-04-17,4,2025,Trichy
order_00192,farmer_0016,consumer_0043,Sugarcane,3.37,28.9,97.39,37.89,Delivered,2025-04-17,4,2025,Dindigul
order_00025,farmer_0028,consumer_0075,Cauliflower,33.05,6.3,208.21,67.91,Delivered,2025-04-17,4,2025,Erode
order_02988,farmer_0028,consumer_0031,Banana,50.37,3.3,166.22,41.42,Delivered,2025-04-18,4,2025,Tirunelveli
order_00625,farmer_0015,consumer_0024,Rice,30.14,1.0,30.14,7.91,Delivered,2025-04-18,4,2025,Dindigul
order_02760,farmer_0040,consumer_0103,Cauliflower,30.77,23.9,735.4,241.08,Delivered,2025-04-18,4,2025,Trichy
order_01491,farmer_0045,consumer_0029,Brinjal,26.37,13.3,350.72,78.34,Delivered,2025-04-19,4,2025,Vellore
order_02288,farmer_0041,consumer_0033,Brinjal,28.04,38.6,1082.34,389.61,Delivered,2025-04-19,4,2025,Thanjavur
order_01474,farmer_0011,consumer_0181,Groundnut,71.24,26.6,1894.98,386.93,Delivered,2025-04-19,4,2025,Chennai
order_00418,farmer_0015,consumer_0103,Brinjal,26.73,13.9,371.55,127.12,Delivered,2025-04-20,4,2025,Madurai
order_02260,farmer_0043,consumer_0048,Tomato,33.23,2.8,93.04,29.71,Delivered,2025-04-21,4,2025,Tirunelveli
order_01064,farmer_0043,consumer_0169,Onion,31.63,54.6,1727.0,364.37,On the way,2025-04-21,4,2025,Chennai
order_01931,farmer_0025,consumer_0107,Potato,26.17,5.2,136.08,42.56,On the way,2025-04-21,4,2025,Tirunelveli
order_00747,farmer_0018,consumer_0114,Chilli,111.52,8.8,981.38,270.61,Delivered,2025-04-21,4,2025,Salem
order_02082,farmer_0045,consumer_0086,Lady Finger,42.69,17.2,734.27,155.78,Processing,2025-04-22,4,2025,Chennai
order_01832,farmer_0012,consumer_0166,Lady Finger,43.86,5.8,254.39,60.48,Delivered,2025-04-22,4,2025,Chennai
order_02688,farmer_0025,consumer_0141,Sugarcane,3.95,96.2,379.99,106.39,Delivered,2025-04-22,4,2025,Madurai
order_02202,farmer_0014,consumer_0078,Chilli,102.79,8.2,842.88,283.09,Delivered,2025-04-23,4,2025,Madurai
order_00332,farmer_0017,consumer_0092,Banana,49.73,39.9,1984.23,715.07,Delivered,2025-04-24,4,2025,Vellore
order_00424,farmer_0036,consumer_0041,Banana,51.66,42.7,2205.88,463.63,On the way,2025-04-24,4,2025,Tirunelveli
order_00205,farmer_0016,consumer_0124,Chilli,106.32,29.8,3168.34,1049.69,On the way,2025-04-25,4,2025,Salem
order_01382,farmer_0016,consumer_0021,Brinjal,27.23,1.2,32.68,10.94,Delivered,2025-04-26,4,2025,Vellore
order_02425,farmer_0019,consumer_0174,Cauliflower,32.32,3.4,109.89,43.63,Delivered,2025-04-26,4,2025,Salem
order_00250,farmer_0038,consumer_0077,Chilli,111.24,18.9,2102.44,767.1,Delivered,2025-04-27,4,2025,Dindigul
order_01642,farmer_0033,consumer_0173,Sugarcane,3.84,26.8,102.91,25.84,Delivered,2025-04-27,4,2025,Tirunelveli
order_01623,farmer_0024,consumer_0051,Groundnut,70.17,29.0,2034.93,700.6,Processing,2025-04-28,4,2025,Tirunelveli
order_01057,farmer_0019,consumer_0027,Cabbage,18.36,26.5,486.54,134.5,Delivered,2025-04-29,4,2025,Tirunelveli
order_02661,farmer_0048,consumer_0109,Chilli,113.31,22.9,2594.8,595.08,Delivered,2025-04-29,4,2025,Salem
order_01713,farmer_0041,consumer_0194,Cotton,54.14,1.0,54.14,11.32,Delivered,2025-04-29,4,2025,Tirunelveli
order_02075,farmer_0019,consumer_0175,Lady Finger,41.21,13.8,568.7,205.68,Delivered,2025-04-29,4,2025,Chennai
order_00837,farmer_0039,consumer_0135,Chilli,108.11,7.9,854.07,189.95,On the way,2025-04-29,4,2025,Chennai
order_00287,farmer_0009,consumer_0155,Brinjal,28.85,6.7,193.3,71.76,Delivered,2025-04-30,4,2025,Chennai
order_00701,farmer_0047,consumer_0197,Cabbage,18.75,11.4,213.75,43.45,Delivered,2025-05-03,5,2025,Trichy
order_02211,farmer_0031,consumer_0095,Cauliflower,31.99,22.4,716.58,203.01,On the way,2025-05-03,5,2025,Salem
order_00239,farmer_0017,consumer_0121,Brinjal,29.97,19.7,590.41,210.16,Delivered,2025-05-03,5,2025,Trichy
order_02616,farmer_0037,consumer_0073,Chilli,114.4,43.3,4953.52,1971.2,Processing,2025-05-03,5,2025,Coimbatore
order_02244,farmer_0026,consumer_0140,Lady Finger,40.11,35.9,1439.95,533.71,Delivered,2025-05-04,5,2025,Chennai
order_02959,farmer_0031,consumer_0123,Carrot,53.27,54.0,2876.58,969.06,Delivered,2025-05-04,5,2025,Coimbatore
order_00200,farmer_0035,consumer_0031,Onion,33.07,17.3,572.11,223.99,Delivered,2025-05-04,5,2025,Dindigul
order_02507,farmer_0007,consumer_0107,Cauliflower,31.61,33.3,1052.61,239.09,On the way,2025-05-05,5,2025,Erode
order_00870,farmer_0029,consumer_0045,Brinjal,27.78,10.8,300.02,118.35,Processing,2025-05-05,5,2025,Salem
order_01843,farmer_0028,consumer_0034,Cauliflower,34.42,9.8,337.32,123.52,Processing,2025-05-06,5,2025,Tirunelveli
order_00654,farmer_0010,consumer_0110,Rice,29.97,29.0,869.13,272.78,Delivered,2025-05-06,5,2025,Thanjavur
order_02703,farmer_0006,consumer_0090,Cauliflower,32.48,6.6,214.37,75.99,Delivered,2025-05-06,5,2025,Salem
order_00011,farmer_0034,consumer_0014,Carrot,50.02,12.8,640.26,197.07,On the way,2025-05-06,5,2025,Dindigul
order_00190,farmer_0041,consumer_0008,Carrot,49.63,31.7,1573.27,621.2,Delivered,2025-05-06,5,2025,Dindigul
order_02217,farmer_0036,consumer_0058,Cabbage,16.96,1.0,16.96,6.62,Delivered,2025-05-06,5,2025,Vellore
order_00047,farmer_0041,consumer_0150,Tomato,38.1,11.6,441.96,149.2,Delivered,2025-05-06,5,2025,Salem
order_02584,farmer_0014,consumer_0125,Onion,29.82,46.1,1374.7,438.99,Delivered,2025-05-07,5,2025,Thanjavur
order_00016,farmer_0009,consumer_0138,Brinjal,27.42,28.0,767.76,188.83,Delivered,2025-05-07,5,2025,Salem
order_02737,farmer_0031,consumer_0068,Tomato,35.96,6.0,215.76,76.95,Delivered,2025-05-07,5,2025,Erode
order_02516,farmer_0007,consumer_0045,Cauliflower,30.15,30.6,922.59,265.84,Delivered,2025-05-07,5,2025,Salem
order_02723,farmer_0048,consumer_0098,Tomato,34.02,13.9,472.88,186.48,Delivered,2025-05-08,5,2025,Tirunelveli
order_01492,farmer_0016,consumer_0139,Carrot,55.36,14.4,797.18,251.84,Delivered,2025-05-08,5,2025,Trichy
order_01619,farmer_0040,consumer_0014,Potato,24.39,30.8,751.21,165.22,Delivered,2025-05-08,5,2025,Chennai
order_01697,farmer_0036,consumer_0040,Sugarcane,3.96,22.7,89.89,33.78,Delivered,2025-05-08,5,2025,Coimbatore
order_00543,farmer_0035,consumer_0011,Onion,32.25,27.4,883.65,332.38,Delivered,2025-05-08,5,2025,Thanjavur
order_02897,farmer_0003,consumer_0105,Potato,22.47,78.7,1768.39,414.65,Delivered,2025-05-09,5,2025,Thanjavur
order_01704,farmer_0026,consumer_0067,Carrot,53.98,106.1,5727.28,1760.38,Delivered,2025-05-09,5,2025,Chennai
order_01595,farmer_0033,consumer_0027,Brinjal,27.52,33.5,921.92,222.83,On the way,2025-05-09,5,2025,Trichy
order_00324,farmer_0023,consumer_0022,Chilli,111.49,15.1,1683.5,561.27,Delivered,2025-05-09,5,2025,Chennai
order_01851,farmer_0028,consumer_0178,Brinjal,27.81,13.1,364.31,138.02,Delivered,2025-05-10,5,2025,Salem
order_01367,farmer_0014,consumer_0162,Coconut,38.49,28.7,1104.66,298.79,Delivered,2025-05-10,5,2025,Dindigul
order_02434,farmer_0025,consumer_0154,Cauliflower,33.03,8.5,280.75,103.6,Delivered,2025-05-11,5,2025,Salem
order_01544,farmer_0045,consumer_0052,Rice,31.59,27.6,871.88,188.87,Delivered,2025-05-12,5,2025,Salem
order_00136,farmer_0037,consumer_0103,Onion,32.21,87.2,2808.71,800.98,Delivered,2025-05-12,5,2025,Dindigul
order_02683,farmer_0049,consumer_0154,Cabbage,18.31,17.3,316.76,68.28,Delivered,2025-05-13,5,2025,Thanjavur
order_02010,farmer_0009,consumer_0051,Cotton,49.72,90.9,4519.55,1719.05,Delivered,2025-05-13,5,2025,Vellore
order_01688,farmer_0035,consumer_0044,Chilli,110.82,2.0,221.64,48.01,Delivered,2025-05-13,5,2025,Madurai
order_02566,farmer_0017,consumer_0123,Sugarcane,4.12,7.8,32.14,7.76,Delivered,2025-05-13,5,2025,Chennai
order_02355,farmer_0027,consumer_0183,Cabbage,18.05,24.3,438.62,154.91,Delivered,2025-05-13,5,2025,Erode
order_00570,farmer_0043,consumer_0092,Groundnut,72.62,107.2,7784.86,1661.19,Processing,2025-05-14,5,2025,Erode
order_00294,farmer_0048,consumer_0009,Chilli,110.99,63.1,7003.47,1925.63,On the way,2025-05-14,5,2025,Tirunelveli
order_02692,farmer_0021,consumer_0072,Brinjal,28.66,37.7,1080.48,412.37,Delivered,2025-05-15,5,2025,Erode
order_02009,farmer_0029,consumer_0164,Banana,50.5,2.7,136.35,28.1,Processing,2025-05-16,5,2025,Madurai
order_02187,farmer_0030,consumer_0014,Chilli,120.8,27.5,3322.0,864.51,Delivered,2025-05-16,5,2025,Tirunelveli
order_01031,farmer_0005,consumer_0095,Chilli,96.94,21.6,2093.9,792.77,Delivered,2025-05-16,5,2025,Erode
order_02225,farmer_0046,consumer_0005,Banana,53.49,54.0,2888.46,1048.23,Delivered,2025-05-17,5,2025,Thanjavur
order_01256,farmer_0015,consumer_0062,Sugarcane,3.93,42.4,166.63,43.71,Delivered,2025-05-17,5,2025,Tirunelveli
order_01078,farmer_0032,consumer_0142,Cotton,55.96,37.4,2092.9,465.67,Delivered,2025-05-17,5,2025,Salem
order_02563,farmer_0019,consumer_0175,Brinjal,28.39,24.2,687.04,165.55,On the way,2025-05-18,5,2025,Coimbatore
order_02909,farmer_0029,consumer_0140,Cabbage,19.55,28.0,547.4,169.77,Delivered,2025-05-18,5,2025,Tirunelveli
order_02540,farmer_0005,consumer_0063,Rice,33.33,14.7,489.95,151.07,Processing,2025-05-18,5,2025,Thanjavur
order_00105,farmer_0013,consumer_0098,Sugarcane,3.59,36.6,131.39,31.9,Delivered,2025-05-18,5,2025,Vellore
order_00309,farmer_0026,consumer_0076,Lady Finger,45.38,15.5,703.39,261.42,Delivered,2025-05-18,5,2025,Tirunelveli
order_00592,farmer_0040,consumer_0036,Banana,51.03,13.2,673.6,224.94,On the way,2025-05-18,5,2025,Trichy
order_02152,farmer_0001,consumer_0042,Onion,31.8,44.8,1424.64,303.06,Processing,2025-05-19,5,2025,Madurai
order_01736,farmer_0001,consumer_0081,Sugarcane,3.67,28.2,103.49,33.13,Delivered,2025-05-20,5,2025,Salem
order_01875,farmer_0002,consumer_0102,Cauliflower,30.57,42.2,1290.05,410.79,On the way,2025-05-20,5,2025,Erode
order_01128,farmer_0011,consumer_0014,Coconut,34.47,1.8,62.05,13.35,Delivered,2025-05-20,5,2025,Salem
order_00967,farmer_0007,consumer_0073,Coconut,36.04,92.9,3348.12,1041.63,On the way,2025-05-21,5,2025,Trichy
order_00723,farmer_0004,consumer_0077,Cabbage,17.19,1.5,25.79,6.67,Delivered,2025-05-21,5,2025,Madurai
order_01525,farmer_0012,consumer_0032,Chilli,113.84,19.0,2162.96,764.87,On the way,2025-05-21,5,2025,Dindigul
order_02743,farmer_0040,consumer_0160,Chilli,99.8,3.3,329.34,111.79,Delivered,2025-05-21,5,2025,Salem
order_00241,farmer_0001,consumer_0196,Banana,50.04,14.2,710.57,222.16,Delivered,2025-05-21,5,2025,Tirunelveli
order_01846,farmer_0044,consumer_0029,Brinjal,25.08,8.3,208.16,69.07,Delivered,2025-05-21,5,2025,Salem
order_02510,farmer_0049,consumer_0109,Cotton,58.35,97.7,5700.8,1433.56,On the way,2025-05-21,5,2025,Chennai
order_02097,farmer_0044,consumer_0134,Cauliflower,31.16,24.5,763.42,265.34,Delivered,2025-05-21,5,2025,Madurai
order_00952,farmer_0002,consumer_0159,Cotton,56.31,4.8,270.29,78.24,Delivered,2025-05-22,5,2025,Trichy
order_02139,farmer_0031,consumer_0148,Chilli,103.24,13.6,1404.06,424.69,Delivered,2025-05-23,5,2025,Trichy
order_00005,farmer_0021,consumer_0156,Coconut,33.77,3.9,131.7,49.41,On the way,2025-05-23,5,2025,Vellore
order_01578,farmer_0034,consumer_0084,Rice,31.16,4.2,130.87,27.28,Processing,2025-05-23,5,2025,Thanjavur
order_00030,farmer_0049,consumer_0046,Lady Finger,41.6,17.4,723.84,186.06,Delivered,2025-05-23,5,2025,Madurai
order_02410,farmer_0038,consumer_0162,Cotton,55.95,54.0,3021.3,1169.05,Delivered,2025-05-24,5,2025,Erode
order_00264,farmer_0038,consumer_0173,Chilli,110.34,13.4,1478.56,340.22,Delivered,2025-05-24,5,2025,Vellore
order_02917,farmer_0012,consumer_0139,Onion,31.15,17.0,529.55,106.79,On the way,2025-05-24,5,2025,Thanjavur
order_00244,farmer_0036,consumer_0190,Chilli,115.78,23.1,2674.52,957.97,Delivered,2025-05-25,5,2025,Salem
order_02331,farmer_0043,consumer_0121,Sugarcane,3.54,43.5,153.99,41.27,Delivered,2025-05-26,5,2025,Tirunelveli
order_02347,farmer_0029,consumer_0057,Potato,26.95,34.7,935.17,260.52,On the way,2025-05-26,5,2025,Vellore
order_00963,farmer_0001,consumer_0011,Cotton,54.5,26.2,1427.9,566.99,Processing,2025-05-26,5,2025,Chennai
order_02556,farmer_0029,consumer_0188,Brinjal,27.18,2.3,62.51,18.73,On the way,2025-05-26,5,2025,Coimbatore
order_02256,farmer_0036,consumer_0021,Cabbage,16.68,65.2,1087.54,258.3,Processing,2025-05-27,5,2025,Chennai
order_02465,farmer_0024,consumer_0199,Lady Finger,45.25,9.7,438.92,91.24,Delivered,2025-05-27,5,2025,Chennai
order_02833,farmer_0009,consumer_0173,Groundnut,64.36,19.1,1229.28,476.71,On the way,2025-05-28,5,2025,Madurai
order_00480,farmer_0034,consumer_0073,Coconut,35.95,46.1,1657.3,534.19,Delivered,2025-05-28,5,2025,Vellore
order_01702,farmer_0044,consumer_0151,Tomato,35.49,48.4,1717.72,423.76,On the way,2025-05-28,5,2025,Trichy
order_02443,farmer_0049,consumer_0147,Coconut,32.02,9.8,313.8,95.39,Delivered,2025-05-28,5,2025,Trichy
order_02219,farmer_0027,consumer_0026,Sugarcane,3.96,7.6,30.1,7.5,Delivered,2025-05-28,5,2025,Tirunelveli
order_01134,farmer_0019,consumer_0167,Tomato,37.79,21.5,812.49,203.85,Delivered,2025-05-29,5,2025,Erode
order_01787,farmer_0046,consumer_0108,Cotton,60.12,6.2,372.74,78.98,Delivered,2025-05-29,5,2025,Erode
order_01044,farmer_0014,consumer_0031,Groundnut,78.67,15.0,1180.05,376.71,Delivered,2025-05-29,5,2025,Thanjavur
order_01214,farmer_0015,consumer_0184,Sugarcane,3.7,38.6,142.82,41.36,Delivered,2025-05-29,5,2025,Trichy
order_00465,farmer_0046,consumer_0115,Carrot,51.29,12.8,656.51,141.8,Delivered,2025-05-30,5,2025,Chennai
order_00853,farmer_0037,consumer_0028,Cabbage,18.01,49.2,886.09,267.44,On the way,2025-05-30,5,2025,Erode
order_01641,farmer_0049,consumer_0180,Potato,24.99,37.0,924.63,284.88,Delivered,2025-05-30,5,2025,Trichy
order_00766,farmer_0005,consumer_0027,Rice,32.49,1.6,51.98,20.35,Processing,2025-06-01,6,2025,Dindigul
order_02513,farmer_0016,consumer_0159,Onion,30.19,48.7,1470.25,364.77,Delivered,2025-06-02,6,2025,Dindigul
order_02141,farmer_0021,consumer_0123,Onion,31.58,33.4,1054.77,256.93,On the way,2025-06-03,6,2025,Salem
order_00780,farmer_0011,consumer_0122,Cabbage,18.44,23.4,431.5,99.58,Processing,2025-06-03,6,2025,Tirunelveli
order_02039,farmer_0010,consumer_0033,Potato,26.06,28.0,729.68,290.84,Delivered,2025-06-04,6,2025,Erode
order_00038,farmer_0009,consumer_0072,Brinjal,29.29,3.4,99.59,29.74,Processing,2025-06-04,6,2025,Coimbatore
order_02641,farmer_0017,consumer_0160,Cabbage,18.36,10.1,185.44,58.76,Processing,2025-06-06,6,2025,Erode
order_00921,farmer_0045,consumer_0065,Coconut,26.0,97.9,2545.4,1005.44,Delivered,2025-06-06,6,2025,Thanjavur
order_00168,farmer_0037,consumer_0067,Cabbage,19.95,39.9,796.0,312.85,Delivered,2025-06-06,6,2025,Trichy
order_02459,farmer_0032,consumer_0098,Potato,25.13,43.4,1090.64,288.52,Delivered,2025-06-07,6,2025,Trichy
order_01936,farmer_0017,consumer_0135,Cauliflower,31.02,108.2,3356.36,679.57,On the way,2025-06-07,6,2025,Madurai
order_00046,farmer_0014,consumer_0182,Tomato,36.68,6.7,245.76,52.46,Delivered,2025-06-08,6,2025,Madurai
order_00473,farmer_0012,consumer_0039,Tomato,37.25,27.2,1013.2,363.0,Delivered,2025-06-08,6,2025,Dindigul
order_02631,farmer_0019,consumer_0045,Lady Finger,51.26,12.9,661.25,234.88,Delivered,2025-06-09,6,2025,Trichy
order_00134,farmer_0016,consumer_0065,Brinjal,24.84,4.5,111.78,38.7,Delivered,2025-06-09,6,2025,Vellore
order_01112,farmer_0021,consumer_0112,Carrot,51.13,8.5,434.61,124.41,Delivered,2025-06-09,6,2025,Trichy
order_01944,farmer_0025,consumer_0077,Carrot,48.86,6.7,327.36,107.66,Delivered,2025-06-09,6,2025,Madurai
order_01467,farmer_0043,consumer_0047,Carrot,48.6,81.6,3965.76,1367.57,On the way,2025-06-10,6,2025,Coimbatore
order_02313,farmer_0045,consumer_0159,Carrot,49.74,39.2,1949.81,542.95,Delivered,2025-06-10,6,2025,Dindigul
order_02740,farmer_0014,consumer_0010,Chilli,102.79,4.9,503.67,140.24,Delivered,2025-06-11,6,2025,Coimbatore
order_02524,farmer_0006,consumer_0010,Rice,33.44,22.0,735.68,277.05,Delivered,2025-06-11,6,2025,Madurai
order_02055,farmer_0048,consumer_0057,Cotton,56.77,49.2,2793.08,724.3,On the way,2025-06-12,6,2025,Dindigul
order_02255,farmer_0032,consumer_0098,Rice,34.01,9.2,312.89,92.39,Delivered,2025-06-12,6,2025,Trichy
order_01730,farmer_0037,consumer_0094,Onion,32.29,1.2,38.75,12.55,On the way,2025-06-13,6,2025,Madurai
order_00257,farmer_0021,consumer_0138,Carrot,50.69,7.1,359.9,143.65,Delivered,2025-06-14,6,2025,Erode
order_02342,farmer_0033,consumer_0098,Banana,54.87,20.5,1124.84,302.49,Delivered,2025-06-14,6,2025,Tirunelveli
order_01012,farmer_0040,consumer_0192,Cotton,56.29,5.9,332.11,128.35,On the way,2025-06-15,6,2025,Salem
order_00339,farmer_0011,consumer_0083,Cotton,56.85,13.8,784.53,297.46,Delivered,2025-06-15,6,2025,Chennai
order_02164,farmer_0027,consumer_0125,Sugarcane,3.75,46.3,173.62,68.47,Delivered,2025-06-15,6,2025,Vellore
order_01227,farmer_0037,consumer_0092,Potato,23.04,4.6,105.98,40.3,Delivered,2025-06-15,6,2025,Chennai
order_01170,farmer_0045,consumer_0012,Groundnut,71.23,25.4,1809.24,663.66,Delivered,2025-06-15,6,2025,Tirunelveli
order_00650,farmer_0033,consumer_0010,Cauliflower,31.73,29.9,948.73,333.67,Delivered,2025-06-16,6,2025,Thanjavur
order_00403,farmer_0050,consumer_0011,Chilli,111.26,28.2,3137.53,1090.82,Delivered,2025-06-16,6,2025,Thanjavur
order_00249,farmer_0009,consumer_0192,Chilli,113.66,30.7,3489.36,1342.43,On the way,2025-06-16,6,2025,Coimbatore
order_01540,farmer_0047,consumer_0076,Banana,52.15,7.5,391.12,146.58,Delivered,2025-06-16,6,2025,Coimbatore
order_02172,farmer_0006,consumer_0077,Coconut,27.2,41.7,1134.24,312.06,Delivered,2025-06-17,6,2025,Dindigul
order_02882,farmer_0008,consumer_0139,Banana,49.45,1.4,69.23,23.89,On the way,2025-06-17,6,2025,Coimbatore
order_00028,farmer_0018,consumer_0198,Chilli,121.51,15.4,1871.25,440.39,Delivered,2025-06-17,6,2025,Coimbatore
order_00271,farmer_0025,consumer_0152,Brinjal,27.65,14.6,403.69,112.97,On the way,2025-06-17,6,2025,Coimbatore
order_01896,farmer_0039,consumer_0136,Cabbage,19.07,68.7,1310.11,311.77,Delivered,2025-06-18,6,2025,Madurai
order_02144,farmer_0036,consumer_0199,Coconut,26.77,2.1,56.22,13.87,Delivered,2025-06-18,6,2025,Salem
order_00211,farmer_0045,consumer_0033,Brinjal,27.06,11.6,313.9,105.05,On the way,2025-06-19,6,2025,Madurai
order_00001,farmer_0046,consumer_0059,Cabbage,17.76,1.5,26.64,8.42,Processing,2025-06-20,6,2025,Chennai
order_01280,farmer_0038,consumer_0025,Rice,34.8,24.1,838.68,244.38,Delivered,2025-06-20,6,2025,Dindigul
order_01230,farmer_0003,consumer_0113,Banana,55.29,9.6,530.78,173.43,Delivered,2025-06-20,6,2025,Trichy
order_01876,farmer_0026,consumer_0121,Coconut,28.64,4.3,123.15,41.03,Processing,2025-06-20,6,2025,Coimbatore
order_02095,farmer_0035,consumer_0112,Onion,32.18,73.0,2349.14,782.26,Delivered,2025-06-20,6,2025,Erode
order_00408,farmer_0034,consumer_0074,Cabbage,19.03,12.1,230.26,49.25,On the way,2025-06-21,6,2025,Thanjavur
order_02717,farmer_0007,consumer_0013,Brinjal,26.42,30.3,800.53,245.41,Delivered,2025-06-22,6,2025,Dindigul
order_00970,farmer_0027,consumer_0039,Cauliflower,28.71,27.4,786.65,270.51,Delivered,2025-06-22,6,2025,Chennai
order_02335,farmer_0031,consumer_0162,Coconut,27.04,69.5,1879.28,384.89,Delivered,2025-06-23,6,2025,Tirunelveli
order_01692,farmer_0035,consumer_0114,Onion,31.85,39.7,1264.45,476.41,Delivered,2025-06-24,6,2025,Thanjavur
order_02893,farmer_0029,consumer_0153,Carrot,52.84,8.9,470.28,177.12,Delivered,2025-06-25,6,2025,Vellore
order_02314,farmer_0011,consumer_0154,Onion,31.46,26.7,839.98,194.53,Delivered,2025-06-25,6,2025,Madurai
order_01344,farmer_0014,consumer_0056,Chilli,101.67,21.7,2206.24,773.84,On the way,2025-06-25,6,2025,Madurai
order_02282,farmer_0042,consumer_0136,Chilli,102.98,35.1,3614.6,1393.53,On the way,2025-06-26,6,2025,Dindigul
order_02846,farmer_0025,consumer_0003,Potato,26.78,20.8,557.02,130.23,On the way,2025-06-26,6,2025,Salem
order_02042,farmer_0004,consumer_0061,Tomato,41.29,36.6,1511.21,303.28,Delivered,2025-06-26,6,2025,Tirunelveli
order_01114,farmer_0037,consumer_0116,Brinjal,29.61,5.6,165.82,44.44,Delivered,2025-06-26,6,2025,Trichy
order_00197,farmer_0030,consumer_0129,Coconut,25.7,8.1,208.17,82.84,Delivered,2025-06-27,6,2025,Coimbatore
order_02103,farmer_0026,consumer_0047,Cabbage,20.34,57.2,1163.45,277.48,Processing,2025-06-27,6,2025,Dindigul
order_02938,farmer_0002,consumer_0120,Cotton,51.07,3.5,178.75,38.73,Delivered,2025-06-27,6,2025,Vellore
order_02441,farmer_0050,consumer_0107,Coconut,28.37,4.0,113.48,32.16,Processing,2025-06-27,6,2025,Tirunelveli
order_02067,farmer_0025,consumer_0050,Coconut,27.23,5.0,136.15,44.21,Delivered,2025-06-27,6,2025,Thanjavur
order_00117,farmer_0045,consumer_0130,Potato,27.69,1.0,27.69,5.78,Delivered,2025-06-27,6,2025,Tirunelveli
order_01253,farmer_0001,consumer_0073,Groundnut,63.64,25.7,1635.55,399.06,On the way,2025-06-28,6,2025,Vellore
order_00270,farmer_0014,consumer_0098,Tomato,36.77,1.0,36.77,13.73,Delivered,2025-06-28,6,2025,Chennai
order_02136,farmer_0026,consumer_0199,Groundnut,69.26,50.1,3469.93,772.98,Delivered,2025-06-28,6,2025,Thanjavur
order_01974,farmer_0026,consumer_0083,Coconut,25.89,11.6,300.32,92.15,Processing,2025-06-29,6,2025,Madurai
order_01322,farmer_0028,consumer_0103,Cauliflower,30.98,56.5,1750.37,512.09,On the way,2025-06-29,6,2025,Vellore
order_01498,farmer_0038,consumer_0156,Cotton,59.1,9.5,561.45,195.18,Delivered,2025-06-29,6,2025,Chennai
order_02364,farmer_0045,consumer_0015,Rice,30.33,9.7,294.2,96.8,Delivered,2025-06-29,6,2025,Dindigul
order_02821,farmer_0013,consumer_0110,Groundnut,71.42,42.4,3028.21,848.99,On the way,2025-06-30,6,2025,Erode
order_02112,farmer_0013,consumer_0152,Onion,28.46,45.3,1289.24,366.33,Delivered,2025-06-30,6,2025,Thanjavur
order_00037,farmer_0019,consumer_0029,Groundnut,75.16,24.1,1811.36,550.98,Delivered,2025-06-30,6,2025,Coimbatore
order_00374,farmer_0035,consumer_0031,Potato,26.46,8.3,219.62,45.26,Processing,2025-06-30,6,2025,Trichy
order_01224,farmer_0045,consumer_0046,Sugarcane,3.86,36.7,141.66,47.65,Processing,2025-06-30,6,2025,Madurai
order_00436,farmer_0025,consumer_0122,Cauliflower,33.75,1.0,33.75,7.41,Processing,2025-06-30,6,2025,Tirunelveli
order_02366,farmer_0041,consumer_0057,Cotton,56.48,36.7,2072.82,419.44,On the way,2025-06-30,6,2025,Madurai
order_01710,farmer_0039,consumer_0013,Onion,33.41,17.2,574.65,178.23,Delivered,2025-07-03,7,2025,Coimbatore
order_01667,farmer_0039,consumer_0153,Tomato,37.37,42.9,1603.17,423.77,Delivered,2025-07-03,7,2025,Trichy
order_00051,farmer_0008,consumer_0046,Groundnut,69.29,105.6,7317.02,1939.59,Delivered,2025-07-04,7,2025,Erode
order_00057,farmer_0011,consumer_0138,Banana,36.99,4.3,159.06,44.85,Delivered,2025-07-05,7,2025,Salem
order_01447,farmer_0012,consumer_0102,Rice,31.63,2.3,72.75,21.78,Delivered,2025-07-06,7,2025,Tirunelveli
order_02643,farmer_0023,consumer_0108,Cotton,56.68,99.2,5622.66,1239.94,Delivered,2025-07-06,7,2025,Tirunelveli
order_01375,farmer_0006,consumer_0108,Carrot,50.01,3.7,185.04,58.96,Delivered,2025-07-06,7,2025,Salem
order_01812,farmer_0001,consumer_0147,Onion,32.82,1.0,32.82,11.87,On the way,2025-07-07,7,2025,Dindigul
order_00890,farmer_0049,consumer_0106,Sugarcane,3.77,12.4,46.75,17.63,Delivered,2025-07-08,7,2025,Madurai
order_01518,farmer_0031,consumer_0185,Groundnut,70.75,35.5,2511.62,788.39,Delivered,2025-07-08,7,2025,Chennai
order_00785,farmer_0029,consumer_0072,Rice,31.29,199.4,6239.23,1778.04,Delivered,2025-07-08,7,2025,Vellore
order_02578,farmer_0011,consumer_0035,Carrot,52.33,2.8,146.52,47.6,Processing,2025-07-08,7,2025,Coimbatore
order_01903,farmer_0004,consumer_0154,Rice,32.75,25.3,828.58,294.1,On the way,2025-07-08,7,2025,Madurai
order_01036,farmer_0006,consumer_0126,Onion,33.8,1.0,33.8,9.45,Delivered,2025-07-09,7,2025,Madurai
order_00698,farmer_0003,consumer_0059,Rice,32.8,7.6,249.28,63.05,Delivered,2025-07-09,7,2025,Dindigul
order_00488,farmer_0050,consumer_0071,Onion,32.4,12.9,417.96,116.16,On the way,2025-07-09,7,2025,Madurai
order_00188,farmer_0026,consumer_0074,Banana,39.73,15.2,603.9,139.74,Delivered,2025-07-09,7,2025,Chennai
order_01154,farmer_0015,consumer_0010,Cabbage,18.6,38.0,706.8,237.63,Delivered,2025-07-09,7,2025,Coimbatore
order_00959,farmer_0011,consumer_0036,Cotton,55.15,23.1,1273.97,392.11,Delivered,2025-07-10,7,2025,Erode
order_02156,farmer_0009,consumer_0152,Cotton,55.44,54.5,3021.48,778.21,Delivered,2025-07-10,7,2025,Madurai
order_02858,farmer_0005,consumer_0189,Sugarcane,3.67,74.5,273.42,92.02,On the way,2025-07-11,7,2025,Vellore
order_01765,farmer_0039,consumer_0119,Groundnut,64.48,36.8,2372.86,501.99,Delivered,2025-07-11,7,2025,Erode
order_00208,farmer_0039,consumer_0010,Cotton,53.55,102.6,5494.23,1867.56,Delivered,2025-07-11,7,2025,Madurai
order_02059,farmer_0011,consumer_0036,Coconut,28.26,15.1,426.73,122.64,Delivered,2025-07-11,7,2025,Salem
order_00155,farmer_0046,consumer_0086,Cotton,51.89,5.4,280.21,84.18,Delivered,2025-07-11,7,2025,Thanjavur
order_01388,farmer_0018,consumer_0105,Carrot,57.36,23.6,1353.7,347.92,Delivered,2025-07-12,7,2025,Trichy
order_02880,farmer_0032,consumer_0068,Sugarcane,3.52,3.5,12.32,3.29,Delivered,2025-07-13,7,2025,Vellore
order_01627,farmer_0014,consumer_0139,Coconut,27.26,5.6,152.66,35.77,Processing,2025-07-13,7,2025,Tirunelveli
order_00559,farmer_0001,consumer_0176,Banana,38.61,14.0,540.54,131.52,Delivered,2025-07-13,7,2025,Madurai
order_00845,farmer_0005,consumer_0024,Rice,29.76,3.9,116.06,29.6,Delivered,2025-07-13,7,2025,Trichy
order_02267,farmer_0026,consumer_0054,Groundnut,64.27,13.0,835.51,225.23,Delivered,2025-07-13,7,2025,Vellore
order_00359,farmer_0020,consumer_0085,Coconut,26.2,19.4,508.28,133.15,Delivered,2025-07-14,7,2025,Salem
order_00927,farmer_0040,consumer_0017,Cauliflower,33.34,36.2,1206.91,307.74,Delivered,2025-07-14,7,2025,Erode
order_01564,farmer_0022,consumer_0193,Cauliflower,30.64,2.5,76.6,29.09,Delivered,2025-07-14,7,2025,Dindigul
order_00368,farmer_0002,consumer_0156,Chilli,111.41,6.2,690.74,242.01,Delivered,2025-07-14,7,2025,Chennai
order_02280,farmer_0024,consumer_0027,Banana,41.18,6.5,267.67,85.94,On the way,2025-07-15,7,2025,Coimbatore
order_02160,farmer_0025,consumer_0107,Groundnut,69.91,38.1,2663.57,777.59,Delivered,2025-07-15,7,2025,Tirunelveli
order_02310,farmer_0014,consumer_0057,Chilli,119.35,1.0,119.35,25.34,Delivered,2025-07-15,7,2025,Madurai
order_01690,farmer_0027,consumer_0181,Groundnut,65.46,14.7,962.26,382.38,Delivered,2025-07-16,7,2025,Tirunelveli
order_02363,farmer_0010,consumer_0199,Banana,45.15,84.1,3797.11,1181.28,Delivered,2025-07-16,7,2025,Salem
order_01311,farmer_0016,consumer_0095,Tomato,37.57,31.7,1190.97,445.45,Delivered,2025-07-17,7,2025,Dindigul
order_01180,farmer_0025,consumer_0006,Chilli,116.65,17.3,2018.05,744.21,Delivered,2025-07-17,7,2025,Dindigul
order_02876,farmer_0030,consumer_0171,Cotton,57.85,8.2,474.37,167.35,Delivered,2025-07-17,7,2025,Tirunelveli
order_00298,farmer_0008,consumer_0191,Rice,34.24,4.5,154.08,49.96,Delivered,2025-07-17,7,2025,Trichy
order_00547,farmer_0049,consumer_0049,Rice,32.87,10.2,335.27,77.49,Delivered,2025-07-18,7,2025,Chennai
order_01021,farmer_0028,consumer_0092,Rice,31.37,7.4,232.14,51.94,Delivered,2025-07-18,7,2025,Thanjavur
order_01932,farmer_0027,consumer_0046,Onion,34.6,18.9,653.94,254.86,Delivered,2025-07-18,7,2025,Salem
order_02206,farmer_0016,consumer_0071,Groundnut,69.47,6.6,458.5,150.08,Delivered,2025-07-18,7,2025,Dindigul
order_00110,farmer_0042,consumer_0193,Carrot,51.85,17.8,922.93,275.09,Delivered,2025-07-19,7,2025,Thanjavur
order_01675,farmer_0011,consumer_0159,Chilli,106.29,9.1,967.24,196.81,Delivered,2025-07-19,7,2025,Coimbatore
order_02126,farmer_0021,consumer_0012,Cauliflower,34.49,1.0,34.49,13.25,On the way,2025-07-19,7,2025,Tirunelveli
order_00753,farmer_0029,consumer_0052,Carrot,51.04,12.5,638.0,171.98,Delivered,2025-07-19,7,2025,Trichy
order_02123,farmer_0050,consumer_0038,Tomato,36.68,12.3,451.16,143.12,On the way,2025-07-20,7,2025,Dindigul
order_02884,farmer_0024,consumer_0149,Tomato,38.56,25.1,967.86,308.62,Delivered,2025-07-20,7,2025,Trichy
order_02878,farmer_0015,consumer_0021,Cotton,50.14,11.1,556.55,186.59,Delivered,2025-07-20,7,2025,Erode
order_02697,farmer_0009,consumer_0001,Banana,43.67,26.4,1152.89,299.57,Delivered,2025-07-21,7,2025,Salem
order_02412,farmer_0040,consumer_0186,Groundnut,63.12,42.7,2695.22,758.28,Processing,2025-07-21,7,2025,Tirunelveli
order_00978,farmer_0023,consumer_0123,Coconut,27.37,4.9,134.11,31.57,On the way,2025-07-22,7,2025,Erode
order_02404,farmer_0008,consumer_0031,Brinjal,34.03,32.7,1112.78,427.27,Delivered,2025-07-22,7,2025,Thanjavur
order_02186,farmer_0026,consumer_0162,Onion,31.15,20.8,647.92,142.19,Delivered,2025-07-23,7,2025,Thanjavur
order_01254,farmer_0037,consumer_0143,Cauliflower,32.26,64.1,2067.87,551.74,Delivered,2025-07-23,7,2025,Thanjavur
order_01913,farmer_0012,consumer_0108,Onion,30.38,54.3,1649.63,348.67,Delivered,2025-07-23,7,2025,Salem
order_00864,farmer_0010,consumer_0138,Cotton,53.88,1.6,86.21,18.79,Delivered,2025-07-23,7,2025,Vellore
order_00223,farmer_0018,consumer_0142,Sugarcane,3.56,22.7,80.81,19.03,Delivered,2025-07-23,7,2025,Trichy
order_02719,farmer_0028,consumer_0061,Chilli,112.13,2.8,313.96,88.33,Delivered,2025-07-24,7,2025,Trichy
order_02765,farmer_0044,consumer_0017,Sugarcane,3.81,29.7,113.16,44.48,Processing,2025-07-25,7,2025,Trichy
order_01867,farmer_0006,consumer_0139,Rice,35.33,58.4,2063.27,433.79,Delivered,2025-07-25,7,2025,Erode
order_02564,farmer_0020,consumer_0045,Onion,32.41,6.6,213.91,60.58,Processing,2025-07-25,7,2025,Coimbatore
order_01480,farmer_0015,consumer_0046,Cabbage,17.12,15.3,261.94,92.01,Delivered,2025-07-25,7,2025,Thanjavur
order_00265,farmer_0037,consumer_0091,Lady Finger,60.27,5.4,325.46,107.64,On the way,2025-07-26,7,2025,Dindigul
order_00924,farmer_0003,consumer_0178,Lady Finger,51.57,13.3,685.88,269.2,Delivered,2025-07-26,7,2025,Erode
order_00165,farmer_0003,consumer_0038,Carrot,48.7,12.0,584.4,121.63,Delivered,2025-07-27,7,2025,Dindigul
order_02976,farmer_0023,consumer_0012,Rice,31.23,18.0,562.14,130.11,On the way,2025-07-28,7,2025,Vellore
order_02444,farmer_0050,consumer_0118,Cotton,55.11,22.2,1223.44,463.47,Delivered,2025-07-28,7,2025,Chennai
order_01248,farmer_0004,consumer_0161,Onion,33.6,11.7,393.12,120.86,On the way,2025-07-29,7,2025,Madurai
order_01177,farmer_0035,consumer_0111,Carrot,56.26,10.5,590.73,210.88,Delivered,2025-07-29,7,2025,Thanjavur
order_02539,farmer_0005,consumer_0138,Coconut,25.79,34.4,887.18,297.99,Delivered,2025-07-29,7,2025,Madurai
order_02102,farmer_0034,consumer_0054,Potato,24.57,51.3,1260.44,357.96,Delivered,2025-07-29,7,2025,Coimbatore
order_01659,farmer_0025,consumer_0003,Cotton,51.32,6.7,343.84,119.66,Delivered,2025-07-30,7,2025,Thanjavur
order_02939,farmer_0020,consumer_0047,Cabbage,18.86,31.0,584.66,152.33,Delivered,2025-07-30,7,2025,Trichy
order_01999,farmer_0045,consumer_0153,Cotton,57.22,33.7,1928.31,677.6,Delivered,2025-07-31,7,2025,Vellore
order_02954,farmer_0020,consumer_0017,Cotton,60.24,12.1,728.9,172.65,On the way,2025-07-31,7,2025,Trichy
order_02993,farmer_0044,consumer_0056,Brinjal,33.17,120.9,4010.25,1505.66,Delivered,2025-08-01,8,2025,Tirunelveli
order_02501,farmer_0028,consumer_0173,Potato,25.1,8.9,223.39,81.19,On the way,2025-08-01,8,2025,Tirunelveli
order_00454,farmer_0043,consumer_0028,Potato,24.89,88.8,2210.23,720.98,Delivered,2025-08-01,8,2025,Dindigul
order_02531,farmer_0050,consumer_0007,Coconut,29.26,21.4,626.16,179.73,Delivered,2025-08-01,8,2025,Vellore
order_00175,farmer_0022,consumer_0139,Sugarcane,3.64,55.8,203.11,64.5,Delivered,2025-08-01,8,2025,Tirunelveli
order_01184,farmer_0008,consumer_0118,Onion,31.66,27.1,857.99,233.58,Delivered,2025-08-02,8,2025,Erode
order_01817,farmer_0039,consumer_0033,Brinjal,37.24,38.6,1437.46,470.83,Delivered,2025-08-02,8,2025,Vellore
order_01626,farmer_0013,consumer_0193,Cotton,59.16,24.8,1467.17,356.87,Delivered,2025-08-02,8,2025,Chennai
order_01541,farmer_0045,consumer_0147,Cabbage,18.66,1.0,18.66,4.18,Delivered,2025-08-02,8,2025,Erode
order_00470,farmer_0026,consumer_0119,Brinjal,32.65,17.8,581.17,153.94,Delivered,2025-08-03,8,2025,Erode
order_01504,farmer_0034,consumer_0162,Groundnut,72.62,4.7,341.31,84.82,Delivered,2025-08-04,8,2025,Vellore
order_01426,farmer_0031,consumer_0165,Coconut,26.08,7.7,200.82,69.47,Delivered,2025-08-05,8,2025,Erode
order_01533,farmer_0018,consumer_0138,Coconut,30.44,30.2,919.29,274.8,Delivered,2025-08-06,8,2025,Thanjavur
order_00697,farmer_0015,consumer_0081,Cauliflower,30.83,37.8,1165.37,446.13,Delivered,2025-08-07,8,2025,Dindigul
order_01777,farmer_0014,consumer_0021,Brinjal,32.25,16.1,519.23,195.6,Delivered,2025-08-09,8,2025,Tirunelveli
order_00531,farmer_0037,consumer_0012,Cabbage,18.3,68.6,1255.38,354.63,Delivered,2025-08-11,8,2025,Coimbatore
order_00998,farmer_0037,consumer_0113,Cotton,57.8,17.7,1023.06,310.73,Delivered,2025-08-11,8,2025,Vellore
order_01940,farmer_0040,consumer_0186,Tomato,38.45,43.3,1664.88,642.63,On the way,2025-08-13,8,2025,Coimbatore
order_01716,farmer_0024,consumer_0003,Cabbage,19.88,9.2,182.9,66.63,Delivered,2025-08-13,8,2025,Coimbatore
order_02800,farmer_0004,consumer_0029,Brinjal,38.09,84.0,3199.56,719.89,Processing,2025-08-13,8,2025,Coimbatore
order_01063,farmer_0035,consumer_0044,Rice,39.75,2.6,103.35,21.72,Delivered,2025-08-14,8,2025,Coimbatore
order_02940,farmer_0011,consumer_0099,Lady Finger,56.54,10.2,576.71,210.7,Delivered,2025-08-15,8,2025,Madurai
order_02040,farmer_0005,consumer_0107,Brinjal,34.85,6.4,223.04,65.43,On the way,2025-08-15,8,2025,Thanjavur
order_01429,farmer_0005,consumer_0047,Cotton,50.8,24.3,1234.44,402.16,Delivered,2025-08-18,8,2025,Madurai
order_00658,farmer_0036,consumer_0141,Cabbage,19.24,5.4,103.9,40.64,Delivered,2025-08-18,8,2025,Vellore
order_00983,farmer_0014,consumer_0051,Onion,32.33,55.6,1797.55,422.62,Delivered,2025-08-18,8,2025,Erode
order_02942,farmer_0042,consumer_0112,Banana,40.52,9.5,384.94,133.01,On the way,2025-08-20,8,2025,Erode
order_00044,farmer_0047,consumer_0128,Banana,41.73,1.0,41.73,9.61,Delivered,2025-08-20,8,2025,Trichy
order_01006,farmer_0032,consumer_0024,Groundnut,70.37,48.7,3427.02,742.05,Delivered,2025-08-20,8,2025,Dindigul
order_02080,farmer_0029,consumer_0006,Cabbage,19.58,10.4,203.63,76.05,Delivered,2025-08-20,8,2025,Salem
order_02607,farmer_0002,consumer_0123,Carrot,46.61,10.2,475.42,113.35,Delivered,2025-08-21,8,2025,Madurai
order_01265,farmer_0025,consumer_0143,Sugarcane,3.77,25.6,96.51,22.53,Delivered,2025-08-21,8,2025,Thanjavur
order_00089,farmer_0020,consumer_0180,Potato,25.41,38.6,980.83,209.32,Delivered,2025-08-21,8,2025,Salem
order_02278,farmer_0013,consumer_0092,Banana,39.45,14.7,579.91,153.88,On the way,2025-08-22,8,2025,Dindigul
order_02424,farmer_0025,consumer_0063,Groundnut,63.37,1.0,63.37,19.9,Delivered,2025-08-24,8,2025,Thanjavur
order_00193,farmer_0002,consumer_0191,Coconut,28.94,24.1,697.45,234.95,Delivered,2025-08-24,8,2025,Dindigul
order_02402,farmer_0001,consumer_0164,Cauliflower,31.04,31.6,980.86,220.71,Delivered,2025-08-24,8,2025,Erode
order_01207,farmer_0047,consumer_0023,Banana,37.57,13.2,495.92,175.16,Delivered,2025-08-25,8,2025,Dindigul
order_01305,farmer_0025,consumer_0187,Carrot,51.15,48.5,2480.78,987.91,Delivered,2025-08-25,8,2025,Dindigul
order_01742,farmer_0048,consumer_0196,Chilli,101.4,1.9,192.66,48.04,Delivered,2025-08-25,8,2025,Coimbatore
order_01396,farmer_0050,consumer_0033,Chilli,108.32,33.4,3617.89,1302.7,On the way,2025-08-25,8,2025,Chennai
order_02078,farmer_0013,consumer_0052,Carrot,49.74,14.0,696.36,269.21,Processing,2025-08-25,8,2025,Thanjavur
order_02886,farmer_0024,consumer_0075,Carrot,51.14,51.7,2643.94,736.18,Delivered,2025-08-26,8,2025,Vellore
order_00955,farmer_0009,consumer_0194,Lady Finger,49.31,69.5,3427.05,1070.26,Delivered,2025-08-26,8,2025,Erode
order_00170,farmer_0018,consumer_0192,Carrot,47.83,5.1,243.93,59.29,Delivered,2025-08-26,8,2025,Madurai
order_00076,farmer_0049,consumer_0060,Groundnut,69.97,33.9,2371.98,722.7,Delivered,2025-08-27,8,2025,Chennai
order_01336,farmer_0015,consumer_0091,Chilli,94.36,29.0,2736.44,925.57,Delivered,2025-08-28,8,2025,Salem
order_00892,farmer_0011,consumer_0145,Sugarcane,3.88,3.7,14.36,5.52,Delivered,2025-08-29,8,2025,Dindigul
order_01577,farmer_0021,consumer_0090,Cabbage,18.28,13.9,254.09,66.44,Delivered,2025-08-29,8,2025,Coimbatore
order_02762,farmer_0023,consumer_0163,Cabbage,18.39,24.2,445.04,118.8,Processing,2025-08-30,8,2025,Salem
order_01621,farmer_0029,consumer_0178,Tomato,37.34,10.5,392.07,79.35,Delivered,2025-08-30,8,2025,Madurai
order_01616,farmer_0017,consumer_0148,Sugarcane,3.82,1.0,3.82,0.88,Delivered,2025-08-30,8,2025,Tirunelveli
order_00132,farmer_0007,consumer_0048,Groundnut,73.18,12.9,944.02,252.0,Delivered,2025-08-31,8,2025,Vellore
order_02975,farmer_0037,consumer_0138,Banana,40.74,1.0,40.74,15.75,Processing,2025-09-01,9,2025,Vellore
order_02085,farmer_0037,consumer_0125,Cabbage,19.28,1.0,19.28,6.16,Delivered,2025-09-01,9,2025,Madurai
order_02794,farmer_0023,consumer_0098,Coconut,28.35,54.7,1550.75,394.55,Delivered,2025-09-01,9,2025,Vellore
order_02509,farmer_0047,consumer_0196,Cabbage,18.29,29.2,534.07,146.82,Delivered,2025-09-01,9,2025,Madurai
order_00528,farmer_0047,consumer_0061,Cauliflower,31.92,42.1,1343.83,315.69,On the way,2025-09-02,9,2025,Erode
order_00288,farmer_0009,consumer_0083,Banana,39.17,30.9,1210.35,355.72,Delivered,2025-09-02,9,2025,Thanjavur
order_00754,farmer_0031,consumer_0057,Cabbage,19.3,8.4,162.12,63.66,Delivered,2025-09-03,9,2025,Erode
order_01391,farmer_0037,consumer_0172,Sugarcane,3.59,16.7,59.95,20.67,On the way,2025-09-03,9,2025,Thanjavur
order_01986,farmer_0018,consumer_0076,Brinjal,35.34,48.7,1721.06,671.89,Delivered,2025-09-04,9,2025,Erode
order_02885,farmer_0007,consumer_0014,Cotton,51.1,40.4,2064.44,583.64,On the way,2025-09-04,9,2025,Erode
order_02763,farmer_0046,consumer_0085,Onion,34.7,6.3,218.61,57.82,Delivered,2025-09-05,9,2025,Dindigul
order_00926,farmer_0043,consumer_0048,Groundnut,62.78,7.6,477.13,114.13,Delivered,2025-09-05,9,2025,Chennai
order_01121,farmer_0026,consumer_0035,Cauliflower,30.21,46.1,1392.68,471.83,Delivered,2025-09-06,9,2025,Vellore
order_00553,farmer_0044,consumer_0126,Carrot,51.36,57.6,2958.34,967.51,Delivered,2025-09-06,9,2025,Chennai
order_01551,farmer_0025,consumer_0128,Coconut,28.26,48.3,1364.96,324.31,Delivered,2025-09-06,9,2025,Coimbatore
order_01757,farmer_0046,consumer_0053,Potato,27.91,8.7,242.82,94.49,Delivered,2025-09-06,9,2025,Vellore
order_02248,farmer_0032,consumer_0152,Tomato,35.96,2.7,97.09,30.4,Delivered,2025-09-06,9,2025,Coimbatore
order_02608,farmer_0001,consumer_0181,Onion,33.27,9.9,329.37,109.14,Delivered,2025-09-07,9,2025,Madurai
order_02547,farmer_0039,consumer_0004,Coconut,27.5,32.6,896.5,356.87,Delivered,2025-09-07,9,2025,Erode
order_01552,farmer_0011,consumer_0152,Sugarcane,3.36,1.0,3.36,0.97,Delivered,2025-09-08,9,2025,Tirunelveli
order_00789,farmer_0046,consumer_0189,Lady Finger,43.72,27.6,1206.67,336.57,Delivered,2025-09-08,9,2025,Madurai
order_01059,farmer_0012,consumer_0196,Brinjal,37.73,34.5,1301.68,408.99,On the way,2025-09-09,9,2025,Vellore
order_01556,farmer_0015,consumer_0176,Chilli,99.56,68.1,6780.04,1665.01,Processing,2025-09-09,9,2025,Vellore
order_01268,farmer_0018,consumer_0085,Cauliflower,32.95,11.3,372.34,141.43,Delivered,2025-09-09,9,2025,Trichy
order_00577,farmer_0031,consumer_0123,Cabbage,18.16,10.8,196.13,70.65,On the way,2025-09-10,9,2025,Erode
order_00468,farmer_0032,consumer_0081,Sugarcane,3.72,8.0,29.76,8.16,Delivered,2025-09-10,9,2025,Thanjavur
order_02789,farmer_0037,consumer_0179,Cabbage,18.89,3.5,66.12,24.2,Processing,2025-09-11,9,2025,Dindigul
order_01163,farmer_0036,consumer_0022,Cauliflower,29.4,9.1,267.54,91.76,On the way,2025-09-11,9,2025,Trichy
order_00050,farmer_0049,consumer_0196,Chilli,115.52,5.3,612.26,158.63,On the way,2025-09-12,9,2025,Trichy
order_00762,farmer_0020,consumer_0185,Tomato,32.05,8.7,278.83,66.55,On the way,2025-09-12,9,2025,Tirunelveli
order_01153,farmer_0031,consumer_0027,Chilli,117.41,12.9,1514.59,478.24,On the way,2025-09-12,9,2025,Trichy
order_02594,farmer_0014,consumer_0155,Potato,25.99,3.2,83.17,30.78,Delivered,2025-09-13,9,2025,Madurai
order_01809,farmer_0009,consumer_0109,Onion,31.61,22.9,723.87,198.68,Delivered,2025-09-13,9,2025,Trichy
order_00878,farmer_0044,consumer_0038,Tomato,34.29,12.6,432.05,156.29,Processing,2025-09-13,9,2025,Salem
order_02238,farmer_0044,consumer_0071,Cabbage,18.97,1.1,20.87,6.92,On the way,2025-09-14,9,2025,Thanjavur
order_00564,farmer_0050,consumer_0191,Rice,41.15,18.6,765.39,227.51,Processing,2025-09-14,9,2025,Madurai
order_02178,farmer_0010,consumer_0092,Chilli,103.29,17.3,1786.92,461.89,Delivered,2025-09-14,9,2025,Coimbatore
order_01488,farmer_0003,consumer_0109,Groundnut,68.38,90.0,6154.2,1837.65,Processing,2025-09-14,9,2025,Vellore
order_02870,farmer_0015,consumer_0087,Sugarcane,3.77,45.7,172.29,53.97,Processing,2025-09-14,9,2025,Dindigul
order_00692,farmer_0013,consumer_0055,Onion,32.02,20.1,643.6,228.04,Delivered,2025-09-15,9,2025,Madurai
order_00490,farmer_0021,consumer_0125,Cabbage,17.09,17.6,300.78,93.96,Delivered,2025-09-15,9,2025,Vellore
order_00656,farmer_0011,consumer_0173,Banana,40.85,9.0,367.65,131.4,On the way,2025-09-15,9,2025,Erode
order_02568,farmer_0036,consumer_0144,Lady Finger,39.4,31.3,1233.22,475.28,On the way,2025-09-16,9,2025,Salem
order_00661,farmer_0020,consumer_0128,Groundnut,70.05,52.0,3642.6,926.81,Delivered,2025-09-16,9,2025,Tirunelveli
order_02063,farmer_0019,consumer_0018,Lady Finger,42.31,1.4,59.23,12.53,Delivered,2025-09-16,9,2025,Tirunelveli
order_02850,farmer_0005,consumer_0163,Tomato,35.73,35.8,1279.13,363.55,Delivered,2025-09-16,9,2025,Tirunelveli
order_00080,farmer_0047,consumer_0021,Brinjal,32.59,56.6,1844.59,558.7,Delivered,2025-09-16,9,2025,Coimbatore
order_02409,farmer_0029,consumer_0121,Chilli,101.58,6.2,629.8,232.87,Delivered,2025-09-17,9,2025,Coimbatore
order_01482,farmer_0033,consumer_0087,Rice,39.5,23.4,924.3,260.19,Delivered,2025-09-17,9,2025,Coimbatore
order_00716,farmer_0005,consumer_0191,Coconut,26.11,23.4,610.97,216.71,Delivered,2025-09-17,9,2025,Salem
order_02525,farmer_0007,consumer_0083,Coconut,24.79,76.1,1886.52,559.78,Delivered,2025-09-17,9,2025,Chennai
order_00596,farmer_0030,consumer_0138,Groundnut,62.14,30.2,1876.63,644.45,Delivered,2025-09-18,9,2025,Vellore
order_01436,farmer_0041,consumer_0058,Cabbage,17.32,14.1,244.21,63.07,Processing,2025-09-19,9,2025,Dindigul
order_01929,farmer_0043,consumer_0045,Banana,43.31,78.1,3382.51,1331.21,Delivered,2025-09-19,9,2025,Madurai
order_01947,farmer_0007,consumer_0160,Cauliflower,32.75,23.4,766.35,305.52,Delivered,2025-09-19,9,2025,Trichy
order_00854,farmer_0010,consumer_0160,Coconut,28.91,13.4,387.39,110.37,Delivered,2025-09-20,9,2025,Salem
order_02396,farmer_0050,consumer_0052,Lady Finger,42.53,6.0,255.18,81.9,On the way,2025-09-20,9,2025,Chennai
order_00064,farmer_0002,consumer_0059,Groundnut,65.94,130.8,8624.95,1797.93,Delivered,2025-09-20,9,2025,Salem
order_02450,farmer_0007,consumer_0131,Groundnut,70.22,26.0,1825.72,521.11,Delivered,2025-09-21,9,2025,Erode
order_02930,farmer_0035,consumer_0088,Groundnut,66.48,23.0,1529.04,328.89,Delivered,2025-09-21,9,2025,Thanjavur
order_00325,farmer_0038,consumer_0112,Onion,34.32,46.9,1609.61,400.07,Delivered,2025-09-21,9,2025,Trichy
order_01432,farmer_0037,consumer_0197,Rice,39.95,15.6,623.22,155.69,On the way,2025-09-21,9,2025,Coimbatore
order_01842,farmer_0018,consumer_0103,Brinjal,33.42,57.3,1914.97,635.42,Delivered,2025-09-22,9,2025,Coimbatore
order_00608,farmer_0027,consumer_0057,Cotton,54.16,1.6,86.66,19.49,On the way,2025-09-22,9,2025,Salem
order_02857,farmer_0009,consumer_0087,Sugarcane,3.8,67.2,255.36,84.02,On the way,2025-09-23,9,2025,Coimbatore
order_00476,farmer_0028,consumer_0041,Rice,41.86,18.9,791.15,254.25,Delivered,2025-09-23,9,2025,Erode
order_02263,farmer_0046,consumer_0120,Banana,41.42,35.1,1453.84,500.31,Processing,2025-09-23,9,2025,Dindigul
order_01411,farmer_0030,consumer_0068,Coconut,28.42,1.5,42.63,12.26,Delivered,2025-09-24,9,2025,Salem
order_00300,farmer_0007,consumer_0172,Cotton,59.71,6.9,412.0,146.01,Delivered,2025-09-25,9,2025,Vellore
order_01079,farmer_0045,consumer_0142,Potato,24.52,8.8,215.78,55.42,Delivered,2025-09-25,9,2025,Thanjavur
order_00945,farmer_0017,consumer_0058,Cotton,58.22,18.1,1053.78,373.67,Delivered,2025-09-25,9,2025,Chennai
order_00326,farmer_0025,consumer_0156,Onion,32.79,51.1,1675.57,523.0,Delivered,2025-09-26,9,2025,Thanjavur
order_00079,farmer_0042,consumer_0061,Cotton,51.46,20.0,1029.2,318.14,Delivered,2025-09-27,9,2025,Vellore
order_00036,farmer_0014,consumer_0073,Tomato,33.92,11.9,403.65,147.94,Processing,2025-09-27,9,2025,Dindigul
order_01543,farmer_0013,consumer_0032,Rice,40.81,29.5,1203.89,363.71,Processing,2025-09-27,9,2025,Thanjavur
order_00053,farmer_0002,consumer_0075,Cabbage,16.54,4.7,77.74,24.89,Delivered,2025-09-28,9,2025,Trichy
order_00749,farmer_0017,consumer_0001,Brinjal,32.08,88.6,2842.29,1108.01,Delivered,2025-09-28,9,2025,Tirunelveli
order_02965,farmer_0021,consumer_0082,Lady Finger,44.16,31.8,1404.29,350.91,Delivered,2025-09-28,9,2025,Trichy
order_01262,farmer_0037,consumer_0025,Carrot,54.1,22.1,1195.61,411.96,Delivered,2025-09-28,9,2025,Tirunelveli
order_00600,farmer_0025,consumer_0081,Coconut,27.46,29.0,796.34,254.08,Delivered,2025-09-29,9,2025,Coimbatore
order_00773,farmer_0027,consumer_0085,Cauliflower,31.88,19.4,618.47,224.76,On the way,2025-09-29,9,2025,Coimbatore
order_01770,farmer_0032,consumer_0028,Coconut,31.76,57.5,1826.2,520.81,On the way,2025-09-30,9,2025,Tirunelveli
order_02653,farmer_0025,consumer_0078,Chilli,118.81,15.2,1805.91,515.71,On the way,2025-10-01,10,2025,Thanjavur
order_00675,farmer_0040,consumer_0135,Cabbage,17.74,9.8,173.85,38.51,Delivered,2025-10-01,10,2025,Coimbatore
order_00182,farmer_0035,consumer_0034,Lady Finger,41.5,16.2,672.3,267.53,Delivered,2025-10-02,10,2025,Tirunelveli
order_01602,farmer_0013,consumer_0006,Potato,26.08,27.1,706.77,158.78,Delivered,2025-10-02,10,2025,Tirunelveli
order_02344,farmer_0044,consumer_0128,Onion,31.75,10.2,323.85,107.46,On the way,2025-10-02,10,2025,Tirunelveli
order_00358,farmer_0009,consumer_0102,Sugarcane,4.78,9.9,47.32,13.54,Delivered,2025-10-02,10,2025,Salem
order_00905,farmer_0012,consumer_0027,Cauliflower,31.01,41.9,1299.32,492.25,Delivered,2025-10-03,10,2025,Salem
order_00522,farmer_0043,consumer_0064,Cauliflower,31.07,1.0,31.07,9.2,Delivered,2025-10-03,10,2025,Coimbatore
order_02467,farmer_0004,consumer_0161,Brinjal,29.15,12.1,352.71,95.2,Delivered,2025-10-03,10,2025,Salem
order_01652,farmer_0001,consumer_0092,Sugarcane,4.58,31.2,142.9,48.2,Delivered,2025-10-03,10,2025,Vellore
order_01137,farmer_0006,consumer_0116,Carrot,49.81,57.9,2884.0,970.28,Delivered,2025-10-03,10,2025,Erode
order_00613,farmer_0022,consumer_0083,Rice,40.41,35.4,1430.51,411.03,Delivered,2025-10-03,10,2025,Chennai
order_00907,farmer_0029,consumer_0060,Sugarcane,5.18,67.7,350.69,125.15,Delivered,2025-10-03,10,2025,Tirunelveli
order_01968,farmer_0019,consumer_0003,Tomato,41.15,13.2,543.18,197.85,Processing,2025-10-04,10,2025,Dindigul
order_01350,farmer_0001,consumer_0125,Groundnut,88.64,1.0,88.64,22.62,Delivered,2025-10-04,10,2025,Vellore
order_02423,farmer_0007,consumer_0073,Chilli,100.21,9.6,962.02,364.5,Delivered,2025-10-04,10,2025,Dindigul
order_02742,farmer_0029,consumer_0187,Lady Finger,43.24,32.6,1409.62,431.58,Delivered,2025-10-04,10,2025,Tirunelveli
order_01231,farmer_0013,consumer_0034,Tomato,44.71,10.5,469.45,103.27,Delivered,2025-10-05,10,2025,Erode
order_01821,farmer_0025,consumer_0148,Brinjal,29.33,68.2,2000.31,416.64,Delivered,2025-10-05,10,2025,Salem
order_02797,farmer_0037,consumer_0045,Brinjal,29.6,26.0,769.6,169.6,Delivered,2025-10-05,10,2025,Madurai
order_01296,farmer_0044,consumer_0159,Lady Finger,42.45,97.9,4155.86,1620.07,Delivered,2025-10-06,10,2025,Coimbatore
order_02967,farmer_0048,consumer_0016,Groundnut,85.33,1.5,128.0,40.93,Delivered,2025-10-06,10,2025,Tirunelveli
order_00990,farmer_0019,consumer_0064,Sugarcane,4.44,6.7,29.75,7.25,Delivered,2025-10-06,10,2025,Chennai
order_01605,farmer_0042,consumer_0192,Lady Finger,39.35,7.7,303.0,73.06,Delivered,2025-10-07,10,2025,Vellore
order_02073,farmer_0012,consumer_0066,Cauliflower,31.48,43.6,1372.53,371.15,Delivered,2025-10-07,10,2025,Erode
order_02597,farmer_0007,consumer_0181,Cabbage,16.12,1.6,25.79,9.63,Delivered,2025-10-07,10,2025,Madurai
order_00566,farmer_0045,consumer_0030,Cabbage,16.13,7.5,120.97,29.73,Delivered,2025-10-07,10,2025,Coimbatore
order_00077,farmer_0022,consumer_0039,Cotton,66.1,21.7,1434.37,359.17,Delivered,2025-10-07,10,2025,Chennai
order_00322,farmer_0027,consumer_0015,Rice,37.34,23.8,888.69,326.45,Delivered,2025-10-09,10,2025,Coimbatore
order_01658,farmer_0038,consumer_0173,Potato,26.18,2.1,54.98,13.21,Delivered,2025-10-09,10,2025,Thanjavur
order_00717,farmer_0021,consumer_0165,Cabbage,17.29,49.8,861.04,268.21,Delivered,2025-10-09,10,2025,Vellore
order_01025,farmer_0040,consumer_0016,Lady Finger,42.85,63.7,2729.55,697.64,On the way,2025-10-10,10,2025,Erode
order_00442,farmer_0027,consumer_0044,Cotton,71.89,19.2,1380.29,280.46,Delivered,2025-10-10,10,2025,Vellore
order_02617,farmer_0040,consumer_0181,Banana,37.16,8.1,301.0,81.36,Delivered,2025-10-10,10,2025,Coimbatore
order_00889,farmer_0026,consumer_0042,Tomato,45.06,2.1,94.63,27.27,Delivered,2025-10-11,10,2025,Chennai
order_02250,farmer_0046,consumer_0026,Cotton,72.16,27.1,1955.54,436.48,Delivered,2025-10-11,10,2025,Dindigul
order_01776,farmer_0035,consumer_0007,Banana,39.63,1.8,71.33,26.09,Processing,2025-10-11,10,2025,Coimbatore
order_00458,farmer_0019,consumer_0188,Sugarcane,4.51,1.0,4.51,1.45,On the way,2025-10-11,10,2025,Dindigul
order_02478,farmer_0035,consumer_0127,Coconut,26.0,49.6,1289.6,323.87,Delivered,2025-10-12,10,2025,Salem
order_02503,farmer_0046,consumer_0174,Chilli,114.78,56.3,6462.11,1581.21,On the way,2025-10-12,10,2025,Vellore
order_02669,farmer_0050,consumer_0096,Cabbage,17.49,89.3,1561.86,395.14,Delivered,2025-10-12,10,2025,Dindigul
order_00568,farmer_0002,consumer_0182,Brinjal,27.6,17.7,488.52,133.53,Delivered,2025-10-13,10,2025,Thanjavur
order_01361,farmer_0006,consumer_0039,Cabbage,18.95,4.9,92.86,20.36,Delivered,2025-10-13,10,2025,Trichy
order_00677,farmer_0003,consumer_0101,Onion,30.98,5.6,173.49,55.74,Delivered,2025-10-13,10,2025,Vellore
order_02013,farmer_0004,consumer_0089,Groundnut,100.55,11.1,1116.11,403.8,Delivered,2025-10-14,10,2025,Thanjavur
order_02262,farmer_0001,consumer_0036,Potato,25.77,19.2,494.78,172.14,Delivered,2025-10-14,10,2025,Vellore
order_01055,farmer_0039,consumer_0136,Banana,40.8,39.8,1623.84,626.56,Delivered,2025-10-14,10,2025,Erode
order_00929,farmer_0009,consumer_0082,Lady Finger,37.01,37.8,1398.98,480.84,On the way,2025-10-15,10,2025,Thanjavur
order_01493,farmer_0046,consumer_0188,Chilli,106.24,10.8,1147.39,270.37,Delivered,2025-10-15,10,2025,Madurai
order_00355,farmer_0011,consumer_0006,Brinjal,27.41,49.6,1359.54,432.62,Processing,2025-10-15,10,2025,Thanjavur
order_00686,farmer_0046,consumer_0083,Cabbage,19.35,53.1,1027.49,300.75,Delivered,2025-10-16,10,2025,Erode
order_00741,farmer_0038,consumer_0049,Banana,44.03,11.2,493.14,98.77,On the way,2025-10-16,10,2025,Trichy
order_01683,farmer_0021,consumer_0058,Tomato,45.3,84.6,3832.38,1330.16,Delivered,2025-10-16,10,2025,Trichy
order_01320,farmer_0042,consumer_0042,Banana,40.15,9.9,397.49,83.36,Delivered,2025-10-17,10,2025,Chennai
order_02142,farmer_0008,consumer_0091,Cotton,66.39,8.8,584.23,175.97,On the way,2025-10-18,10,2025,Dindigul
order_02979,farmer_0018,consumer_0163,Cabbage,19.46,15.7,305.52,64.41,Delivered,2025-10-18,10,2025,Chennai
order_00177,farmer_0044,consumer_0100,Cabbage,19.17,4.0,76.68,18.57,Delivered,2025-10-18,10,2025,Trichy
order_02309,farmer_0011,consumer_0072,Potato,28.25,1.5,42.38,13.25,Delivered,2025-10-18,10,2025,Madurai
order_02304,farmer_0001,consumer_0137,Brinjal,26.59,8.1,215.38,80.11,On the way,2025-10-18,10,2025,Trichy
order_02257,farmer_0043,consumer_0098,Cauliflower,29.4,81.1,2384.34,620.72,Delivered,2025-10-19,10,2025,Coimbatore
order_02727,farmer_0011,consumer_0167,Coconut,29.0,43.7,1267.3,343.65,Delivered,2025-10-19,10,2025,Tirunelveli
order_00969,farmer_0015,consumer_0109,Potato,25.5,53.5,1364.25,535.63,Delivered,2025-10-20,10,2025,Erode
order_00637,farmer_0005,consumer_0154,Cabbage,19.17,46.7,895.24,201.65,Processing,2025-10-20,10,2025,Vellore
order_02319,farmer_0023,consumer_0002,Potato,23.03,7.0,161.21,33.7,Delivered,2025-10-21,10,2025,Madurai
order_01749,farmer_0017,consumer_0194,Cabbage,17.93,17.4,311.98,91.34,Delivered,2025-10-21,10,2025,Erode
order_01243,farmer_0046,consumer_0056,Brinjal,28.96,36.8,1065.73,270.07,Delivered,2025-10-22,10,2025,Salem
order_01862,farmer_0021,consumer_0124,Rice,39.1,39.2,1532.72,574.59,Delivered,2025-10-22,10,2025,Trichy
order_02105,farmer_0025,consumer_0093,Brinjal,28.59,33.1,946.33,217.58,Delivered,2025-10-22,10,2025,Vellore
order_02784,farmer_0006,consumer_0092,Cotton,61.76,8.6,531.14,144.94,Processing,2025-10-23,10,2025,Vellore
order_00215,farmer_0032,consumer_0166,Carrot,54.42,24.4,1327.85,349.04,Delivered,2025-10-23,10,2025,Madurai
order_02557,farmer_0028,consumer_0062,Sugarcane,4.46,26.5,118.19,35.47,Delivered,2025-10-23,10,2025,Dindigul
order_00171,farmer_0012,consumer_0174,Banana,41.53,28.0,1162.84,388.72,Delivered,2025-10-24,10,2025,Trichy
order_01444,farmer_0039,consumer_0149,Banana,44.29,4.5,199.31,73.37,Delivered,2025-10-25,10,2025,Vellore
order_02518,farmer_0043,consumer_0075,Banana,44.33,17.2,762.48,204.98,Delivered,2025-10-25,10,2025,Madurai
order_01306,farmer_0028,consumer_0054,Cotton,64.52,1.0,64.52,17.84,Delivered,2025-10-26,10,2025,Trichy
order_01703,farmer_0034,consumer_0133,Lady Finger,43.74,5.4,236.2,85.33,Delivered,2025-10-26,10,2025,Trichy
order_02108,farmer_0010,consumer_0044,Brinjal,30.28,2.0,60.56,23.57,Processing,2025-10-26,10,2025,Salem
order_01568,farmer_0035,consumer_0030,Lady Finger,40.12,13.2,529.58,142.11,Delivered,2025-10-26,10,2025,Coimbatore
order_01143,farmer_0015,consumer_0085,Chilli,107.14,48.7,5217.72,1909.42,Delivered,2025-10-27,10,2025,Salem
order_01195,farmer_0021,consumer_0185,Potato,27.42,10.1,276.94,64.41,Delivered,2025-10-27,10,2025,Trichy
order_00774,farmer_0018,consumer_0001,Onion,35.24,27.7,976.15,309.03,Delivered,2025-10-28,10,2025,Tirunelveli
order_01204,farmer_0046,consumer_0084,Cauliflower,31.84,2.6,82.78,26.06,Delivered,2025-10-29,10,2025,Trichy
order_00800,farmer_0017,consumer_0041,Cotton,79.31,63.9,5067.91,1667.96,Delivered,2025-10-29,10,2025,Coimbatore
order_00304,farmer_0033,consumer_0050,Onion,33.68,13.7,461.42,109.14,Delivered,2025-10-30,10,2025,Madurai
order_00548,farmer_0005,consumer_0178,Cauliflower,32.39,72.9,2361.23,850.01,Delivered,2025-10-30,10,2025,Trichy
order_01408,farmer_0043,consumer_0102,Groundnut,90.18,13.0,1172.34,408.31,Delivered,2025-10-30,10,2025,Thanjavur
order_02268,farmer_0012,consumer_0115,Chilli,102.42,11.5,1177.83,305.35,On the way,2025-10-30,10,2025,Coimbatore
order_02790,farmer_0024,consumer_0018,Onion,33.63,17.7,595.25,126.75,Delivered,2025-10-30,10,2025,Madurai
order_02994,farmer_0003,consumer_0028,Tomato,51.71,15.9,822.19,171.35,Delivered,2025-10-31,10,2025,Chennai
order_00693,farmer_0034,consumer_0152,Chilli,118.0,7.4,873.2,222.39,Delivered,2025-10-31,10,2025,Dindigul
order_00834,farmer_0025,consumer_0025,Cotton,73.82,98.7,7286.03,2180.95,Delivered,2025-10-31,10,2025,Erode
order_00015,farmer_0031,consumer_0155,Chilli,108.38,9.6,1040.45,224.0,Delivered,2025-11-01,11,2025,Salem
order_00651,farmer_0025,consumer_0085,Sugarcane,4.7,58.4,274.48,58.59,Delivered,2025-11-02,11,2025,Erode
order_01546,farmer_0036,consumer_0018,Brinjal,24.81,9.1,225.77,69.31,On the way,2025-11-02,11,2025,Vellore
order_02776,farmer_0014,consumer_0051,Onion,32.02,36.3,1162.33,458.15,Delivered,2025-11-02,11,2025,Trichy
order_02053,farmer_0040,consumer_0081,Cauliflower,43.67,22.9,1000.04,285.46,Delivered,2025-11-02,11,2025,Vellore
order_01236,farmer_0019,consumer_0017,Tomato,45.04,2.8,126.11,40.65,Delivered,2025-11-03,11,2025,Coimbatore
order_00153,farmer_0032,consumer_0168,Potato,32.74,32.2,1054.23,291.81,Delivered,2025-11-04,11,2025,Tirunelveli
order_01879,farmer_0049,consumer_0085,Lady Finger,39.41,17.2,677.85,193.99,On the way,2025-11-04,11,2025,Dindigul
order_00571,farmer_0009,consumer_0031,Groundnut,88.13,35.0,3084.55,1184.02,Delivered,2025-11-04,11,2025,Chennai
order_00614,farmer_0039,consumer_0053,Brinjal,28.28,1.0,28.28,9.14,Delivered,2025-11-05,11,2025,Vellore
order_00220,farmer_0035,consumer_0190,Chilli,112.96,23.3,2631.97,561.77,Delivered,2025-11-05,11,2025,Thanjavur
order_02847,farmer_0019,consumer_0120,Tomato,47.81,4.1,196.02,58.09,Delivered,2025-11-06,11,2025,Erode
order_01486,farmer_0012,consumer_0119,Coconut,30.37,9.1,276.37,95.68,On the way,2025-11-06,11,2025,Dindigul
order_00360,farmer_0035,consumer_0175,Carrot,63.69,26.6,1694.15,659.45,On the way,2025-11-06,11,2025,Dindigul
order_00388,farmer_0024,consumer_0175,Sugarcane,4.85,33.4,161.99,49.37,On the way,2025-11-07,11,2025,Chennai
order_00275,farmer_0001,consumer_0098,Banana,42.36,35.6,1508.02,335.38,Delivered,2025-11-07,11,2025,Tirunelveli
order_01600,farmer_0021,consumer_0194,Carrot,61.91,27.5,1702.52,495.21,Delivered,2025-11-08,11,2025,Vellore
order_01503,farmer_0033,consumer_0078,Onion,29.26,15.2,444.75,106.17,Delivered,2025-11-08,11,2025,Coimbatore
order_00451,farmer_0009,consumer_0196,Cabbage,18.99,29.6,562.1,213.13,Processing,2025-11-08,11,2025,Coimbatore
order_02371,farmer_0035,consumer_0155,Cotton,70.25,29.7,2086.42,486.71,Delivered,2025-11-09,11,2025,Tirunelveli
order_02089,farmer_0021,consumer_0128,Banana,40.59,15.0,608.85,240.34,Processing,2025-11-09,11,2025,Salem
order_00756,farmer_0018,consumer_0185,Lady Finger,45.03,4.8,216.14,70.98,On the way,2025-11-09,11,2025,Vellore
order_01649,farmer_0003,consumer_0130,Banana,39.05,33.9,1323.79,380.47,Delivered,2025-11-10,11,2025,Madurai
order_02115,farmer_0041,consumer_0100,Chilli,119.43,27.7,3308.21,1315.06,Delivered,2025-11-10,11,2025,Madurai
order_01695,farmer_0020,consumer_0038,Cotton,76.58,1.0,76.58,19.96,Delivered,2025-11-11,11,2025,Madurai
order_02287,farmer_0042,consumer_0068,Cotton,74.89,23.1,1729.96,609.27,Processing,2025-11-11,11,2025,Trichy
order_02548,farmer_0032,consumer_0110,Sugarcane,4.31,7.1,30.6,9.75,Delivered,2025-11-11,11,2025,Erode
order_00514,farmer_0049,consumer_0156,Chilli,108.58,35.7,3876.31,1076.39,Delivered,2025-11-12,11,2025,Trichy
order_00099,farmer_0031,consumer_0084,Potato,34.53,21.7,749.3,270.83,Delivered,2025-11-13,11,2025,Trichy
order_00203,farmer_0008,consumer_0027,Sugarcane,4.98,11.9,59.26,19.31,Delivered,2025-11-13,11,2025,Madurai
order_02125,farmer_0043,consumer_0078,Cauliflower,42.03,3.6,151.31,50.32,Delivered,2025-11-13,11,2025,Dindigul
order_01005,farmer_0013,consumer_0002,Coconut,25.67,9.9,254.13,60.63,Delivered,2025-11-13,11,2025,Dindigul
order_01721,farmer_0010,consumer_0034,Lady Finger,39.49,75.5,2981.5,662.53,Delivered,2025-11-14,11,2025,Salem
order_01550,farmer_0007,consumer_0092,Brinjal,27.89,5.9,164.55,34.56,Delivered,2025-11-14,11,2025,Tirunelveli
order_02273,farmer_0001,consumer_0001,Tomato,46.83,1.0,46.83,13.53,Delivered,2025-11-14,11,2025,Tirunelveli
order_00715,farmer_0011,consumer_0049,Cotton,65.16,3.1,202.0,71.74,Delivered,2025-11-15,11,2025,Dindigul
order_02306,farmer_0006,consumer_0117,Banana,39.8,73.5,2925.3,587.85,Processing,2025-11-15,11,2025,Madurai
order_01066,farmer_0050,consumer_0150,Chilli,95.4,31.3,2986.02,952.82,Delivered,2025-11-16,11,2025,Erode
order_02062,farmer_0009,consumer_0053,Onion,31.92,18.4,587.33,208.43,Delivered,2025-11-17,11,2025,Erode
order_01434,farmer_0045,consumer_0142,Brinjal,28.13,9.0,253.17,52.76,Delivered,2025-11-17,11,2025,Tirunelveli
order_00904,farmer_0001,consumer_0042,Coconut,28.68,4.4,126.19,29.54,On the way,2025-11-17,11,2025,Coimbatore
order_00898,farmer_0030,consumer_0127,Cabbage,17.38,55.2,959.38,379.83,Delivered,2025-11-17,11,2025,Thanjavur
order_02153,farmer_0036,consumer_0019,Onion,33.9,32.8,1111.92,370.14,Delivered,2025-11-17,11,2025,Trichy
order_02532,farmer_0029,consumer_0165,Potato,30.07,48.7,1464.41,492.76,Delivered,2025-11-18,11,2025,Trichy
order_00169,farmer_0045,consumer_0013,Carrot,66.43,18.6,1235.6,380.36,Delivered,2025-11-18,11,2025,Vellore
order_02182,farmer_0024,consumer_0129,Onion,35.45,24.9,882.71,210.85,Delivered,2025-11-18,11,2025,Chennai
order_02481,farmer_0018,consumer_0130,Chilli,109.01,23.9,2605.34,624.57,Delivered,2025-11-18,11,2025,Salem
order_00299,farmer_0012,consumer_0066,Coconut,25.87,13.3,344.07,132.39,Delivered,2025-11-19,11,2025,Vellore
order_00231,farmer_0017,consumer_0137,Brinjal,26.92,28.4,764.53,196.29,Delivered,2025-11-19,11,2025,Salem
order_01159,farmer_0036,consumer_0055,Lady Finger,41.38,69.0,2855.22,1098.78,Delivered,2025-11-20,11,2025,Madurai
order_02455,farmer_0037,consumer_0180,Brinjal,27.36,1.0,27.36,10.02,Delivered,2025-11-20,11,2025,Salem
order_00290,farmer_0015,consumer_0169,Rice,32.39,18.1,586.26,132.47,Delivered,2025-11-20,11,2025,Coimbatore
order_01208,farmer_0013,consumer_0080,Cotton,68.34,3.5,239.19,92.12,Delivered,2025-11-20,11,2025,Thanjavur
order_01507,farmer_0021,consumer_0044,Coconut,26.66,32.7,871.78,314.92,Delivered,2025-11-20,11,2025,Coimbatore
order_01108,farmer_0039,consumer_0015,Onion,34.16,18.5,631.96,199.61,Delivered,2025-11-20,11,2025,Tirunelveli
order_01935,farmer_0040,consumer_0048,Lady Finger,44.91,9.4,422.15,123.6,Delivered,2025-11-20,11,2025,Vellore
order_00158,farmer_0030,consumer_0112,Rice,34.41,2.3,79.14,28.69,Delivered,2025-11-20,11,2025,Chennai
order_02397,farmer_0030,consumer_0046,Potato,33.05,11.1,366.85,98.39,On the way,2025-11-21,11,2025,Erode
order_02592,farmer_0022,consumer_0178,Chilli,97.47,1.0,97.47,34.63,Delivered,2025-11-22,11,2025,Tirunelveli
order_01037,farmer_0007,consumer_0187,Groundnut,90.15,2.6,234.39,48.88,Processing,2025-11-23,11,2025,Vellore
order_01125,farmer_0032,consumer_0144,Brinjal,28.83,11.1,320.01,126.85,Delivered,2025-11-23,11,2025,Madurai
order_01755,farmer_0029,consumer_0107,Lady Finger,41.83,29.1,1217.25,446.46,Delivered,2025-11-23,11,2025,Tirunelveli
order_02580,farmer_0035,consumer_0170,Chilli,105.29,8.2,863.38,300.07,Delivered,2025-11-24,11,2025,Coimbatore
order_02983,farmer_0016,consumer_0188,Brinjal,27.9,9.4,262.26,56.41,Processing,2025-11-24,11,2025,Vellore
order_01559,farmer_0043,consumer_0158,Cotton,71.95,16.3,1172.79,304.35,Delivered,2025-11-24,11,2025,Erode
order_00214,farmer_0011,consumer_0089,Sugarcane,4.93,12.3,60.64,17.05,Delivered,2025-11-24,11,2025,Madurai
order_00425,farmer_0002,consumer_0178,Cauliflower,37.33,21.8,813.79,233.03,Delivered,2025-11-25,11,2025,Salem
order_02647,farmer_0018,consumer_0083,Carrot,61.29,2.3,140.97,37.43,Delivered,2025-11-25,11,2025,Chennai
order_01926,farmer_0026,consumer_0106,Rice,30.91,12.5,386.38,105.82,Delivered,2025-11-26,11,2025,Madurai
order_00410,farmer_0011,consumer_0186,Groundnut,90.47,22.0,1990.34,610.75,Delivered,2025-11-26,11,2025,Vellore
order_00790,farmer_0009,consumer_0062,Tomato,44.97,1.2,53.96,12.73,Delivered,2025-11-26,11,2025,Chennai
order_02946,farmer_0011,consumer_0158,Rice,34.85,8.4,292.74,109.28,Delivered,2025-11-27,11,2025,Dindigul
order_01946,farmer_0015,consumer_0008,Tomato,40.7,19.8,805.86,190.61,Delivered,2025-11-28,11,2025,Dindigul
order_01395,farmer_0046,consumer_0106,Banana,41.5,46.5,1929.75,520.16,Delivered,2025-11-28,11,2025,Vellore
order_00279,farmer_0049,consumer_0010,Potato,34.23,33.5,1146.7,265.06,Delivered,2025-11-28,11,2025,Chennai
order_00995,farmer_0044,consumer_0193,Potato,34.31,27.6,946.96,235.42,On the way,2025-11-28,11,2025,Coimbatore
order_02914,farmer_0045,consumer_0020,Potato,31.75,42.0,1333.5,399.27,Delivered,2025-11-29,11,2025,Trichy
order_00906,farmer_0037,consumer_0140,Banana,42.46,70.3,2984.94,1152.54,Delivered,2025-11-29,11,2025,Vellore
order_00301,farmer_0028,consumer_0165,Cotton,64.92,1.7,110.36,27.87,Delivered,2025-11-29,11,2025,Chennai
order_02892,farmer_0036,consumer_0122,Rice,32.64,9.1,297.02,67.26,Delivered,2025-11-29,11,2025,Chennai
order_02793,farmer_0034,consumer_0200,Potato,33.4,1.0,33.4,11.75,Delivered,2025-11-30,11,2025,Vellore
order_02099,farmer_0018,consumer_0028,Cotton,73.23,1.0,73.23,27.44,Delivered,2025-11-30,11,2025,Dindigul
order_00380,farmer_0034,consumer_0145,Onion,31.1,39.0,1212.9,264.64,Delivered,2025-11-30,11,2025,Dindigul
order_00293,farmer_0018,consumer_0195,Coconut,30.5,21.3,649.65,197.09,Delivered,2025-11-30,11,2025,Madurai
order_00968,farmer_0038,consumer_0159,Banana,42.16,13.7,577.59,176.14,Delivered,2025-11-30,11,2025,Erode
order_02367,farmer_0005,consumer_0036,Cabbage,22.3,26.3,586.49,167.31,Processing,2025-12-01,12,2025,Madurai
order_01178,farmer_0031,consumer_0136,Lady Finger,41.23,6.3,259.75,98.59,Delivered,2025-12-01,12,2025,Erode
order_02906,farmer_0024,consumer_0090,Carrot,63.59,17.0,1081.03,385.56,Delivered,2025-12-01,12,2025,Trichy
order_02535,farmer_0040,consumer_0009,Sugarcane,4.61,16.1,74.22,18.47,Delivered,2025-12-02,12,2025,Salem
order_02577,farmer_0031,consumer_0073,Lady Finger,43.04,32.6,1403.1,464.75,Delivered,2025-12-02,12,2025,Dindigul
order_01258,farmer_0030,consumer_0007,Chilli,110.78,1.7,188.33,44.69,Delivered,2025-12-02,12,2025,Dindigul
order_01545,farmer_0028,consumer_0010,Cabbage,23.57,21.9,516.18,198.05,Delivered,2025-12-03,12,2025,Thanjavur
order_02389,farmer_0027,consumer_0017,Carrot,58.41,2.9,169.39,40.72,On the way,2025-12-03,12,2025,Erode
order_00648,farmer_0022,consumer_0157,Rice,32.15,35.6,1144.54,313.89,Delivered,2025-12-03,12,2025,Erode
order_00887,farmer_0029,consumer_0165,Cabbage,21.53,26.9,579.16,138.52,Delivered,2025-12-04,12,2025,Tirunelveli
order_00209,farmer_0024,consumer_0145,Potato,29.83,18.4,548.87,141.44,On the way,2025-12-04,12,2025,Vellore
order_00310,farmer_0030,consumer_0083,Cauliflower,38.97,29.8,1161.31,458.02,Delivered,2025-12-04,12,2025,Madurai
order_01392,farmer_0007,consumer_0064,Coconut,29.37,114.1,3351.12,1060.72,Delivered,2025-12-05,12,2025,Madurai
order_01182,farmer_0012,consumer_0098,Brinjal,25.62,14.2,363.8,114.77,Delivered,2025-12-05,12,2025,Chennai
order_00330,farmer_0041,consumer_0191,Carrot,62.4,25.7,1603.68,332.69,Delivered,2025-12-06,12,2025,Tirunelveli
order_00321,farmer_0039,consumer_0154,Rice,30.49,23.8,725.66,160.09,Delivered,2025-12-06,12,2025,Vellore
order_01733,farmer_0011,consumer_0073,Tomato,48.67,16.5,803.06,283.78,Delivered,2025-12-06,12,2025,Salem
order_02072,farmer_0049,consumer_0195,Brinjal,26.1,47.4,1237.14,481.75,Delivered,2025-12-06,12,2025,Vellore
order_02634,farmer_0039,consumer_0070,Potato,32.53,1.0,32.53,11.76,Delivered,2025-12-07,12,2025,Erode
order_00086,farmer_0046,consumer_0096,Banana,40.59,29.1,1181.17,398.06,Delivered,2025-12-07,12,2025,Thanjavur
order_01937,farmer_0039,consumer_0064,Tomato,43.64,34.0,1483.76,577.93,Delivered,2025-12-07,12,2025,Coimbatore
order_00088,farmer_0021,consumer_0107,Potato,34.42,46.8,1610.86,552.55,Delivered,2025-12-09,12,2025,Madurai
order_00931,farmer_0044,consumer_0161,Coconut,24.59,2.5,61.48,12.3,Delivered,2025-12-09,12,2025,Salem
order_00083,farmer_0036,consumer_0108,Potato,32.37,83.0,2686.71,799.13,Delivered,2025-12-10,12,2025,Tirunelveli
order_00012,farmer_0013,consumer_0148,Brinjal,29.19,64.9,1894.43,576.03,Delivered,2025-12-10,12,2025,Trichy
order_02018,farmer_0028,consumer_0191,Cotton,51.64,30.9,1595.68,522.5,Delivered,2025-12-10,12,2025,Trichy
order_01273,farmer_0024,consumer_0148,Cauliflower,37.39,11.7,437.46,152.92,Processing,2025-12-10,12,2025,Dindigul
order_00216,farmer_0025,consumer_0004,Cabbage,22.61,8.1,183.14,54.28,Delivered,2025-12-11,12,2025,Coimbatore
order_00727,farmer_0024,consumer_0030,Cauliflower,41.9,61.7,2585.23,828.78,Delivered,2025-12-11,12,2025,Coimbatore
order_02610,farmer_0015,consumer_0016,Sugarcane,4.19,29.8,124.86,46.94,Delivered,2025-12-11,12,2025,Tirunelveli
order_01389,farmer_0045,consumer_0144,Tomato,45.35,15.2,689.32,242.51,Delivered,2025-12-12,12,2025,Madurai
order_02436,farmer_0005,consumer_0142,Tomato,45.35,1.3,58.96,21.47,Delivered,2025-12-13,12,2025,Erode
order_02438,farmer_0022,consumer_0179,Potato,34.11,31.5,1074.46,353.22,Delivered,2025-12-14,12,2025,Trichy
order_02630,farmer_0017,consumer_0188,Sugarcane,4.49,17.6,79.02,21.83,Delivered,2025-12-14,12,2025,Chennai
order_02778,farmer_0032,consumer_0027,Chilli,112.4,8.6,966.64,270.49,Delivered,2025-12-15,12,2025,Vellore
order_02919,farmer_0006,consumer_0039,Potato,34.0,6.3,214.2,63.73,Delivered,2025-12-15,12,2025,Chennai
order_01088,farmer_0028,consumer_0006,Potato,30.74,27.2,836.13,241.67,Delivered,2025-12-15,12,2025,Dindigul
order_01767,farmer_0031,consumer_0054,Rice,30.42,23.3,708.79,178.57,Delivered,2025-12-15,12,2025,Tirunelveli
order_02386,farmer_0014,consumer_0124,Groundnut,66.79,6.7,447.49,151.6,Delivered,2025-12-15,12,2025,Coimbatore
order_00994,farmer_0014,consumer_0126,Brinjal,26.9,2.4,64.56,24.67,Delivered,2025-12-15,12,2025,Vellore
order_02704,farmer_0011,consumer_0178,Carrot,65.61,26.0,1705.86,605.86,Delivered,2025-12-15,12,2025,Coimbatore
order_02590,farmer_0049,consumer_0012,Carrot,58.47,19.4,1134.32,301.6,Delivered,2025-12-15,12,2025,Trichy
order_02957,farmer_0020,consumer_0042,Carrot,62.54,22.3,1394.64,553.69,Delivered,2025-12-16,12,2025,Madurai
order_00739,farmer_0038,consumer_0106,Cabbage,22.73,10.5,238.66,61.7,On the way,2025-12-16,12,2025,Dindigul
order_00262,farmer_0028,consumer_0006,Brinjal,27.07,23.2,628.02,223.71,Delivered,2025-12-16,12,2025,Tirunelveli
order_00879,farmer_0049,consumer_0031,Cotton,52.67,18.4,969.13,254.63,Delivered,2025-12-18,12,2025,Trichy
order_00818,farmer_0050,consumer_0065,Chilli,108.57,21.8,2366.83,677.33,On the way,2025-12-18,12,2025,Coimbatore
order_00812,farmer_0034,consumer_0190,Cabbage,21.08,31.5,664.02,149.31,Delivered,2025-12-18,12,2025,Chennai
order_02755,farmer_0022,consumer_0098,Groundnut,73.24,15.1,1105.92,386.68,Delivered,2025-12-18,12,2025,Madurai
order_01928,farmer_0009,consumer_0096,Cotton,55.22,5.0,276.1,77.74,Delivered,2025-12-19,12,2025,Dindigul
order_02819,farmer_0026,consumer_0181,Potato,36.23,97.2,3521.56,924.48,Delivered,2025-12-19,12,2025,Madurai
order_01759,farmer_0031,consumer_0156,Rice,31.46,4.7,147.86,42.32,Delivered,2025-12-19,12,2025,Chennai
order_01647,farmer_0013,consumer_0101,Sugarcane,4.65,2.8,13.02,5.03,Delivered,2025-12-19,12,2025,Dindigul
order_01321,farmer_0048,consumer_0038,Sugarcane,4.41,1.9,8.38,2.36,Delivered,2025-12-19,12,2025,Salem
order_00022,farmer_0023,consumer_0033,Lady Finger,39.33,6.1,239.91,92.06,Delivered,2025-12-20,12,2025,Tirunelveli
order_02770,farmer_0047,consumer_0003,Brinjal,28.77,20.8,598.42,191.36,On the way,2025-12-20,12,2025,Chennai
order_00760,farmer_0034,consumer_0001,Cotton,63.84,10.1,644.78,247.83,Delivered,2025-12-21,12,2025,Madurai
order_01213,farmer_0035,consumer_0112,Groundnut,70.59,21.3,1503.57,318.9,Delivered,2025-12-21,12,2025,Chennai
order_00421,farmer_0013,consumer_0146,Sugarcane,5.09,13.2,67.19,16.21,On the way,2025-12-21,12,2025,Salem
order_00824,farmer_0050,consumer_0058,Cabbage,24.07,5.6,134.79,40.58,Delivered,2025-12-22,12,2025,Coimbatore
order_00429,farmer_0044,consumer_0025,Cauliflower,39.89,37.4,1491.89,517.78,Delivered,2025-12-22,12,2025,Coimbatore
order_02783,farmer_0029,consumer_0190,Sugarcane,5.07,10.2,51.71,18.83,Delivered,2025-12-22,12,2025,Madurai
order_02093,farmer_0022,consumer_0134,Chilli,104.09,30.2,3143.52,1006.22,Delivered,2025-12-22,12,2025,Trichy
order_02060,farmer_0032,consumer_0077,Cabbage,21.06,49.3,1038.26,353.67,Delivered,2025-12-23,12,2025,Madurai
order_00252,farmer_0009,consumer_0198,Lady Finger,41.76,51.3,2142.29,778.64,Delivered,2025-12-23,12,2025,Coimbatore
order_00725,farmer_0048,consumer_0077,Onion,41.86,2.0,83.72,22.84,Delivered,2025-12-23,12,2025,Tirunelveli
order_01300,farmer_0013,consumer_0009,Chilli,113.63,16.0,1818.08,449.37,On the way,2025-12-24,12,2025,Salem
order_02905,farmer_0016,consumer_0028,Banana,41.07,1.0,41.07,12.15,Delivered,2025-12-24,12,2025,Coimbatore
order_00928,farmer_0040,consumer_0148,Brinjal,28.4,14.4,408.96,122.07,Delivered,2025-12-25,12,2025,Tirunelveli
order_01363,farmer_0003,consumer_0145,Brinjal,28.17,7.6,214.09,67.08,Delivered,2025-12-25,12,2025,Thanjavur
order_00381,farmer_0042,consumer_0052,Sugarcane,3.93,20.3,79.78,24.28,Delivered,2025-12-25,12,2025,Trichy
order_00977,farmer_0034,consumer_0181,Tomato,45.51,31.5,1433.56,334.04,Delivered,2025-12-26,12,2025,Coimbatore
order_00187,farmer_0032,consumer_0194,Lady Finger,37.89,64.2,2432.54,677.3,Delivered,2025-12-26,12,2025,Erode
order_02709,farmer_0036,consumer_0184,Banana,42.62,3.8,161.96,57.08,Delivered,2025-12-26,12,2025,Chennai
order_00434,farmer_0036,consumer_0142,Onion,45.17,28.5,1287.35,491.83,Delivered,2025-12-26,12,2025,Erode
order_01813,farmer_0009,consumer_0070,Potato,32.86,20.3,667.06,253.8,Delivered,2025-12-27,12,2025,Chennai
order_02057,farmer_0007,consumer_0085,Sugarcane,4.65,8.6,39.99,14.44,Processing,2025-12-28,12,2025,Dindigul
order_02001,farmer_0030,consumer_0090,Carrot,62.86,11.1,697.75,199.61,On the way,2025-12-28,12,2025,Erode
order_02442,farmer_0006,consumer_0036,Potato,33.32,12.4,413.17,158.34,Processing,2025-12-29,12,2025,Madurai
order_02354,farmer_0010,consumer_0173,Groundnut,72.78,63.8,4643.36,1791.23,Delivered,2025-12-29,12,2025,Chennai
order_01316,farmer_0032,consumer_0136,Tomato,46.29,16.8,777.67,255.95,Delivered,2025-12-29,12,2025,Vellore
order_01431,farmer_0033,consumer_0186,Groundnut,69.12,20.1,1389.31,356.15,Delivered,2025-12-29,12,2025,Madurai
order_00201,farmer_0047,consumer_0016,Coconut,23.88,14.4,343.87,117.93,Delivered,2025-12-29,12,2025,Trichy
order_01506,farmer_0001,consumer_0155,Banana,44.23,22.3,986.33,202.78,Delivered,2025-12-29,12,2025,Madurai
order_00146,farmer_0048,consumer_0151,Groundnut,70.97,2.8,198.72,42.59,Delivered,2025-12-29,12,2025,Chennai
order_01176,farmer_0026,consumer_0041,Groundnut,76.18,1.0,76.18,26.29,Delivered,2025-12-30,12,2025,Tirunelveli
order_01992,farmer_0032,consumer_0143,Onion,40.12,9.0,361.08,93.97,On the way,2025-12-30,12,2025,Erode
order_01510,farmer_0007,consumer_0198,Banana,41.79,21.6,902.66,331.02,Delivered,2025-12-30,12,2025,Salem
order_02079,farmer_0050,consumer_0060,Groundnut,73.08,33.7,2462.8,984.19,Processing,2025-12-30,12,2025,Vellore
order_00710,farmer_0043,consumer_0158,Lady Finger,41.25,19.6,808.5,236.94,On the way,2025-12-30,12,2025,Trichy
order_00918,farmer_0028,consumer_0160,Tomato,46.31,14.2,657.6,233.13,Delivered,2025-12-30,12,2025,Dindigul
order_02308,farmer_0038,consumer_0008,Chilli,113.67,14.4,1636.85,438.03,Delivered,2025-12-30,12,2025,Tirunelveli
order_02185,farmer_0001,consumer_0125,Brinjal,28.9,2.4,69.36,19.59,Delivered,2025-12-31,12,2025,Thanjavur
order_02083,farmer_0050,consumer_0072,Lady Finger,35.28,54.7,1929.82,472.16,Delivered,2025-12-31,12,2025,Coimbatore
order_02030,farmer_0003,consumer_0035,Rice,34.5,9.8,338.1,126.28,Delivered,2025-12-31,12,2025,Salem
